image_idx,layer,method,class,metric,score
0,layer3,grad_cam,No finding,entropy,14.804228782653809
0,layer3,grad_cam,No finding,top_1pct,0.04476145654916763
0,layer3,grad_cam_plus_plus,No finding,entropy,15.585853576660156
0,layer3,grad_cam_plus_plus,No finding,top_1pct,0.017068948596715927
0,layer3,xgrad_cam,No finding,entropy,14.963949203491211
0,layer3,xgrad_cam,No finding,top_1pct,0.05464963614940643
0,layer4,grad_cam,No finding,entropy,14.464943885803223
0,layer4,grad_cam,No finding,top_1pct,0.05195353180170059
0,layer4,grad_cam_plus_plus,No finding,entropy,14.889127731323242
0,layer4,grad_cam_plus_plus,No finding,top_1pct,0.042092591524124146
0,layer4,xgrad_cam,No finding,entropy,14.464942932128906
0,layer4,xgrad_cam,No finding,top_1pct,0.05195353180170059
1,layer3,grad_cam,No finding,entropy,14.788801193237305
1,layer3,grad_cam,No finding,top_1pct,0.051984045654535294
1,layer3,grad_cam_plus_plus,No finding,entropy,15.584383010864258
1,layer3,grad_cam_plus_plus,No finding,top_1pct,0.01899387687444687
1,layer3,xgrad_cam,No finding,entropy,15.103832244873047
1,layer3,xgrad_cam,No finding,top_1pct,0.04316597059369087
1,layer4,grad_cam,No finding,entropy,14.923721313476562
1,layer4,grad_cam,No finding,top_1pct,0.036691512912511826
1,layer4,grad_cam_plus_plus,No finding,entropy,15.098783493041992
1,layer4,grad_cam_plus_plus,No finding,top_1pct,0.03281311318278313
1,layer4,xgrad_cam,No finding,entropy,14.923723220825195
1,layer4,xgrad_cam,No finding,top_1pct,0.036691516637802124
2,layer3,grad_cam,Aortic enlargement,pointing_game,0.0
2,layer3,grad_cam,Aortic enlargement,energy_box,0.05472388491034508
2,layer3,grad_cam,Aortic enlargement,iou,0.03853755071759224
2,layer3,grad_cam,Aortic enlargement,distance,2.0366163247639424
2,layer3,grad_cam_plus_plus,Aortic enlargement,pointing_game,0.0
2,layer3,grad_cam_plus_plus,Aortic enlargement,energy_box,0.016696695238351822
2,layer3,grad_cam_plus_plus,Aortic enlargement,iou,0.013285024091601372
2,layer3,grad_cam_plus_plus,Aortic enlargement,distance,1.836209227100366
2,layer3,xgrad_cam,Aortic enlargement,pointing_game,0.0
2,layer3,xgrad_cam,Aortic enlargement,energy_box,0.05908741056919098
2,layer3,xgrad_cam,Aortic enlargement,iou,0.035849057137966156
2,layer3,xgrad_cam,Aortic enlargement,distance,3.121134657688206
2,layer4,grad_cam,Aortic enlargement,pointing_game,0.0
2,layer4,grad_cam,Aortic enlargement,energy_box,0.018608640879392624
2,layer4,grad_cam,Aortic enlargement,iou,0.0
2,layer4,grad_cam,Aortic enlargement,distance,2.3491201980322938
2,layer4,grad_cam_plus_plus,Aortic enlargement,pointing_game,0.0
2,layer4,grad_cam_plus_plus,Aortic enlargement,energy_box,0.016813015565276146
2,layer4,grad_cam_plus_plus,Aortic enlargement,iou,0.007267334032803774
2,layer4,grad_cam_plus_plus,Aortic enlargement,distance,2.1895805503490897
2,layer4,xgrad_cam,Aortic enlargement,pointing_game,0.0
2,layer4,xgrad_cam,Aortic enlargement,energy_box,0.018608637154102325
2,layer4,xgrad_cam,Aortic enlargement,iou,0.0
2,layer4,xgrad_cam,Aortic enlargement,distance,2.3491201980322938
2,layer3,grad_cam,Infiltration,pointing_game,0.0
2,layer3,grad_cam,Infiltration,energy_box,0.001411169650964439
2,layer3,grad_cam,Infiltration,iou,0.0
2,layer3,grad_cam,Infiltration,distance,0.7098252370998023
2,layer3,grad_cam_plus_plus,Infiltration,pointing_game,0.0
2,layer3,grad_cam_plus_plus,Infiltration,energy_box,0.007897250354290009
2,layer3,grad_cam_plus_plus,Infiltration,iou,0.0
2,layer3,grad_cam_plus_plus,Infiltration,distance,0.8385133212727217
2,layer3,xgrad_cam,Infiltration,pointing_game,0.0
2,layer3,xgrad_cam,Infiltration,energy_box,0.0018167743692174554
2,layer3,xgrad_cam,Infiltration,iou,0.0
2,layer3,xgrad_cam,Infiltration,distance,1.2019492122470785
2,layer4,grad_cam,Infiltration,pointing_game,0.0
2,layer4,grad_cam,Infiltration,energy_box,0.04989590495824814
2,layer4,grad_cam,Infiltration,iou,0.08101193606853485
2,layer4,grad_cam,Infiltration,distance,0.9162352869298462
2,layer4,grad_cam_plus_plus,Infiltration,pointing_game,0.0
2,layer4,grad_cam_plus_plus,Infiltration,energy_box,0.017752351239323616
2,layer4,grad_cam_plus_plus,Infiltration,iou,0.030353471636772156
2,layer4,grad_cam_plus_plus,Infiltration,distance,2.445508318193805
2,layer4,xgrad_cam,Infiltration,pointing_game,0.0
2,layer4,xgrad_cam,Infiltration,energy_box,0.049895916134119034
2,layer4,xgrad_cam,Infiltration,iou,0.08101193606853485
2,layer4,xgrad_cam,Infiltration,distance,0.9162352869298462
2,layer3,grad_cam,Pleural thickening,pointing_game,0.0
2,layer3,grad_cam,Pleural thickening,energy_box,0.0007738908170722425
2,layer3,grad_cam,Pleural thickening,iou,0.0
2,layer3,grad_cam,Pleural thickening,distance,3.2849253017319815
2,layer3,grad_cam_plus_plus,Pleural thickening,pointing_game,0.0
2,layer3,grad_cam_plus_plus,Pleural thickening,energy_box,0.00790269672870636
2,layer3,grad_cam_plus_plus,Pleural thickening,iou,0.01728227734565735
2,layer3,grad_cam_plus_plus,Pleural thickening,distance,0.532091141010748
2,layer3,xgrad_cam,Pleural thickening,pointing_game,0.0
2,layer3,xgrad_cam,Pleural thickening,energy_box,0.002018699189648032
2,layer3,xgrad_cam,Pleural thickening,iou,0.0
2,layer3,xgrad_cam,Pleural thickening,distance,3.3638861776505324
2,layer4,grad_cam,Pleural thickening,pointing_game,0.0
2,layer4,grad_cam,Pleural thickening,energy_box,0.0023248682264238596
2,layer4,grad_cam,Pleural thickening,iou,0.0
2,layer4,grad_cam,Pleural thickening,distance,2.9588164545642246
2,layer4,grad_cam_plus_plus,Pleural thickening,pointing_game,0.0
2,layer4,grad_cam_plus_plus,Pleural thickening,energy_box,0.007509290706366301
2,layer4,grad_cam_plus_plus,Pleural thickening,iou,0.0
2,layer4,grad_cam_plus_plus,Pleural thickening,distance,4.047361090937526
2,layer4,xgrad_cam,Pleural thickening,pointing_game,0.0
2,layer4,xgrad_cam,Pleural thickening,energy_box,0.002324866596609354
2,layer4,xgrad_cam,Pleural thickening,iou,0.0
2,layer4,xgrad_cam,Pleural thickening,distance,2.9588164545642246
2,layer3,grad_cam,Pulmonary fibrosis,pointing_game,0.0
2,layer3,grad_cam,Pulmonary fibrosis,energy_box,0.041278332471847534
2,layer3,grad_cam,Pulmonary fibrosis,iou,0.03786424547433853
2,layer3,grad_cam,Pulmonary fibrosis,distance,1.2246600067094056
2,layer3,grad_cam_plus_plus,Pulmonary fibrosis,pointing_game,0.0
2,layer3,grad_cam_plus_plus,Pulmonary fibrosis,energy_box,0.03640999644994736
2,layer3,grad_cam_plus_plus,Pulmonary fibrosis,iou,0.00024094934633467346
2,layer3,grad_cam_plus_plus,Pulmonary fibrosis,distance,0.5906925535992172
2,layer3,xgrad_cam,Pulmonary fibrosis,pointing_game,0.0
2,layer3,xgrad_cam,Pulmonary fibrosis,energy_box,0.042481474578380585
2,layer3,xgrad_cam,Pulmonary fibrosis,iou,0.02372092939913273
2,layer3,xgrad_cam,Pulmonary fibrosis,distance,0.9878207683446169
2,layer4,grad_cam,Pulmonary fibrosis,pointing_game,0.0
2,layer4,grad_cam,Pulmonary fibrosis,energy_box,0.07183834910392761
2,layer4,grad_cam,Pulmonary fibrosis,iou,0.013300664722919464
2,layer4,grad_cam,Pulmonary fibrosis,distance,0.7332872673094784
2,layer4,grad_cam_plus_plus,Pulmonary fibrosis,pointing_game,0.0
2,layer4,grad_cam_plus_plus,Pulmonary fibrosis,energy_box,0.06016000732779503
2,layer4,grad_cam_plus_plus,Pulmonary fibrosis,iou,0.09572546929121017
2,layer4,grad_cam_plus_plus,Pulmonary fibrosis,distance,0.7332872673094784
2,layer4,xgrad_cam,Pulmonary fibrosis,pointing_game,0.0
2,layer4,xgrad_cam,Pulmonary fibrosis,energy_box,0.07183834165334702
2,layer4,xgrad_cam,Pulmonary fibrosis,iou,0.013300664722919464
2,layer4,xgrad_cam,Pulmonary fibrosis,distance,0.7332872673094784
3,layer3,grad_cam,No finding,entropy,14.938957214355469
3,layer3,grad_cam,No finding,top_1pct,0.04392043128609657
3,layer3,grad_cam_plus_plus,No finding,entropy,15.585579872131348
3,layer3,grad_cam_plus_plus,No finding,top_1pct,0.016392989084124565
3,layer3,xgrad_cam,No finding,entropy,14.817041397094727
3,layer3,xgrad_cam,No finding,top_1pct,0.054514080286026
3,layer4,grad_cam,No finding,entropy,14.403051376342773
3,layer4,grad_cam,No finding,top_1pct,0.04826771095395088
3,layer4,grad_cam_plus_plus,No finding,entropy,14.968526840209961
3,layer4,grad_cam_plus_plus,No finding,top_1pct,0.03821223974227905
3,layer4,xgrad_cam,No finding,entropy,14.403051376342773
3,layer4,xgrad_cam,No finding,top_1pct,0.04826771095395088
4,layer3,grad_cam,No finding,entropy,14.875598907470703
4,layer3,grad_cam,No finding,top_1pct,0.0358298160135746
4,layer3,grad_cam_plus_plus,No finding,entropy,15.576382637023926
4,layer3,grad_cam_plus_plus,No finding,top_1pct,0.016961248591542244
4,layer3,xgrad_cam,No finding,entropy,14.802750587463379
4,layer3,xgrad_cam,No finding,top_1pct,0.0482218861579895
4,layer4,grad_cam,No finding,entropy,14.159212112426758
4,layer4,grad_cam,No finding,top_1pct,0.06013578549027443
4,layer4,grad_cam_plus_plus,No finding,entropy,15.084230422973633
4,layer4,grad_cam_plus_plus,No finding,top_1pct,0.037230219691991806
4,layer4,xgrad_cam,No finding,entropy,14.159212112426758
4,layer4,xgrad_cam,No finding,top_1pct,0.06013578549027443
5,layer3,grad_cam,No finding,entropy,15.230506896972656
5,layer3,grad_cam,No finding,top_1pct,0.026883728802204132
5,layer3,grad_cam_plus_plus,No finding,entropy,15.58810806274414
5,layer3,grad_cam_plus_plus,No finding,top_1pct,0.018651612102985382
5,layer3,xgrad_cam,No finding,entropy,15.166563034057617
5,layer3,xgrad_cam,No finding,top_1pct,0.02960554137825966
5,layer4,grad_cam,No finding,entropy,15.022124290466309
5,layer4,grad_cam,No finding,top_1pct,0.029705731198191643
5,layer4,grad_cam_plus_plus,No finding,entropy,15.184682846069336
5,layer4,grad_cam_plus_plus,No finding,top_1pct,0.02786383219063282
5,layer4,xgrad_cam,No finding,entropy,15.022125244140625
5,layer4,xgrad_cam,No finding,top_1pct,0.029705731198191643
6,layer3,grad_cam,No finding,entropy,15.01589584350586
6,layer3,grad_cam,No finding,top_1pct,0.0422360897064209
6,layer3,grad_cam_plus_plus,No finding,entropy,15.569880485534668
6,layer3,grad_cam_plus_plus,No finding,top_1pct,0.020811419934034348
6,layer3,xgrad_cam,No finding,entropy,15.131614685058594
6,layer3,xgrad_cam,No finding,top_1pct,0.03903031721711159
6,layer4,grad_cam,No finding,entropy,14.99237060546875
6,layer4,grad_cam,No finding,top_1pct,0.030748900026082993
6,layer4,grad_cam_plus_plus,No finding,entropy,15.1356782913208
6,layer4,grad_cam_plus_plus,No finding,top_1pct,0.029696203768253326
6,layer4,xgrad_cam,No finding,entropy,14.992371559143066
6,layer4,xgrad_cam,No finding,top_1pct,0.030748900026082993
7,layer3,grad_cam,No finding,entropy,15.039605140686035
7,layer3,grad_cam,No finding,top_1pct,0.04539775848388672
7,layer3,grad_cam_plus_plus,No finding,entropy,15.576655387878418
7,layer3,grad_cam_plus_plus,No finding,top_1pct,0.017427781596779823
7,layer3,xgrad_cam,No finding,entropy,15.279328346252441
7,layer3,xgrad_cam,No finding,top_1pct,0.0379493422806263
7,layer4,grad_cam,No finding,entropy,14.573790550231934
7,layer4,grad_cam,No finding,top_1pct,0.04737363010644913
7,layer4,grad_cam_plus_plus,No finding,entropy,14.958097457885742
7,layer4,grad_cam_plus_plus,No finding,top_1pct,0.038935448974370956
7,layer4,xgrad_cam,No finding,entropy,14.57379150390625
7,layer4,xgrad_cam,No finding,top_1pct,0.04737363010644913
8,layer3,grad_cam,No finding,entropy,14.553804397583008
8,layer3,grad_cam,No finding,top_1pct,0.06459901481866837
8,layer3,grad_cam_plus_plus,No finding,entropy,15.572990417480469
8,layer3,grad_cam_plus_plus,No finding,top_1pct,0.021344266831874847
8,layer3,xgrad_cam,No finding,entropy,14.917098045349121
8,layer3,xgrad_cam,No finding,top_1pct,0.047538794577121735
8,layer4,grad_cam,No finding,entropy,14.80982780456543
8,layer4,grad_cam,No finding,top_1pct,0.03341414034366608
8,layer4,grad_cam_plus_plus,No finding,entropy,15.012924194335938
8,layer4,grad_cam_plus_plus,No finding,top_1pct,0.03098454140126705
8,layer4,xgrad_cam,No finding,entropy,14.809829711914062
8,layer4,xgrad_cam,No finding,top_1pct,0.033414144068956375
9,layer3,grad_cam,Aortic enlargement,pointing_game,0.0
9,layer3,grad_cam,Aortic enlargement,energy_box,0.033949725329875946
9,layer3,grad_cam,Aortic enlargement,iou,0.03696857765316963
9,layer3,grad_cam,Aortic enlargement,distance,0.5132535074770612
9,layer3,grad_cam_plus_plus,Aortic enlargement,pointing_game,0.0
9,layer3,grad_cam_plus_plus,Aortic enlargement,energy_box,0.014889980666339397
9,layer3,grad_cam_plus_plus,Aortic enlargement,iou,0.015807462856173515
9,layer3,grad_cam_plus_plus,Aortic enlargement,distance,5.577717088060883
9,layer3,xgrad_cam,Aortic enlargement,pointing_game,0.0
9,layer3,xgrad_cam,Aortic enlargement,energy_box,0.030825676396489143
9,layer3,xgrad_cam,Aortic enlargement,iou,0.03783353418111801
9,layer3,xgrad_cam,Aortic enlargement,distance,0.5132535074770612
9,layer4,grad_cam,Aortic enlargement,pointing_game,0.0
9,layer4,grad_cam,Aortic enlargement,energy_box,0.030826354399323463
9,layer4,grad_cam,Aortic enlargement,iou,0.07866097241640091
9,layer4,grad_cam,Aortic enlargement,distance,0.7893888720659502
9,layer4,grad_cam_plus_plus,Aortic enlargement,pointing_game,0.0
9,layer4,grad_cam_plus_plus,Aortic enlargement,energy_box,0.027189597487449646
9,layer4,grad_cam_plus_plus,Aortic enlargement,iou,0.06891044974327087
9,layer4,grad_cam_plus_plus,Aortic enlargement,distance,0.7893888720659502
9,layer4,xgrad_cam,Aortic enlargement,pointing_game,0.0
9,layer4,xgrad_cam,Aortic enlargement,energy_box,0.030826352536678314
9,layer4,xgrad_cam,Aortic enlargement,iou,0.07866097241640091
9,layer4,xgrad_cam,Aortic enlargement,distance,0.7893888720659502
9,layer3,grad_cam,Cardiomegaly,pointing_game,0.0
9,layer3,grad_cam,Cardiomegaly,energy_box,0.07677153497934341
9,layer3,grad_cam,Cardiomegaly,iou,0.051816388964653015
9,layer3,grad_cam,Cardiomegaly,distance,1.2158482371784431
9,layer3,grad_cam_plus_plus,Cardiomegaly,pointing_game,0.0
9,layer3,grad_cam_plus_plus,Cardiomegaly,energy_box,0.05103306099772453
9,layer3,grad_cam_plus_plus,Cardiomegaly,iou,0.04909747466444969
9,layer3,grad_cam_plus_plus,Cardiomegaly,distance,1.6695947301294476
9,layer3,xgrad_cam,Cardiomegaly,pointing_game,0.0
9,layer3,xgrad_cam,Cardiomegaly,energy_box,0.07187134027481079
9,layer3,xgrad_cam,Cardiomegaly,iou,0.08232711255550385
9,layer3,xgrad_cam,Cardiomegaly,distance,1.2158482371784431
9,layer4,grad_cam,Cardiomegaly,pointing_game,0.0
9,layer4,grad_cam,Cardiomegaly,energy_box,0.10351646691560745
9,layer4,grad_cam,Cardiomegaly,iou,0.14316138625144958
9,layer4,grad_cam,Cardiomegaly,distance,0.5123642097582622
9,layer4,grad_cam_plus_plus,Cardiomegaly,pointing_game,0.0
9,layer4,grad_cam_plus_plus,Cardiomegaly,energy_box,0.11388511210680008
9,layer4,grad_cam_plus_plus,Cardiomegaly,iou,0.266202449798584
9,layer4,grad_cam_plus_plus,Cardiomegaly,distance,0.29234372498132327
9,layer4,xgrad_cam,Cardiomegaly,pointing_game,0.0
9,layer4,xgrad_cam,Cardiomegaly,energy_box,0.10351645201444626
9,layer4,xgrad_cam,Cardiomegaly,iou,0.14316138625144958
9,layer4,xgrad_cam,Cardiomegaly,distance,0.5123642097582622
9,layer3,grad_cam,Nodule/Mass,pointing_game,0.0
9,layer3,grad_cam,Nodule/Mass,energy_box,1.3166080634618993e-06
9,layer3,grad_cam,Nodule/Mass,iou,0.0
9,layer3,grad_cam,Nodule/Mass,distance,23.671067511935025
9,layer3,grad_cam_plus_plus,Nodule/Mass,pointing_game,0.0
9,layer3,grad_cam_plus_plus,Nodule/Mass,energy_box,2.7975274861091748e-05
9,layer3,grad_cam_plus_plus,Nodule/Mass,iou,0.0
9,layer3,grad_cam_plus_plus,Nodule/Mass,distance,24.02262706689581
9,layer3,xgrad_cam,Nodule/Mass,pointing_game,0.0
9,layer3,xgrad_cam,Nodule/Mass,energy_box,0.0
9,layer3,xgrad_cam,Nodule/Mass,iou,0.0
9,layer3,xgrad_cam,Nodule/Mass,distance,23.671067511935025
9,layer4,grad_cam,Nodule/Mass,pointing_game,0.0
9,layer4,grad_cam,Nodule/Mass,energy_box,0.0
9,layer4,grad_cam,Nodule/Mass,iou,0.0
9,layer4,grad_cam,Nodule/Mass,distance,30.356386672334654
9,layer4,grad_cam_plus_plus,Nodule/Mass,pointing_game,0.0
9,layer4,grad_cam_plus_plus,Nodule/Mass,energy_box,4.053026714245789e-05
9,layer4,grad_cam_plus_plus,Nodule/Mass,iou,0.0
9,layer4,grad_cam_plus_plus,Nodule/Mass,distance,31.4543277420752
9,layer4,xgrad_cam,Nodule/Mass,pointing_game,0.0
9,layer4,xgrad_cam,Nodule/Mass,energy_box,0.0
9,layer4,xgrad_cam,Nodule/Mass,iou,0.0
9,layer4,xgrad_cam,Nodule/Mass,distance,30.356386672334654
9,layer3,grad_cam,Pulmonary fibrosis,pointing_game,0.0
9,layer3,grad_cam,Pulmonary fibrosis,energy_box,1.8923553852800978e-06
9,layer3,grad_cam,Pulmonary fibrosis,iou,0.0
9,layer3,grad_cam,Pulmonary fibrosis,distance,24.04799959541426
9,layer3,grad_cam_plus_plus,Pulmonary fibrosis,pointing_game,0.0
9,layer3,grad_cam_plus_plus,Pulmonary fibrosis,energy_box,2.568015224824194e-05
9,layer3,grad_cam_plus_plus,Pulmonary fibrosis,iou,0.0
9,layer3,grad_cam_plus_plus,Pulmonary fibrosis,distance,24.02262706689581
9,layer3,xgrad_cam,Pulmonary fibrosis,pointing_game,0.0
9,layer3,xgrad_cam,Pulmonary fibrosis,energy_box,1.9275514659966575e-06
9,layer3,xgrad_cam,Pulmonary fibrosis,iou,0.0
9,layer3,xgrad_cam,Pulmonary fibrosis,distance,24.04799959541426
9,layer4,grad_cam,Pulmonary fibrosis,pointing_game,0.0
9,layer4,grad_cam,Pulmonary fibrosis,energy_box,2.051955925708171e-05
9,layer4,grad_cam,Pulmonary fibrosis,iou,0.0
9,layer4,grad_cam,Pulmonary fibrosis,distance,26.40109275977264
9,layer4,grad_cam_plus_plus,Pulmonary fibrosis,pointing_game,0.0
9,layer4,grad_cam_plus_plus,Pulmonary fibrosis,energy_box,3.948142330045812e-05
9,layer4,grad_cam_plus_plus,Pulmonary fibrosis,iou,0.0
9,layer4,grad_cam_plus_plus,Pulmonary fibrosis,distance,26.955263978235084
9,layer4,xgrad_cam,Pulmonary fibrosis,pointing_game,0.0
9,layer4,xgrad_cam,Pulmonary fibrosis,energy_box,2.0519551981124096e-05
9,layer4,xgrad_cam,Pulmonary fibrosis,iou,0.0
9,layer4,xgrad_cam,Pulmonary fibrosis,distance,26.40109275977264
10,layer3,grad_cam,No finding,entropy,14.891839981079102
10,layer3,grad_cam,No finding,top_1pct,0.04912186414003372
10,layer3,grad_cam_plus_plus,No finding,entropy,15.57695198059082
10,layer3,grad_cam_plus_plus,No finding,top_1pct,0.020911267027258873
10,layer3,xgrad_cam,No finding,entropy,15.190953254699707
10,layer3,xgrad_cam,No finding,top_1pct,0.03986503183841705
10,layer4,grad_cam,No finding,entropy,14.801515579223633
10,layer4,grad_cam,No finding,top_1pct,0.03544851392507553
10,layer4,grad_cam_plus_plus,No finding,entropy,14.989693641662598
10,layer4,grad_cam_plus_plus,No finding,top_1pct,0.032922595739364624
10,layer4,xgrad_cam,No finding,entropy,14.801515579223633
10,layer4,xgrad_cam,No finding,top_1pct,0.03544851392507553
11,layer3,grad_cam,No finding,entropy,15.089156150817871
11,layer3,grad_cam,No finding,top_1pct,0.034720733761787415
11,layer3,grad_cam_plus_plus,No finding,entropy,15.582862854003906
11,layer3,grad_cam_plus_plus,No finding,top_1pct,0.016887634992599487
11,layer3,xgrad_cam,No finding,entropy,15.174449920654297
11,layer3,xgrad_cam,No finding,top_1pct,0.03804127499461174
11,layer4,grad_cam,No finding,entropy,14.56507682800293
11,layer4,grad_cam,No finding,top_1pct,0.047706179320812225
11,layer4,grad_cam_plus_plus,No finding,entropy,14.95816421508789
11,layer4,grad_cam_plus_plus,No finding,top_1pct,0.03886745497584343
11,layer4,xgrad_cam,No finding,entropy,14.56507682800293
11,layer4,xgrad_cam,No finding,top_1pct,0.047706183046102524
12,layer3,grad_cam,No finding,entropy,14.856060028076172
12,layer3,grad_cam,No finding,top_1pct,0.03594532608985901
12,layer3,grad_cam_plus_plus,No finding,entropy,15.581570625305176
12,layer3,grad_cam_plus_plus,No finding,top_1pct,0.01715562492609024
12,layer3,xgrad_cam,No finding,entropy,14.845252990722656
12,layer3,xgrad_cam,No finding,top_1pct,0.038218140602111816
12,layer4,grad_cam,No finding,entropy,14.379886627197266
12,layer4,grad_cam,No finding,top_1pct,0.04925518110394478
12,layer4,grad_cam_plus_plus,No finding,entropy,14.897794723510742
12,layer4,grad_cam_plus_plus,No finding,top_1pct,0.04086700454354286
12,layer4,xgrad_cam,No finding,entropy,14.379886627197266
12,layer4,xgrad_cam,No finding,top_1pct,0.04925518110394478
13,layer3,grad_cam,Aortic enlargement,pointing_game,0.0
13,layer3,grad_cam,Aortic enlargement,energy_box,0.02297181263566017
13,layer3,grad_cam,Aortic enlargement,iou,0.0
13,layer3,grad_cam,Aortic enlargement,distance,2.550208990353553
13,layer3,grad_cam_plus_plus,Aortic enlargement,pointing_game,0.0
13,layer3,grad_cam_plus_plus,Aortic enlargement,energy_box,0.01020537968724966
13,layer3,grad_cam_plus_plus,Aortic enlargement,iou,0.012744704261422157
13,layer3,grad_cam_plus_plus,Aortic enlargement,distance,2.57983860992889
13,layer3,xgrad_cam,Aortic enlargement,pointing_game,0.0
13,layer3,xgrad_cam,Aortic enlargement,energy_box,0.022744912654161453
13,layer3,xgrad_cam,Aortic enlargement,iou,0.0
13,layer3,xgrad_cam,Aortic enlargement,distance,2.51989060782202
13,layer4,grad_cam,Aortic enlargement,pointing_game,0.0
13,layer4,grad_cam,Aortic enlargement,energy_box,0.01833672635257244
13,layer4,grad_cam,Aortic enlargement,iou,0.021888185292482376
13,layer4,grad_cam,Aortic enlargement,distance,0.7670966806037796
13,layer4,grad_cam_plus_plus,Aortic enlargement,pointing_game,0.0
13,layer4,grad_cam_plus_plus,Aortic enlargement,energy_box,0.01660601608455181
13,layer4,grad_cam_plus_plus,Aortic enlargement,iou,0.03635812923312187
13,layer4,grad_cam_plus_plus,Aortic enlargement,distance,1.580985452048559
13,layer4,xgrad_cam,Aortic enlargement,pointing_game,0.0
13,layer4,xgrad_cam,Aortic enlargement,energy_box,0.018336722627282143
13,layer4,xgrad_cam,Aortic enlargement,iou,0.021888185292482376
13,layer4,xgrad_cam,Aortic enlargement,distance,0.7670966806037796
13,layer3,grad_cam,Other lesion,pointing_game,0.0
13,layer3,grad_cam,Other lesion,energy_box,0.008267535828053951
13,layer3,grad_cam,Other lesion,iou,0.0
13,layer3,grad_cam,Other lesion,distance,6.179963109747915
13,layer3,grad_cam_plus_plus,Other lesion,pointing_game,0.0
13,layer3,grad_cam_plus_plus,Other lesion,energy_box,0.006216900423169136
13,layer3,grad_cam_plus_plus,Other lesion,iou,0.008418820798397064
13,layer3,grad_cam_plus_plus,Other lesion,distance,3.3339979493812772
13,layer3,xgrad_cam,Other lesion,pointing_game,0.0
13,layer3,xgrad_cam,Other lesion,energy_box,0.007318364456295967
13,layer3,xgrad_cam,Other lesion,iou,0.0
13,layer3,xgrad_cam,Other lesion,distance,6.179963109747915
13,layer4,grad_cam,Other lesion,pointing_game,0.0
13,layer4,grad_cam,Other lesion,energy_box,0.0
13,layer4,grad_cam,Other lesion,iou,0.0
13,layer4,grad_cam,Other lesion,distance,4.347840121968612
13,layer4,grad_cam_plus_plus,Other lesion,pointing_game,0.0
13,layer4,grad_cam_plus_plus,Other lesion,energy_box,0.007909259758889675
13,layer4,grad_cam_plus_plus,Other lesion,iou,0.015082189813256264
13,layer4,grad_cam_plus_plus,Other lesion,distance,2.671997463258422
13,layer4,xgrad_cam,Other lesion,pointing_game,0.0
13,layer4,xgrad_cam,Other lesion,energy_box,0.0
13,layer4,xgrad_cam,Other lesion,iou,0.0
13,layer4,xgrad_cam,Other lesion,distance,4.347840121968612
13,layer3,grad_cam,Pleural effusion,pointing_game,0.0
13,layer3,grad_cam,Pleural effusion,energy_box,0.0030939998105168343
13,layer3,grad_cam,Pleural effusion,iou,0.0
13,layer3,grad_cam,Pleural effusion,distance,15.462821934009243
13,layer3,grad_cam_plus_plus,Pleural effusion,pointing_game,0.0
13,layer3,grad_cam_plus_plus,Pleural effusion,energy_box,0.001281829085201025
13,layer3,grad_cam_plus_plus,Pleural effusion,iou,0.0025786487385630608
13,layer3,grad_cam_plus_plus,Pleural effusion,distance,13.311873066883031
13,layer3,xgrad_cam,Pleural effusion,pointing_game,0.0
13,layer3,xgrad_cam,Pleural effusion,energy_box,0.000892064010258764
13,layer3,xgrad_cam,Pleural effusion,iou,0.0
13,layer3,xgrad_cam,Pleural effusion,distance,4.690107835992415
13,layer4,grad_cam,Pleural effusion,pointing_game,0.0
13,layer4,grad_cam,Pleural effusion,energy_box,0.0
13,layer4,grad_cam,Pleural effusion,iou,0.0
13,layer4,grad_cam,Pleural effusion,distance,15.184517233509023
13,layer4,grad_cam_plus_plus,Pleural effusion,pointing_game,0.0
13,layer4,grad_cam_plus_plus,Pleural effusion,energy_box,0.00063755689188838
13,layer4,grad_cam_plus_plus,Pleural effusion,iou,0.0
13,layer4,grad_cam_plus_plus,Pleural effusion,distance,8.445795648629993
13,layer4,xgrad_cam,Pleural effusion,pointing_game,0.0
13,layer4,xgrad_cam,Pleural effusion,energy_box,0.0
13,layer4,xgrad_cam,Pleural effusion,iou,0.0
13,layer4,xgrad_cam,Pleural effusion,distance,15.184517233509023
13,layer3,grad_cam,Pleural thickening,pointing_game,0.0
13,layer3,grad_cam,Pleural thickening,energy_box,0.012529929168522358
13,layer3,grad_cam,Pleural thickening,iou,0.00711237546056509
13,layer3,grad_cam,Pleural thickening,distance,4.518114418227434
13,layer3,grad_cam_plus_plus,Pleural thickening,pointing_game,0.0
13,layer3,grad_cam_plus_plus,Pleural thickening,energy_box,0.006275692023336887
13,layer3,grad_cam_plus_plus,Pleural thickening,iou,0.013002078048884869
13,layer3,grad_cam_plus_plus,Pleural thickening,distance,4.747583786141149
13,layer3,xgrad_cam,Pleural thickening,pointing_game,0.0
13,layer3,xgrad_cam,Pleural thickening,energy_box,0.006838319823145866
13,layer3,xgrad_cam,Pleural thickening,iou,0.0
13,layer3,xgrad_cam,Pleural thickening,distance,3.5252713492176486
13,layer4,grad_cam,Pleural thickening,pointing_game,0.0
13,layer4,grad_cam,Pleural thickening,energy_box,0.002660248661413789
13,layer4,grad_cam,Pleural thickening,iou,0.0
13,layer4,grad_cam,Pleural thickening,distance,2.9467302914341458
13,layer4,grad_cam_plus_plus,Pleural thickening,pointing_game,0.0
13,layer4,grad_cam_plus_plus,Pleural thickening,energy_box,0.006421693135052919
13,layer4,grad_cam_plus_plus,Pleural thickening,iou,0.008063852787017822
13,layer4,grad_cam_plus_plus,Pleural thickening,distance,2.671997463258422
13,layer4,xgrad_cam,Pleural thickening,pointing_game,0.0
13,layer4,xgrad_cam,Pleural thickening,energy_box,0.002660248661413789
13,layer4,xgrad_cam,Pleural thickening,iou,0.0
13,layer4,xgrad_cam,Pleural thickening,distance,2.9467302914341458
13,layer3,grad_cam,Pulmonary fibrosis,pointing_game,0.0
13,layer3,grad_cam,Pulmonary fibrosis,energy_box,1.3106883670843672e-05
13,layer3,grad_cam,Pulmonary fibrosis,iou,0.0
13,layer3,grad_cam,Pulmonary fibrosis,distance,3.2236255397295377
13,layer3,grad_cam_plus_plus,Pulmonary fibrosis,pointing_game,0.0
13,layer3,grad_cam_plus_plus,Pulmonary fibrosis,energy_box,0.0009033967508003116
13,layer3,grad_cam_plus_plus,Pulmonary fibrosis,iou,0.0010788191575556993
13,layer3,grad_cam_plus_plus,Pulmonary fibrosis,distance,7.1425632657817
13,layer3,xgrad_cam,Pulmonary fibrosis,pointing_game,0.0
13,layer3,xgrad_cam,Pulmonary fibrosis,energy_box,0.0
13,layer3,xgrad_cam,Pulmonary fibrosis,iou,0.0
13,layer3,xgrad_cam,Pulmonary fibrosis,distance,3.2236255397295377
13,layer4,grad_cam,Pulmonary fibrosis,pointing_game,0.0
13,layer4,grad_cam,Pulmonary fibrosis,energy_box,0.0
13,layer4,grad_cam,Pulmonary fibrosis,iou,0.0
13,layer4,grad_cam,Pulmonary fibrosis,distance,9.278808916981925
13,layer4,grad_cam_plus_plus,Pulmonary fibrosis,pointing_game,0.0
13,layer4,grad_cam_plus_plus,Pulmonary fibrosis,energy_box,0.001089380239136517
13,layer4,grad_cam_plus_plus,Pulmonary fibrosis,iou,0.002552598947659135
13,layer4,grad_cam_plus_plus,Pulmonary fibrosis,distance,7.259829197178786
13,layer4,xgrad_cam,Pulmonary fibrosis,pointing_game,0.0
13,layer4,xgrad_cam,Pulmonary fibrosis,energy_box,0.0
13,layer4,xgrad_cam,Pulmonary fibrosis,iou,0.0
13,layer4,xgrad_cam,Pulmonary fibrosis,distance,9.278808916981925
14,layer3,grad_cam,Cardiomegaly,pointing_game,1.0
14,layer3,grad_cam,Cardiomegaly,energy_box,0.1194416731595993
14,layer3,grad_cam,Cardiomegaly,iou,0.15347862243652344
14,layer3,grad_cam,Cardiomegaly,distance,0.13311873561118356
14,layer3,grad_cam_plus_plus,Cardiomegaly,pointing_game,0.0
14,layer3,grad_cam_plus_plus,Cardiomegaly,energy_box,0.06207625940442085
14,layer3,grad_cam_plus_plus,Cardiomegaly,iou,0.05846419557929039
14,layer3,grad_cam_plus_plus,Cardiomegaly,distance,1.223483358885809
14,layer3,xgrad_cam,Cardiomegaly,pointing_game,0.0
14,layer3,xgrad_cam,Cardiomegaly,energy_box,0.15046046674251556
14,layer3,xgrad_cam,Cardiomegaly,iou,0.15413987636566162
14,layer3,xgrad_cam,Cardiomegaly,distance,1.526494212641135
14,layer4,grad_cam,Cardiomegaly,pointing_game,1.0
14,layer4,grad_cam,Cardiomegaly,energy_box,0.16484254598617554
14,layer4,grad_cam,Cardiomegaly,iou,0.18328173458576202
14,layer4,grad_cam,Cardiomegaly,distance,0.44809035732296176
14,layer4,grad_cam_plus_plus,Cardiomegaly,pointing_game,1.0
14,layer4,grad_cam_plus_plus,Cardiomegaly,energy_box,0.14995966851711273
14,layer4,grad_cam_plus_plus,Cardiomegaly,iou,0.3088145852088928
14,layer4,grad_cam_plus_plus,Cardiomegaly,distance,0.178920609939448
14,layer4,xgrad_cam,Cardiomegaly,pointing_game,1.0
14,layer4,xgrad_cam,Cardiomegaly,energy_box,0.16484256088733673
14,layer4,xgrad_cam,Cardiomegaly,iou,0.18328173458576202
14,layer4,xgrad_cam,Cardiomegaly,distance,0.44809035732296176
15,layer3,grad_cam,Aortic enlargement,pointing_game,0.0
15,layer3,grad_cam,Aortic enlargement,energy_box,0.030747756361961365
15,layer3,grad_cam,Aortic enlargement,iou,0.0
15,layer3,grad_cam,Aortic enlargement,distance,2.2578954573332406
15,layer3,grad_cam_plus_plus,Aortic enlargement,pointing_game,0.0
15,layer3,grad_cam_plus_plus,Aortic enlargement,energy_box,0.03152795881032944
15,layer3,grad_cam_plus_plus,Aortic enlargement,iou,0.0
15,layer3,grad_cam_plus_plus,Aortic enlargement,distance,2.2578954573332406
15,layer3,xgrad_cam,Aortic enlargement,pointing_game,0.0
15,layer3,xgrad_cam,Aortic enlargement,energy_box,0.026602156460285187
15,layer3,xgrad_cam,Aortic enlargement,iou,0.0
15,layer3,xgrad_cam,Aortic enlargement,distance,2.1701732625588916
15,layer4,grad_cam,Aortic enlargement,pointing_game,0.0
15,layer4,grad_cam,Aortic enlargement,energy_box,0.03972383961081505
15,layer4,grad_cam,Aortic enlargement,iou,0.02936507947742939
15,layer4,grad_cam,Aortic enlargement,distance,0.9567340355852273
15,layer4,grad_cam_plus_plus,Aortic enlargement,pointing_game,0.0
15,layer4,grad_cam_plus_plus,Aortic enlargement,energy_box,0.06053398177027702
15,layer4,grad_cam_plus_plus,Aortic enlargement,iou,0.1476370096206665
15,layer4,grad_cam_plus_plus,Aortic enlargement,distance,2.135148241380369
15,layer4,xgrad_cam,Aortic enlargement,pointing_game,0.0
15,layer4,xgrad_cam,Aortic enlargement,energy_box,0.03972382843494415
15,layer4,xgrad_cam,Aortic enlargement,iou,0.02936507947742939
15,layer4,xgrad_cam,Aortic enlargement,distance,0.9567340355852273
15,layer3,grad_cam,Cardiomegaly,pointing_game,0.0
15,layer3,grad_cam,Cardiomegaly,energy_box,0.055204618722200394
15,layer3,grad_cam,Cardiomegaly,iou,0.00458855926990509
15,layer3,grad_cam,Cardiomegaly,distance,0.3991006279444436
15,layer3,grad_cam_plus_plus,Cardiomegaly,pointing_game,0.0
15,layer3,grad_cam_plus_plus,Cardiomegaly,energy_box,0.05126936361193657
15,layer3,grad_cam_plus_plus,Cardiomegaly,iou,0.0
15,layer3,grad_cam_plus_plus,Cardiomegaly,distance,1.9215627543723928
15,layer3,xgrad_cam,Cardiomegaly,pointing_game,0.0
15,layer3,xgrad_cam,Cardiomegaly,energy_box,0.05178958922624588
15,layer3,xgrad_cam,Cardiomegaly,iou,0.0
15,layer3,xgrad_cam,Cardiomegaly,distance,1.8034628494509986
15,layer4,grad_cam,Cardiomegaly,pointing_game,0.0
15,layer4,grad_cam,Cardiomegaly,energy_box,0.0
15,layer4,grad_cam,Cardiomegaly,iou,0.0
15,layer4,grad_cam,Cardiomegaly,distance,1.743638573838957
15,layer4,grad_cam_plus_plus,Cardiomegaly,pointing_game,0.0
15,layer4,grad_cam_plus_plus,Cardiomegaly,energy_box,0.04389385133981705
15,layer4,grad_cam_plus_plus,Cardiomegaly,iou,0.0
15,layer4,grad_cam_plus_plus,Cardiomegaly,distance,1.743638573838957
15,layer4,xgrad_cam,Cardiomegaly,pointing_game,0.0
15,layer4,xgrad_cam,Cardiomegaly,energy_box,0.0
15,layer4,xgrad_cam,Cardiomegaly,iou,0.0
15,layer4,xgrad_cam,Cardiomegaly,distance,1.743638573838957
15,layer3,grad_cam,Pleural thickening,pointing_game,0.0
15,layer3,grad_cam,Pleural thickening,energy_box,0.0008238950395025313
15,layer3,grad_cam,Pleural thickening,iou,0.0
15,layer3,grad_cam,Pleural thickening,distance,2.1412511824538285
15,layer3,grad_cam_plus_plus,Pleural thickening,pointing_game,0.0
15,layer3,grad_cam_plus_plus,Pleural thickening,energy_box,0.008162874728441238
15,layer3,grad_cam_plus_plus,Pleural thickening,iou,0.0
15,layer3,grad_cam_plus_plus,Pleural thickening,distance,2.0569540160587647
15,layer3,xgrad_cam,Pleural thickening,pointing_game,0.0
15,layer3,xgrad_cam,Pleural thickening,energy_box,0.003248232416808605
15,layer3,xgrad_cam,Pleural thickening,iou,0.0
15,layer3,xgrad_cam,Pleural thickening,distance,2.056771661575702
15,layer4,grad_cam,Pleural thickening,pointing_game,0.0
15,layer4,grad_cam,Pleural thickening,energy_box,0.0008119667181745172
15,layer4,grad_cam,Pleural thickening,iou,0.0
15,layer4,grad_cam,Pleural thickening,distance,3.226638743066914
15,layer4,grad_cam_plus_plus,Pleural thickening,pointing_game,0.0
15,layer4,grad_cam_plus_plus,Pleural thickening,energy_box,0.007445124909281731
15,layer4,grad_cam_plus_plus,Pleural thickening,iou,0.0
15,layer4,grad_cam_plus_plus,Pleural thickening,distance,2.149468300155166
15,layer4,xgrad_cam,Pleural thickening,pointing_game,0.0
15,layer4,xgrad_cam,Pleural thickening,energy_box,0.0008119667763821781
15,layer4,xgrad_cam,Pleural thickening,iou,0.0
15,layer4,xgrad_cam,Pleural thickening,distance,3.226638743066914
16,layer3,grad_cam,Aortic enlargement,pointing_game,0.0
16,layer3,grad_cam,Aortic enlargement,energy_box,0.013787914998829365
16,layer3,grad_cam,Aortic enlargement,iou,0.0
16,layer3,grad_cam,Aortic enlargement,distance,2.335014752174771
16,layer3,grad_cam_plus_plus,Aortic enlargement,pointing_game,0.0
16,layer3,grad_cam_plus_plus,Aortic enlargement,energy_box,0.013754012994468212
16,layer3,grad_cam_plus_plus,Aortic enlargement,iou,0.021965494379401207
16,layer3,grad_cam_plus_plus,Aortic enlargement,distance,2.9561489761071846
16,layer3,xgrad_cam,Aortic enlargement,pointing_game,0.0
16,layer3,xgrad_cam,Aortic enlargement,energy_box,0.0022616854403167963
16,layer3,xgrad_cam,Aortic enlargement,iou,0.0
16,layer3,xgrad_cam,Aortic enlargement,distance,2.5624630421522783
16,layer4,grad_cam,Aortic enlargement,pointing_game,0.0
16,layer4,grad_cam,Aortic enlargement,energy_box,0.008936415426433086
16,layer4,grad_cam,Aortic enlargement,iou,0.0
16,layer4,grad_cam,Aortic enlargement,distance,1.6765267754415203
16,layer4,grad_cam_plus_plus,Aortic enlargement,pointing_game,0.0
16,layer4,grad_cam_plus_plus,Aortic enlargement,energy_box,0.016201239079236984
16,layer4,grad_cam_plus_plus,Aortic enlargement,iou,0.030076637864112854
16,layer4,grad_cam_plus_plus,Aortic enlargement,distance,1.6698366524764627
16,layer4,xgrad_cam,Aortic enlargement,pointing_game,0.0
16,layer4,xgrad_cam,Aortic enlargement,energy_box,0.008936416357755661
16,layer4,xgrad_cam,Aortic enlargement,iou,0.0
16,layer4,xgrad_cam,Aortic enlargement,distance,1.6765267754415203
16,layer3,grad_cam,Infiltration,pointing_game,0.0
16,layer3,grad_cam,Infiltration,energy_box,0.0373833142220974
16,layer3,grad_cam,Infiltration,iou,0.0007319572614505887
16,layer3,grad_cam,Infiltration,distance,1.6370341420713834
16,layer3,grad_cam_plus_plus,Infiltration,pointing_game,0.0
16,layer3,grad_cam_plus_plus,Infiltration,energy_box,0.05195429548621178
16,layer3,grad_cam_plus_plus,Infiltration,iou,0.04058338701725006
16,layer3,grad_cam_plus_plus,Infiltration,distance,1.7183705533189155
16,layer3,xgrad_cam,Infiltration,pointing_game,0.0
16,layer3,xgrad_cam,Infiltration,energy_box,0.02156279794871807
16,layer3,xgrad_cam,Infiltration,iou,0.0
16,layer3,xgrad_cam,Infiltration,distance,1.6370341420713834
16,layer4,grad_cam,Infiltration,pointing_game,0.0
16,layer4,grad_cam,Infiltration,energy_box,0.02827427349984646
16,layer4,grad_cam,Infiltration,iou,0.0001940428774105385
16,layer4,grad_cam,Infiltration,distance,0.6270927839936328
16,layer4,grad_cam_plus_plus,Infiltration,pointing_game,0.0
16,layer4,grad_cam_plus_plus,Infiltration,energy_box,0.07783550769090652
16,layer4,grad_cam_plus_plus,Infiltration,iou,0.10403931140899658
16,layer4,grad_cam_plus_plus,Infiltration,distance,0.6270927839936328
16,layer4,xgrad_cam,Infiltration,pointing_game,0.0
16,layer4,xgrad_cam,Infiltration,energy_box,0.028274275362491608
16,layer4,xgrad_cam,Infiltration,iou,0.0001940428774105385
16,layer4,xgrad_cam,Infiltration,distance,0.6270927839936328
16,layer3,grad_cam,Other lesion,pointing_game,0.0
16,layer3,grad_cam,Other lesion,energy_box,0.0034878274891525507
16,layer3,grad_cam,Other lesion,iou,0.0
16,layer3,grad_cam,Other lesion,distance,4.9636556527696305
16,layer3,grad_cam_plus_plus,Other lesion,pointing_game,0.0
16,layer3,grad_cam_plus_plus,Other lesion,energy_box,0.006514663342386484
16,layer3,grad_cam_plus_plus,Other lesion,iou,0.010419419035315514
16,layer3,grad_cam_plus_plus,Other lesion,distance,8.378645351280056
16,layer3,xgrad_cam,Other lesion,pointing_game,0.0
16,layer3,xgrad_cam,Other lesion,energy_box,0.003299466334283352
16,layer3,xgrad_cam,Other lesion,iou,0.0
16,layer3,xgrad_cam,Other lesion,distance,8.862573481391266
16,layer4,grad_cam,Other lesion,pointing_game,0.0
16,layer4,grad_cam,Other lesion,energy_box,0.0008213850087486207
16,layer4,grad_cam,Other lesion,iou,0.0
16,layer4,grad_cam,Other lesion,distance,9.13762604347058
16,layer4,grad_cam_plus_plus,Other lesion,pointing_game,0.0
16,layer4,grad_cam_plus_plus,Other lesion,energy_box,0.00450429692864418
16,layer4,grad_cam_plus_plus,Other lesion,iou,0.004248890560120344
16,layer4,grad_cam_plus_plus,Other lesion,distance,8.266856486975001
16,layer4,xgrad_cam,Other lesion,pointing_game,0.0
16,layer4,xgrad_cam,Other lesion,energy_box,0.0008213848923332989
16,layer4,xgrad_cam,Other lesion,iou,0.0
16,layer4,xgrad_cam,Other lesion,distance,9.13762604347058
16,layer3,grad_cam,Pleural effusion,pointing_game,0.0
16,layer3,grad_cam,Pleural effusion,energy_box,6.274164479691535e-05
16,layer3,grad_cam,Pleural effusion,iou,0.0
16,layer3,grad_cam,Pleural effusion,distance,9.921375775810613
16,layer3,grad_cam_plus_plus,Pleural effusion,pointing_game,0.0
16,layer3,grad_cam_plus_plus,Pleural effusion,energy_box,0.003532384755089879
16,layer3,grad_cam_plus_plus,Pleural effusion,iou,0.0
16,layer3,grad_cam_plus_plus,Pleural effusion,distance,9.781208977538506
16,layer3,xgrad_cam,Pleural effusion,pointing_game,0.0
16,layer3,xgrad_cam,Pleural effusion,energy_box,8.341909961018246e-06
16,layer3,xgrad_cam,Pleural effusion,iou,0.0
16,layer3,xgrad_cam,Pleural effusion,distance,9.921375775810613
16,layer4,grad_cam,Pleural effusion,pointing_game,0.0
16,layer4,grad_cam,Pleural effusion,energy_box,0.0
16,layer4,grad_cam,Pleural effusion,iou,0.0
16,layer4,grad_cam,Pleural effusion,distance,8.957754682914363
16,layer4,grad_cam_plus_plus,Pleural effusion,pointing_game,0.0
16,layer4,grad_cam_plus_plus,Pleural effusion,energy_box,0.0029072449542582035
16,layer4,grad_cam_plus_plus,Pleural effusion,iou,0.0
16,layer4,grad_cam_plus_plus,Pleural effusion,distance,8.957754682914363
16,layer4,xgrad_cam,Pleural effusion,pointing_game,0.0
16,layer4,xgrad_cam,Pleural effusion,energy_box,0.0
16,layer4,xgrad_cam,Pleural effusion,iou,0.0
16,layer4,xgrad_cam,Pleural effusion,distance,8.957754682914363
16,layer3,grad_cam,Pleural thickening,pointing_game,0.0
16,layer3,grad_cam,Pleural thickening,energy_box,0.0008634719415567815
16,layer3,grad_cam,Pleural thickening,iou,0.0
16,layer3,grad_cam,Pleural thickening,distance,5.158254532352934
16,layer3,grad_cam_plus_plus,Pleural thickening,pointing_game,0.0
16,layer3,grad_cam_plus_plus,Pleural thickening,energy_box,0.0037206895649433136
16,layer3,grad_cam_plus_plus,Pleural thickening,iou,0.0
16,layer3,grad_cam_plus_plus,Pleural thickening,distance,9.781208977538506
16,layer3,xgrad_cam,Pleural thickening,pointing_game,0.0
16,layer3,xgrad_cam,Pleural thickening,energy_box,0.0006762726115994155
16,layer3,xgrad_cam,Pleural thickening,iou,0.0
16,layer3,xgrad_cam,Pleural thickening,distance,5.196836447319858
16,layer4,grad_cam,Pleural thickening,pointing_game,0.0
16,layer4,grad_cam,Pleural thickening,energy_box,0.003267732448875904
16,layer4,grad_cam,Pleural thickening,iou,0.0
16,layer4,grad_cam,Pleural thickening,distance,8.957754682914363
16,layer4,grad_cam_plus_plus,Pleural thickening,pointing_game,0.0
16,layer4,grad_cam_plus_plus,Pleural thickening,energy_box,0.0036380719393491745
16,layer4,grad_cam_plus_plus,Pleural thickening,iou,0.0
16,layer4,grad_cam_plus_plus,Pleural thickening,distance,8.957754682914363
16,layer4,xgrad_cam,Pleural thickening,pointing_game,0.0
16,layer4,xgrad_cam,Pleural thickening,energy_box,0.003267731750383973
16,layer4,xgrad_cam,Pleural thickening,iou,0.0
16,layer4,xgrad_cam,Pleural thickening,distance,8.957754682914363
17,layer3,grad_cam,Aortic enlargement,pointing_game,0.0
17,layer3,grad_cam,Aortic enlargement,energy_box,0.022702306509017944
17,layer3,grad_cam,Aortic enlargement,iou,0.0
17,layer3,grad_cam,Aortic enlargement,distance,3.558819724309524
17,layer3,grad_cam_plus_plus,Aortic enlargement,pointing_game,0.0
17,layer3,grad_cam_plus_plus,Aortic enlargement,energy_box,0.015834031626582146
17,layer3,grad_cam_plus_plus,Aortic enlargement,iou,0.025997310876846313
17,layer3,grad_cam_plus_plus,Aortic enlargement,distance,3.6872191402609324
17,layer3,xgrad_cam,Aortic enlargement,pointing_game,0.0
17,layer3,xgrad_cam,Aortic enlargement,energy_box,0.013627699576318264
17,layer3,xgrad_cam,Aortic enlargement,iou,0.0
17,layer3,xgrad_cam,Aortic enlargement,distance,3.558819724309524
17,layer4,grad_cam,Aortic enlargement,pointing_game,0.0
17,layer4,grad_cam,Aortic enlargement,energy_box,0.0
17,layer4,grad_cam,Aortic enlargement,iou,0.0
17,layer4,grad_cam,Aortic enlargement,distance,3.507987538073053
17,layer4,grad_cam_plus_plus,Aortic enlargement,pointing_game,0.0
17,layer4,grad_cam_plus_plus,Aortic enlargement,energy_box,0.022907793521881104
17,layer4,grad_cam_plus_plus,Aortic enlargement,iou,0.04625822231173515
17,layer4,grad_cam_plus_plus,Aortic enlargement,distance,1.9484470743106657
17,layer4,xgrad_cam,Aortic enlargement,pointing_game,0.0
17,layer4,xgrad_cam,Aortic enlargement,energy_box,0.0
17,layer4,xgrad_cam,Aortic enlargement,iou,0.0
17,layer4,xgrad_cam,Aortic enlargement,distance,3.507987538073053
17,layer3,grad_cam,Pleural thickening,pointing_game,0.0
17,layer3,grad_cam,Pleural thickening,energy_box,0.008268801495432854
17,layer3,grad_cam,Pleural thickening,iou,0.0
17,layer3,grad_cam,Pleural thickening,distance,3.837664013034819
17,layer3,grad_cam_plus_plus,Pleural thickening,pointing_game,0.0
17,layer3,grad_cam_plus_plus,Pleural thickening,energy_box,0.012290114536881447
17,layer3,grad_cam_plus_plus,Pleural thickening,iou,0.019968193024396896
17,layer3,grad_cam_plus_plus,Pleural thickening,distance,3.969234154973677
17,layer3,xgrad_cam,Pleural thickening,pointing_game,0.0
17,layer3,xgrad_cam,Pleural thickening,energy_box,0.006854632403701544
17,layer3,xgrad_cam,Pleural thickening,iou,0.0
17,layer3,xgrad_cam,Pleural thickening,distance,3.837664013034819
17,layer4,grad_cam,Pleural thickening,pointing_game,0.0
17,layer4,grad_cam,Pleural thickening,energy_box,0.0
17,layer4,grad_cam,Pleural thickening,iou,0.0
17,layer4,grad_cam,Pleural thickening,distance,4.266058091901298
17,layer4,grad_cam_plus_plus,Pleural thickening,pointing_game,0.0
17,layer4,grad_cam_plus_plus,Pleural thickening,energy_box,0.02020515874028206
17,layer4,grad_cam_plus_plus,Pleural thickening,iou,0.04726346209645271
17,layer4,grad_cam_plus_plus,Pleural thickening,distance,1.272568146646733
17,layer4,xgrad_cam,Pleural thickening,pointing_game,0.0
17,layer4,xgrad_cam,Pleural thickening,energy_box,0.0
17,layer4,xgrad_cam,Pleural thickening,iou,0.0
17,layer4,xgrad_cam,Pleural thickening,distance,4.266058091901298
18,layer3,grad_cam,No finding,entropy,15.001321792602539
18,layer3,grad_cam,No finding,top_1pct,0.043271325528621674
18,layer3,grad_cam_plus_plus,No finding,entropy,15.578115463256836
18,layer3,grad_cam_plus_plus,No finding,top_1pct,0.023322105407714844
18,layer3,xgrad_cam,No finding,entropy,15.361368179321289
18,layer3,xgrad_cam,No finding,top_1pct,0.04180693253874779
18,layer4,grad_cam,No finding,entropy,14.831159591674805
18,layer4,grad_cam,No finding,top_1pct,0.039217039942741394
18,layer4,grad_cam_plus_plus,No finding,entropy,15.060179710388184
18,layer4,grad_cam_plus_plus,No finding,top_1pct,0.035037606954574585
18,layer4,xgrad_cam,No finding,entropy,14.831159591674805
18,layer4,xgrad_cam,No finding,top_1pct,0.03921704366803169
19,layer3,grad_cam,No finding,entropy,14.758190155029297
19,layer3,grad_cam,No finding,top_1pct,0.06692935526371002
19,layer3,grad_cam_plus_plus,No finding,entropy,15.578317642211914
19,layer3,grad_cam_plus_plus,No finding,top_1pct,0.024330493062734604
19,layer3,xgrad_cam,No finding,entropy,15.344243049621582
19,layer3,xgrad_cam,No finding,top_1pct,0.04833875596523285
19,layer4,grad_cam,No finding,entropy,14.837797164916992
19,layer4,grad_cam,No finding,top_1pct,0.03803151845932007
19,layer4,grad_cam_plus_plus,No finding,entropy,15.046178817749023
19,layer4,grad_cam_plus_plus,No finding,top_1pct,0.03398662433028221
19,layer4,xgrad_cam,No finding,entropy,14.837799072265625
19,layer4,xgrad_cam,No finding,top_1pct,0.03803152218461037
20,layer3,grad_cam,No finding,entropy,15.003575325012207
20,layer3,grad_cam,No finding,top_1pct,0.03892562910914421
20,layer3,grad_cam_plus_plus,No finding,entropy,15.58326530456543
20,layer3,grad_cam_plus_plus,No finding,top_1pct,0.020609408617019653
20,layer3,xgrad_cam,No finding,entropy,15.230745315551758
20,layer3,xgrad_cam,No finding,top_1pct,0.03507570922374725
20,layer4,grad_cam,No finding,entropy,14.955608367919922
20,layer4,grad_cam,No finding,top_1pct,0.030849464237689972
20,layer4,grad_cam_plus_plus,No finding,entropy,15.12740707397461
20,layer4,grad_cam_plus_plus,No finding,top_1pct,0.02876371331512928
20,layer4,xgrad_cam,No finding,entropy,14.955608367919922
20,layer4,xgrad_cam,No finding,top_1pct,0.030849462375044823
21,layer3,grad_cam,No finding,entropy,14.995349884033203
21,layer3,grad_cam,No finding,top_1pct,0.0420173741877079
21,layer3,grad_cam_plus_plus,No finding,entropy,15.577901840209961
21,layer3,grad_cam_plus_plus,No finding,top_1pct,0.02100704424083233
21,layer3,xgrad_cam,No finding,entropy,15.145483016967773
21,layer3,xgrad_cam,No finding,top_1pct,0.038700930774211884
21,layer4,grad_cam,No finding,entropy,14.653053283691406
21,layer4,grad_cam,No finding,top_1pct,0.03984503820538521
21,layer4,grad_cam_plus_plus,No finding,entropy,14.90947151184082
21,layer4,grad_cam_plus_plus,No finding,top_1pct,0.03613228723406792
21,layer4,xgrad_cam,No finding,entropy,14.653053283691406
21,layer4,xgrad_cam,No finding,top_1pct,0.03984503820538521
22,layer3,grad_cam,No finding,entropy,14.818489074707031
22,layer3,grad_cam,No finding,top_1pct,0.04532558098435402
22,layer3,grad_cam_plus_plus,No finding,entropy,15.585042953491211
22,layer3,grad_cam_plus_plus,No finding,top_1pct,0.01715373806655407
22,layer3,xgrad_cam,No finding,entropy,15.016526222229004
22,layer3,xgrad_cam,No finding,top_1pct,0.03708447143435478
22,layer4,grad_cam,No finding,entropy,14.980632781982422
22,layer4,grad_cam,No finding,top_1pct,0.03290734067559242
22,layer4,grad_cam_plus_plus,No finding,entropy,15.196182250976562
22,layer4,grad_cam_plus_plus,No finding,top_1pct,0.029564736410975456
22,layer4,xgrad_cam,No finding,entropy,14.980632781982422
22,layer4,xgrad_cam,No finding,top_1pct,0.032907333225011826
23,layer3,grad_cam,No finding,entropy,15.086907386779785
23,layer3,grad_cam,No finding,top_1pct,0.040313564240932465
23,layer3,grad_cam_plus_plus,No finding,entropy,15.579955101013184
23,layer3,grad_cam_plus_plus,No finding,top_1pct,0.020575715228915215
23,layer3,xgrad_cam,No finding,entropy,15.190258026123047
23,layer3,xgrad_cam,No finding,top_1pct,0.038470376282930374
23,layer4,grad_cam,No finding,entropy,14.856263160705566
23,layer4,grad_cam,No finding,top_1pct,0.03530082479119301
23,layer4,grad_cam_plus_plus,No finding,entropy,15.047510147094727
23,layer4,grad_cam_plus_plus,No finding,top_1pct,0.03305985406041145
23,layer4,xgrad_cam,No finding,entropy,14.856263160705566
23,layer4,xgrad_cam,No finding,top_1pct,0.03530082479119301
24,layer3,grad_cam,Aortic enlargement,pointing_game,0.0
24,layer3,grad_cam,Aortic enlargement,energy_box,0.05590169131755829
24,layer3,grad_cam,Aortic enlargement,iou,0.07568533718585968
24,layer3,grad_cam,Aortic enlargement,distance,0.5475582234022947
24,layer3,grad_cam_plus_plus,Aortic enlargement,pointing_game,0.0
24,layer3,grad_cam_plus_plus,Aortic enlargement,energy_box,0.015007472597062588
24,layer3,grad_cam_plus_plus,Aortic enlargement,iou,0.027044398710131645
24,layer3,grad_cam_plus_plus,Aortic enlargement,distance,1.0149332431331515
24,layer3,xgrad_cam,Aortic enlargement,pointing_game,0.0
24,layer3,xgrad_cam,Aortic enlargement,energy_box,0.07016760110855103
24,layer3,xgrad_cam,Aortic enlargement,iou,0.14112387597560883
24,layer3,xgrad_cam,Aortic enlargement,distance,0.5475582234022947
24,layer4,grad_cam,Aortic enlargement,pointing_game,0.0
24,layer4,grad_cam,Aortic enlargement,energy_box,0.023562012240290642
24,layer4,grad_cam,Aortic enlargement,iou,0.060962870717048645
24,layer4,grad_cam,Aortic enlargement,distance,0.9240624940117123
24,layer4,grad_cam_plus_plus,Aortic enlargement,pointing_game,0.0
24,layer4,grad_cam_plus_plus,Aortic enlargement,energy_box,0.019954005256295204
24,layer4,grad_cam_plus_plus,Aortic enlargement,iou,0.05091241002082825
24,layer4,grad_cam_plus_plus,Aortic enlargement,distance,1.6844303998940486
24,layer4,xgrad_cam,Aortic enlargement,pointing_game,0.0
24,layer4,xgrad_cam,Aortic enlargement,energy_box,0.023562012240290642
24,layer4,xgrad_cam,Aortic enlargement,iou,0.060962870717048645
24,layer4,xgrad_cam,Aortic enlargement,distance,0.9240624940117123
24,layer3,grad_cam,Cardiomegaly,pointing_game,0.0
24,layer3,grad_cam,Cardiomegaly,energy_box,0.10715882480144501
24,layer3,grad_cam,Cardiomegaly,iou,0.08831647038459778
24,layer3,grad_cam,Cardiomegaly,distance,0.9578973272243425
24,layer3,grad_cam_plus_plus,Cardiomegaly,pointing_game,0.0
24,layer3,grad_cam_plus_plus,Cardiomegaly,energy_box,0.04815108701586723
24,layer3,grad_cam_plus_plus,Cardiomegaly,iou,0.04485682025551796
24,layer3,grad_cam_plus_plus,Cardiomegaly,distance,1.152186344834715
24,layer3,xgrad_cam,Cardiomegaly,pointing_game,1.0
24,layer3,xgrad_cam,Cardiomegaly,energy_box,0.10841468721628189
24,layer3,xgrad_cam,Cardiomegaly,iou,0.1669641137123108
24,layer3,xgrad_cam,Cardiomegaly,distance,0.1456923822644891
24,layer4,grad_cam,Cardiomegaly,pointing_game,0.0
24,layer4,grad_cam,Cardiomegaly,energy_box,0.1135210394859314
24,layer4,grad_cam,Cardiomegaly,iou,0.16615384817123413
24,layer4,grad_cam,Cardiomegaly,distance,0.4900328618745605
24,layer4,grad_cam_plus_plus,Cardiomegaly,pointing_game,1.0
24,layer4,grad_cam_plus_plus,Cardiomegaly,energy_box,0.1267329901456833
24,layer4,grad_cam_plus_plus,Cardiomegaly,iou,0.28759530186653137
24,layer4,grad_cam_plus_plus,Cardiomegaly,distance,0.16514893611987902
24,layer4,xgrad_cam,Cardiomegaly,pointing_game,0.0
24,layer4,xgrad_cam,Cardiomegaly,energy_box,0.11352105438709259
24,layer4,xgrad_cam,Cardiomegaly,iou,0.16615384817123413
24,layer4,xgrad_cam,Cardiomegaly,distance,0.4900328618745605
24,layer3,grad_cam,Lung Opacity,pointing_game,0.0
24,layer3,grad_cam,Lung Opacity,energy_box,0.0
24,layer3,grad_cam,Lung Opacity,iou,0.0
24,layer3,grad_cam,Lung Opacity,distance,0.9110832489685987
24,layer3,grad_cam_plus_plus,Lung Opacity,pointing_game,0.0
24,layer3,grad_cam_plus_plus,Lung Opacity,energy_box,0.03896401822566986
24,layer3,grad_cam_plus_plus,Lung Opacity,iou,0.04240640252828598
24,layer3,grad_cam_plus_plus,Lung Opacity,distance,2.7720444921649467
24,layer3,xgrad_cam,Lung Opacity,pointing_game,0.0
24,layer3,xgrad_cam,Lung Opacity,energy_box,0.0
24,layer3,xgrad_cam,Lung Opacity,iou,0.0
24,layer3,xgrad_cam,Lung Opacity,distance,0.9110832489685987
24,layer4,grad_cam,Lung Opacity,pointing_game,0.0
24,layer4,grad_cam,Lung Opacity,energy_box,0.0
24,layer4,grad_cam,Lung Opacity,iou,0.0
24,layer4,grad_cam,Lung Opacity,distance,2.2245813351851895
24,layer4,grad_cam_plus_plus,Lung Opacity,pointing_game,0.0
24,layer4,grad_cam_plus_plus,Lung Opacity,energy_box,0.044363122433423996
24,layer4,grad_cam_plus_plus,Lung Opacity,iou,0.0477168932557106
24,layer4,grad_cam_plus_plus,Lung Opacity,distance,1.3529073179700666
24,layer4,xgrad_cam,Lung Opacity,pointing_game,0.0
24,layer4,xgrad_cam,Lung Opacity,energy_box,0.0
24,layer4,xgrad_cam,Lung Opacity,iou,0.0
24,layer4,xgrad_cam,Lung Opacity,distance,2.2245813351851895
24,layer3,grad_cam,Other lesion,pointing_game,0.0
24,layer3,grad_cam,Other lesion,energy_box,0.024389203637838364
24,layer3,grad_cam,Other lesion,iou,0.010662177577614784
24,layer3,grad_cam,Other lesion,distance,1.5105849353287162
24,layer3,grad_cam_plus_plus,Other lesion,pointing_game,0.0
24,layer3,grad_cam_plus_plus,Other lesion,energy_box,0.042748887091875076
24,layer3,grad_cam_plus_plus,Other lesion,iou,0.04811026528477669
24,layer3,grad_cam_plus_plus,Other lesion,distance,1.448770545511145
24,layer3,xgrad_cam,Other lesion,pointing_game,0.0
24,layer3,xgrad_cam,Other lesion,energy_box,0.011637379415333271
24,layer3,xgrad_cam,Other lesion,iou,0.0
24,layer3,xgrad_cam,Other lesion,distance,0.9204657125504155
24,layer4,grad_cam,Other lesion,pointing_game,0.0
24,layer4,grad_cam,Other lesion,energy_box,0.0
24,layer4,grad_cam,Other lesion,iou,0.0
24,layer4,grad_cam,Other lesion,distance,2.716101153106467
24,layer4,grad_cam_plus_plus,Other lesion,pointing_game,1.0
24,layer4,grad_cam_plus_plus,Other lesion,energy_box,0.06761551648378372
24,layer4,grad_cam_plus_plus,Other lesion,iou,0.13278430700302124
24,layer4,grad_cam_plus_plus,Other lesion,distance,0.3784358446408774
24,layer4,xgrad_cam,Other lesion,pointing_game,0.0
24,layer4,xgrad_cam,Other lesion,energy_box,0.0
24,layer4,xgrad_cam,Other lesion,iou,0.0
24,layer4,xgrad_cam,Other lesion,distance,2.716101153106467
25,layer3,grad_cam,Cardiomegaly,pointing_game,1.0
25,layer3,grad_cam,Cardiomegaly,energy_box,0.30281710624694824
25,layer3,grad_cam,Cardiomegaly,iou,0.2098885178565979
25,layer3,grad_cam,Cardiomegaly,distance,0.18733967772516946
25,layer3,grad_cam_plus_plus,Cardiomegaly,pointing_game,0.0
25,layer3,grad_cam_plus_plus,Cardiomegaly,energy_box,0.14312569797039032
25,layer3,grad_cam_plus_plus,Cardiomegaly,iou,0.1439763605594635
25,layer3,grad_cam_plus_plus,Cardiomegaly,distance,1.4083949189392515
25,layer3,xgrad_cam,Cardiomegaly,pointing_game,1.0
25,layer3,xgrad_cam,Cardiomegaly,energy_box,0.26090314984321594
25,layer3,xgrad_cam,Cardiomegaly,iou,0.20904280245304108
25,layer3,xgrad_cam,Cardiomegaly,distance,0.18733967772516946
25,layer4,grad_cam,Cardiomegaly,pointing_game,1.0
25,layer4,grad_cam,Cardiomegaly,energy_box,0.33586806058883667
25,layer4,grad_cam,Cardiomegaly,iou,0.4500052034854889
25,layer4,grad_cam,Cardiomegaly,distance,0.1831328968075932
25,layer4,grad_cam_plus_plus,Cardiomegaly,pointing_game,1.0
25,layer4,grad_cam_plus_plus,Cardiomegaly,energy_box,0.25194051861763
25,layer4,grad_cam_plus_plus,Cardiomegaly,iou,0.3736020028591156
25,layer4,grad_cam_plus_plus,Cardiomegaly,distance,0.1831328968075932
25,layer4,xgrad_cam,Cardiomegaly,pointing_game,1.0
25,layer4,xgrad_cam,Cardiomegaly,energy_box,0.3358680307865143
25,layer4,xgrad_cam,Cardiomegaly,iou,0.4500052034854889
25,layer4,xgrad_cam,Cardiomegaly,distance,0.1831328968075932
26,layer3,grad_cam,No finding,entropy,15.266838073730469
26,layer3,grad_cam,No finding,top_1pct,0.029090501368045807
26,layer3,grad_cam_plus_plus,No finding,entropy,15.590585708618164
26,layer3,grad_cam_plus_plus,No finding,top_1pct,0.01574566960334778
26,layer3,xgrad_cam,No finding,entropy,15.13911247253418
26,layer3,xgrad_cam,No finding,top_1pct,0.0366278812289238
26,layer4,grad_cam,No finding,entropy,14.225613594055176
26,layer4,grad_cam,No finding,top_1pct,0.06167027726769447
26,layer4,grad_cam_plus_plus,No finding,entropy,15.088045120239258
26,layer4,grad_cam_plus_plus,No finding,top_1pct,0.03858715295791626
26,layer4,xgrad_cam,No finding,entropy,14.225613594055176
26,layer4,xgrad_cam,No finding,top_1pct,0.06167027726769447
27,layer3,grad_cam,No finding,entropy,14.967886924743652
27,layer3,grad_cam,No finding,top_1pct,0.036842163652181625
27,layer3,grad_cam_plus_plus,No finding,entropy,15.589250564575195
27,layer3,grad_cam_plus_plus,No finding,top_1pct,0.016627473756670952
27,layer3,xgrad_cam,No finding,entropy,14.734399795532227
27,layer3,xgrad_cam,No finding,top_1pct,0.04786207899451256
27,layer4,grad_cam,No finding,entropy,14.7003173828125
27,layer4,grad_cam,No finding,top_1pct,0.04120354726910591
27,layer4,grad_cam_plus_plus,No finding,entropy,15.158000946044922
27,layer4,grad_cam_plus_plus,No finding,top_1pct,0.03238869085907936
27,layer4,xgrad_cam,No finding,entropy,14.7003173828125
27,layer4,xgrad_cam,No finding,top_1pct,0.04120354726910591
28,layer3,grad_cam,Aortic enlargement,pointing_game,0.0
28,layer3,grad_cam,Aortic enlargement,energy_box,0.06355869024991989
28,layer3,grad_cam,Aortic enlargement,iou,0.055381398648023605
28,layer3,grad_cam,Aortic enlargement,distance,0.5545282215050304
28,layer3,grad_cam_plus_plus,Aortic enlargement,pointing_game,0.0
28,layer3,grad_cam_plus_plus,Aortic enlargement,energy_box,0.02923254854977131
28,layer3,grad_cam_plus_plus,Aortic enlargement,iou,0.07333333045244217
28,layer3,grad_cam_plus_plus,Aortic enlargement,distance,1.649612176417905
28,layer3,xgrad_cam,Aortic enlargement,pointing_game,0.0
28,layer3,xgrad_cam,Aortic enlargement,energy_box,0.05405315011739731
28,layer3,xgrad_cam,Aortic enlargement,iou,0.021784232929348946
28,layer3,xgrad_cam,Aortic enlargement,distance,1.9074430275933105
28,layer4,grad_cam,Aortic enlargement,pointing_game,0.0
28,layer4,grad_cam,Aortic enlargement,energy_box,0.046285491436719894
28,layer4,grad_cam,Aortic enlargement,iou,0.09657087922096252
28,layer4,grad_cam,Aortic enlargement,distance,0.9107879956220992
28,layer4,grad_cam_plus_plus,Aortic enlargement,pointing_game,0.0
28,layer4,grad_cam_plus_plus,Aortic enlargement,energy_box,0.04847094789147377
28,layer4,grad_cam_plus_plus,Aortic enlargement,iou,0.13310305774211884
28,layer4,grad_cam_plus_plus,Aortic enlargement,distance,1.0190615270926644
28,layer4,xgrad_cam,Aortic enlargement,pointing_game,0.0
28,layer4,xgrad_cam,Aortic enlargement,energy_box,0.04628549516201019
28,layer4,xgrad_cam,Aortic enlargement,iou,0.09657087922096252
28,layer4,xgrad_cam,Aortic enlargement,distance,0.9107879956220992
28,layer3,grad_cam,Cardiomegaly,pointing_game,1.0
28,layer3,grad_cam,Cardiomegaly,energy_box,0.17362497746944427
28,layer3,grad_cam,Cardiomegaly,iou,0.3631886839866638
28,layer3,grad_cam,Cardiomegaly,distance,0.06573517595091086
28,layer3,grad_cam_plus_plus,Cardiomegaly,pointing_game,0.0
28,layer3,grad_cam_plus_plus,Cardiomegaly,energy_box,0.05098262056708336
28,layer3,grad_cam_plus_plus,Cardiomegaly,iou,0.06703658401966095
28,layer3,grad_cam_plus_plus,Cardiomegaly,distance,1.276423663864514
28,layer3,xgrad_cam,Cardiomegaly,pointing_game,0.0
28,layer3,xgrad_cam,Cardiomegaly,energy_box,0.10693319886922836
28,layer3,xgrad_cam,Cardiomegaly,iou,0.29943934082984924
28,layer3,xgrad_cam,Cardiomegaly,distance,0.19681937527211626
28,layer4,grad_cam,Cardiomegaly,pointing_game,1.0
28,layer4,grad_cam,Cardiomegaly,energy_box,0.14221350848674774
28,layer4,grad_cam,Cardiomegaly,iou,0.22826185822486877
28,layer4,grad_cam,Cardiomegaly,distance,0.3614913455994071
28,layer4,grad_cam_plus_plus,Cardiomegaly,pointing_game,1.0
28,layer4,grad_cam_plus_plus,Cardiomegaly,energy_box,0.12258399277925491
28,layer4,grad_cam_plus_plus,Cardiomegaly,iou,0.2752624750137329
28,layer4,grad_cam_plus_plus,Cardiomegaly,distance,0.3614913455994071
28,layer4,xgrad_cam,Cardiomegaly,pointing_game,1.0
28,layer4,xgrad_cam,Cardiomegaly,energy_box,0.14221349358558655
28,layer4,xgrad_cam,Cardiomegaly,iou,0.22826185822486877
28,layer4,xgrad_cam,Cardiomegaly,distance,0.3614913455994071
28,layer3,grad_cam,Pleural thickening,pointing_game,0.0
28,layer3,grad_cam,Pleural thickening,energy_box,0.010374169796705246
28,layer3,grad_cam,Pleural thickening,iou,0.002352941082790494
28,layer3,grad_cam,Pleural thickening,distance,1.8488043624073067
28,layer3,grad_cam_plus_plus,Pleural thickening,pointing_game,0.0
28,layer3,grad_cam_plus_plus,Pleural thickening,energy_box,0.007245486602187157
28,layer3,grad_cam_plus_plus,Pleural thickening,iou,0.019509125500917435
28,layer3,grad_cam_plus_plus,Pleural thickening,distance,0.6829302696354483
28,layer3,xgrad_cam,Pleural thickening,pointing_game,0.0
28,layer3,xgrad_cam,Pleural thickening,energy_box,0.00588227529078722
28,layer3,xgrad_cam,Pleural thickening,iou,0.0
28,layer3,xgrad_cam,Pleural thickening,distance,1.82665976389509
28,layer4,grad_cam,Pleural thickening,pointing_game,0.0
28,layer4,grad_cam,Pleural thickening,energy_box,8.444896229775622e-05
28,layer4,grad_cam,Pleural thickening,iou,0.0
28,layer4,grad_cam,Pleural thickening,distance,5.866039243790034
28,layer4,grad_cam_plus_plus,Pleural thickening,pointing_game,0.0
28,layer4,grad_cam_plus_plus,Pleural thickening,energy_box,0.004458270967006683
28,layer4,grad_cam_plus_plus,Pleural thickening,iou,0.0
28,layer4,grad_cam_plus_plus,Pleural thickening,distance,3.0076565291828325
28,layer4,xgrad_cam,Pleural thickening,pointing_game,0.0
28,layer4,xgrad_cam,Pleural thickening,energy_box,8.444896957371384e-05
28,layer4,xgrad_cam,Pleural thickening,iou,0.0
28,layer4,xgrad_cam,Pleural thickening,distance,5.866039243790034
29,layer3,grad_cam,Aortic enlargement,pointing_game,0.0
29,layer3,grad_cam,Aortic enlargement,energy_box,0.03425320237874985
29,layer3,grad_cam,Aortic enlargement,iou,0.0
29,layer3,grad_cam,Aortic enlargement,distance,2.5820045940122465
29,layer3,grad_cam_plus_plus,Aortic enlargement,pointing_game,0.0
29,layer3,grad_cam_plus_plus,Aortic enlargement,energy_box,0.018761321902275085
29,layer3,grad_cam_plus_plus,Aortic enlargement,iou,0.029269417747855186
29,layer3,grad_cam_plus_plus,Aortic enlargement,distance,2.12206367479645
29,layer3,xgrad_cam,Aortic enlargement,pointing_game,0.0
29,layer3,xgrad_cam,Aortic enlargement,energy_box,0.021177727729082108
29,layer3,xgrad_cam,Aortic enlargement,iou,0.0
29,layer3,xgrad_cam,Aortic enlargement,distance,2.490614373326929
29,layer4,grad_cam,Aortic enlargement,pointing_game,0.0
29,layer4,grad_cam,Aortic enlargement,energy_box,0.045575037598609924
29,layer4,grad_cam,Aortic enlargement,iou,0.09110558778047562
29,layer4,grad_cam,Aortic enlargement,distance,2.2840863389531316
29,layer4,grad_cam_plus_plus,Aortic enlargement,pointing_game,0.0
29,layer4,grad_cam_plus_plus,Aortic enlargement,energy_box,0.03175755590200424
29,layer4,grad_cam_plus_plus,Aortic enlargement,iou,0.07106432318687439
29,layer4,grad_cam_plus_plus,Aortic enlargement,distance,1.3610738090654086
29,layer4,xgrad_cam,Aortic enlargement,pointing_game,0.0
29,layer4,xgrad_cam,Aortic enlargement,energy_box,0.045575033873319626
29,layer4,xgrad_cam,Aortic enlargement,iou,0.09110558778047562
29,layer4,xgrad_cam,Aortic enlargement,distance,2.2840863389531316
29,layer3,grad_cam,Pleural effusion,pointing_game,0.0
29,layer3,grad_cam,Pleural effusion,energy_box,0.00014220041339285672
29,layer3,grad_cam,Pleural effusion,iou,0.0
29,layer3,grad_cam,Pleural effusion,distance,10.948095640939632
29,layer3,grad_cam_plus_plus,Pleural effusion,pointing_game,0.0
29,layer3,grad_cam_plus_plus,Pleural effusion,energy_box,0.0020071130711585283
29,layer3,grad_cam_plus_plus,Pleural effusion,iou,0.0
29,layer3,grad_cam_plus_plus,Pleural effusion,distance,9.46786582100076
29,layer3,xgrad_cam,Pleural effusion,pointing_game,0.0
29,layer3,xgrad_cam,Pleural effusion,energy_box,0.0012225769460201263
29,layer3,xgrad_cam,Pleural effusion,iou,0.0
29,layer3,xgrad_cam,Pleural effusion,distance,10.948095640939632
29,layer4,grad_cam,Pleural effusion,pointing_game,0.0
29,layer4,grad_cam,Pleural effusion,energy_box,0.004898534156382084
29,layer4,grad_cam,Pleural effusion,iou,0.0
29,layer4,grad_cam,Pleural effusion,distance,8.149393905392179
29,layer4,grad_cam_plus_plus,Pleural effusion,pointing_game,0.0
29,layer4,grad_cam_plus_plus,Pleural effusion,energy_box,0.002242395654320717
29,layer4,grad_cam_plus_plus,Pleural effusion,iou,0.0002790438011288643
29,layer4,grad_cam_plus_plus,Pleural effusion,distance,11.036727943657851
29,layer4,xgrad_cam,Pleural effusion,pointing_game,0.0
29,layer4,xgrad_cam,Pleural effusion,energy_box,0.004898535553365946
29,layer4,xgrad_cam,Pleural effusion,iou,0.0
29,layer4,xgrad_cam,Pleural effusion,distance,8.149393905392179
29,layer3,grad_cam,Pleural thickening,pointing_game,0.0
29,layer3,grad_cam,Pleural thickening,energy_box,0.0006706827552989125
29,layer3,grad_cam,Pleural thickening,iou,0.0
29,layer3,grad_cam,Pleural thickening,distance,2.3922839258932598
29,layer3,grad_cam_plus_plus,Pleural thickening,pointing_game,0.0
29,layer3,grad_cam_plus_plus,Pleural thickening,energy_box,0.002041142201051116
29,layer3,grad_cam_plus_plus,Pleural thickening,iou,0.00010971328447340056
29,layer3,grad_cam_plus_plus,Pleural thickening,distance,9.46786582100076
29,layer3,xgrad_cam,Pleural thickening,pointing_game,0.0
29,layer3,xgrad_cam,Pleural thickening,energy_box,0.0007338566356338561
29,layer3,xgrad_cam,Pleural thickening,iou,0.0
29,layer3,xgrad_cam,Pleural thickening,distance,2.3922839258932598
29,layer4,grad_cam,Pleural thickening,pointing_game,0.0
29,layer4,grad_cam,Pleural thickening,energy_box,0.002131349639967084
29,layer4,grad_cam,Pleural thickening,iou,0.0
29,layer4,grad_cam,Pleural thickening,distance,2.512512502835014
29,layer4,grad_cam_plus_plus,Pleural thickening,pointing_game,0.0
29,layer4,grad_cam_plus_plus,Pleural thickening,energy_box,0.0018107076175510883
29,layer4,grad_cam_plus_plus,Pleural thickening,iou,0.0
29,layer4,grad_cam_plus_plus,Pleural thickening,distance,2.512512502835014
29,layer4,xgrad_cam,Pleural thickening,pointing_game,0.0
29,layer4,xgrad_cam,Pleural thickening,energy_box,0.002131349639967084
29,layer4,xgrad_cam,Pleural thickening,iou,0.0
29,layer4,xgrad_cam,Pleural thickening,distance,2.512512502835014
30,layer3,grad_cam,No finding,entropy,14.812264442443848
30,layer3,grad_cam,No finding,top_1pct,0.047137413173913956
30,layer3,grad_cam_plus_plus,No finding,entropy,15.578372955322266
30,layer3,grad_cam_plus_plus,No finding,top_1pct,0.01933940500020981
30,layer3,xgrad_cam,No finding,entropy,15.070867538452148
30,layer3,xgrad_cam,No finding,top_1pct,0.03404312953352928
30,layer4,grad_cam,No finding,entropy,14.909814834594727
30,layer4,grad_cam,No finding,top_1pct,0.03613685816526413
30,layer4,grad_cam_plus_plus,No finding,entropy,15.115225791931152
30,layer4,grad_cam_plus_plus,No finding,top_1pct,0.03248688578605652
30,layer4,xgrad_cam,No finding,entropy,14.909812927246094
30,layer4,xgrad_cam,No finding,top_1pct,0.03613685443997383
31,layer3,grad_cam,No finding,entropy,14.922211647033691
31,layer3,grad_cam,No finding,top_1pct,0.03997299075126648
31,layer3,grad_cam_plus_plus,No finding,entropy,15.579254150390625
31,layer3,grad_cam_plus_plus,No finding,top_1pct,0.016770830377936363
31,layer3,xgrad_cam,No finding,entropy,14.888944625854492
31,layer3,xgrad_cam,No finding,top_1pct,0.04763126000761986
31,layer4,grad_cam,No finding,entropy,14.31971549987793
31,layer4,grad_cam,No finding,top_1pct,0.0517500638961792
31,layer4,grad_cam_plus_plus,No finding,entropy,14.917640686035156
31,layer4,grad_cam_plus_plus,No finding,top_1pct,0.04023987054824829
31,layer4,xgrad_cam,No finding,entropy,14.31971549987793
31,layer4,xgrad_cam,No finding,top_1pct,0.0517500638961792
32,layer3,grad_cam,No finding,entropy,14.855058670043945
32,layer3,grad_cam,No finding,top_1pct,0.04646916687488556
32,layer3,grad_cam_plus_plus,No finding,entropy,15.57016372680664
32,layer3,grad_cam_plus_plus,No finding,top_1pct,0.02224200963973999
32,layer3,xgrad_cam,No finding,entropy,15.08930778503418
32,layer3,xgrad_cam,No finding,top_1pct,0.04231378063559532
32,layer4,grad_cam,No finding,entropy,14.787128448486328
32,layer4,grad_cam,No finding,top_1pct,0.03542174771428108
32,layer4,grad_cam_plus_plus,No finding,entropy,15.004182815551758
32,layer4,grad_cam_plus_plus,No finding,top_1pct,0.032304417341947556
32,layer4,xgrad_cam,No finding,entropy,14.787130355834961
32,layer4,xgrad_cam,No finding,top_1pct,0.03542174771428108
33,layer3,grad_cam,No finding,entropy,14.968482971191406
33,layer3,grad_cam,No finding,top_1pct,0.03328966721892357
33,layer3,grad_cam_plus_plus,No finding,entropy,15.582695960998535
33,layer3,grad_cam_plus_plus,No finding,top_1pct,0.0162748321890831
33,layer3,xgrad_cam,No finding,entropy,14.776500701904297
33,layer3,xgrad_cam,No finding,top_1pct,0.04095541685819626
33,layer4,grad_cam,No finding,entropy,14.190531730651855
33,layer4,grad_cam,No finding,top_1pct,0.05110304430127144
33,layer4,grad_cam_plus_plus,No finding,entropy,14.872880935668945
33,layer4,grad_cam_plus_plus,No finding,top_1pct,0.04110667109489441
33,layer4,xgrad_cam,No finding,entropy,14.190532684326172
33,layer4,xgrad_cam,No finding,top_1pct,0.05110304802656174
34,layer3,grad_cam,No finding,entropy,15.002649307250977
34,layer3,grad_cam,No finding,top_1pct,0.039141569286584854
34,layer3,grad_cam_plus_plus,No finding,entropy,15.59099006652832
34,layer3,grad_cam_plus_plus,No finding,top_1pct,0.01651008613407612
34,layer3,xgrad_cam,No finding,entropy,14.984991073608398
34,layer3,xgrad_cam,No finding,top_1pct,0.03987474739551544
34,layer4,grad_cam,No finding,entropy,14.772627830505371
34,layer4,grad_cam,No finding,top_1pct,0.036524031311273575
34,layer4,grad_cam_plus_plus,No finding,entropy,15.120731353759766
34,layer4,grad_cam_plus_plus,No finding,top_1pct,0.030162038281559944
34,layer4,xgrad_cam,No finding,entropy,14.772626876831055
34,layer4,xgrad_cam,No finding,top_1pct,0.036524031311273575
35,layer3,grad_cam,No finding,entropy,14.819137573242188
35,layer3,grad_cam,No finding,top_1pct,0.04331456869840622
35,layer3,grad_cam_plus_plus,No finding,entropy,15.584434509277344
35,layer3,grad_cam_plus_plus,No finding,top_1pct,0.017429063096642494
35,layer3,xgrad_cam,No finding,entropy,15.093223571777344
35,layer3,xgrad_cam,No finding,top_1pct,0.0336311049759388
35,layer4,grad_cam,No finding,entropy,15.013055801391602
35,layer4,grad_cam,No finding,top_1pct,0.031638141721487045
35,layer4,grad_cam_plus_plus,No finding,entropy,15.204941749572754
35,layer4,grad_cam_plus_plus,No finding,top_1pct,0.028455164283514023
35,layer4,xgrad_cam,No finding,entropy,15.013055801391602
35,layer4,xgrad_cam,No finding,top_1pct,0.031638141721487045
36,layer3,grad_cam,No finding,entropy,14.973633766174316
36,layer3,grad_cam,No finding,top_1pct,0.0489322692155838
36,layer3,grad_cam_plus_plus,No finding,entropy,15.581891059875488
36,layer3,grad_cam_plus_plus,No finding,top_1pct,0.01738608442246914
36,layer3,xgrad_cam,No finding,entropy,14.943785667419434
36,layer3,xgrad_cam,No finding,top_1pct,0.04557067155838013
36,layer4,grad_cam,No finding,entropy,14.755824089050293
36,layer4,grad_cam,No finding,top_1pct,0.041051674634218216
36,layer4,grad_cam_plus_plus,No finding,entropy,15.123250007629395
36,layer4,grad_cam_plus_plus,No finding,top_1pct,0.033505357801914215
36,layer4,xgrad_cam,No finding,entropy,14.75582504272461
36,layer4,xgrad_cam,No finding,top_1pct,0.041051674634218216
37,layer3,grad_cam,Aortic enlargement,pointing_game,0.0
37,layer3,grad_cam,Aortic enlargement,energy_box,0.000242114212596789
37,layer3,grad_cam,Aortic enlargement,iou,0.0
37,layer3,grad_cam,Aortic enlargement,distance,5.005403854789974
37,layer3,grad_cam_plus_plus,Aortic enlargement,pointing_game,0.0
37,layer3,grad_cam_plus_plus,Aortic enlargement,energy_box,0.008036472834646702
37,layer3,grad_cam_plus_plus,Aortic enlargement,iou,0.0
37,layer3,grad_cam_plus_plus,Aortic enlargement,distance,5.005403854789974
37,layer3,xgrad_cam,Aortic enlargement,pointing_game,0.0
37,layer3,xgrad_cam,Aortic enlargement,energy_box,0.001048351638019085
37,layer3,xgrad_cam,Aortic enlargement,iou,0.0
37,layer3,xgrad_cam,Aortic enlargement,distance,5.005403854789974
37,layer4,grad_cam,Aortic enlargement,pointing_game,0.0
37,layer4,grad_cam,Aortic enlargement,energy_box,0.0022244122810661793
37,layer4,grad_cam,Aortic enlargement,iou,0.0
37,layer4,grad_cam,Aortic enlargement,distance,4.927068733325151
37,layer4,grad_cam_plus_plus,Aortic enlargement,pointing_game,0.0
37,layer4,grad_cam_plus_plus,Aortic enlargement,energy_box,0.012370769865810871
37,layer4,grad_cam_plus_plus,Aortic enlargement,iou,0.02952118031680584
37,layer4,grad_cam_plus_plus,Aortic enlargement,distance,4.927068733325151
37,layer4,xgrad_cam,Aortic enlargement,pointing_game,0.0
37,layer4,xgrad_cam,Aortic enlargement,energy_box,0.0022244120482355356
37,layer4,xgrad_cam,Aortic enlargement,iou,0.0
37,layer4,xgrad_cam,Aortic enlargement,distance,4.927068733325151
37,layer3,grad_cam,Calcification,pointing_game,0.0
37,layer3,grad_cam,Calcification,energy_box,0.0
37,layer3,grad_cam,Calcification,iou,0.0
37,layer3,grad_cam,Calcification,distance,2.6022475438581285
37,layer3,grad_cam_plus_plus,Calcification,pointing_game,0.0
37,layer3,grad_cam_plus_plus,Calcification,energy_box,0.008110123686492443
37,layer3,grad_cam_plus_plus,Calcification,iou,0.0
37,layer3,grad_cam_plus_plus,Calcification,distance,3.9363444087716593
37,layer3,xgrad_cam,Calcification,pointing_game,0.0
37,layer3,xgrad_cam,Calcification,energy_box,0.0001396549487253651
37,layer3,xgrad_cam,Calcification,iou,0.0
37,layer3,xgrad_cam,Calcification,distance,2.6022475438581285
37,layer4,grad_cam,Calcification,pointing_game,0.0
37,layer4,grad_cam,Calcification,energy_box,0.0009970949031412601
37,layer4,grad_cam,Calcification,iou,0.0
37,layer4,grad_cam,Calcification,distance,2.5126239523431186
37,layer4,grad_cam_plus_plus,Calcification,pointing_game,0.0
37,layer4,grad_cam_plus_plus,Calcification,energy_box,0.008094821125268936
37,layer4,grad_cam_plus_plus,Calcification,iou,0.0
37,layer4,grad_cam_plus_plus,Calcification,distance,1.3474179194173062
37,layer4,xgrad_cam,Calcification,pointing_game,0.0
37,layer4,xgrad_cam,Calcification,energy_box,0.0009970949031412601
37,layer4,xgrad_cam,Calcification,iou,0.0
37,layer4,xgrad_cam,Calcification,distance,2.5126239523431186
37,layer3,grad_cam,Nodule/Mass,pointing_game,0.0
37,layer3,grad_cam,Nodule/Mass,energy_box,0.0009635947644710541
37,layer3,grad_cam,Nodule/Mass,iou,0.0
37,layer3,grad_cam,Nodule/Mass,distance,3.395985041055264
37,layer3,grad_cam_plus_plus,Nodule/Mass,pointing_game,0.0
37,layer3,grad_cam_plus_plus,Nodule/Mass,energy_box,0.025857247412204742
37,layer3,grad_cam_plus_plus,Nodule/Mass,iou,0.0
37,layer3,grad_cam_plus_plus,Nodule/Mass,distance,3.6486392816781903
37,layer3,xgrad_cam,Nodule/Mass,pointing_game,0.0
37,layer3,xgrad_cam,Nodule/Mass,energy_box,0.01590570993721485
37,layer3,xgrad_cam,Nodule/Mass,iou,0.0
37,layer3,xgrad_cam,Nodule/Mass,distance,3.6397894280702645
37,layer4,grad_cam,Nodule/Mass,pointing_game,0.0
37,layer4,grad_cam,Nodule/Mass,energy_box,0.0631181001663208
37,layer4,grad_cam,Nodule/Mass,iou,0.0
37,layer4,grad_cam,Nodule/Mass,distance,3.130535737249937
37,layer4,grad_cam_plus_plus,Nodule/Mass,pointing_game,0.0
37,layer4,grad_cam_plus_plus,Nodule/Mass,energy_box,0.02782760187983513
37,layer4,grad_cam_plus_plus,Nodule/Mass,iou,0.007002911530435085
37,layer4,grad_cam_plus_plus,Nodule/Mass,distance,3.5794691837998878
37,layer4,xgrad_cam,Nodule/Mass,pointing_game,0.0
37,layer4,xgrad_cam,Nodule/Mass,energy_box,0.0631181001663208
37,layer4,xgrad_cam,Nodule/Mass,iou,0.0
37,layer4,xgrad_cam,Nodule/Mass,distance,3.130535737249937
37,layer3,grad_cam,Pulmonary fibrosis,pointing_game,0.0
37,layer3,grad_cam,Pulmonary fibrosis,energy_box,0.018246937543153763
37,layer3,grad_cam,Pulmonary fibrosis,iou,0.0
37,layer3,grad_cam,Pulmonary fibrosis,distance,1.731025613143896
37,layer3,grad_cam_plus_plus,Pulmonary fibrosis,pointing_game,0.0
37,layer3,grad_cam_plus_plus,Pulmonary fibrosis,energy_box,0.026453375816345215
37,layer3,grad_cam_plus_plus,Pulmonary fibrosis,iou,0.0
37,layer3,grad_cam_plus_plus,Pulmonary fibrosis,distance,1.7457266787738752
37,layer3,xgrad_cam,Pulmonary fibrosis,pointing_game,0.0
37,layer3,xgrad_cam,Pulmonary fibrosis,energy_box,0.005758646409958601
37,layer3,xgrad_cam,Pulmonary fibrosis,iou,0.0
37,layer3,xgrad_cam,Pulmonary fibrosis,distance,1.731025613143896
37,layer4,grad_cam,Pulmonary fibrosis,pointing_game,0.0
37,layer4,grad_cam,Pulmonary fibrosis,energy_box,0.03276938945055008
37,layer4,grad_cam,Pulmonary fibrosis,iou,0.0
37,layer4,grad_cam,Pulmonary fibrosis,distance,1.6305614733591132
37,layer4,grad_cam_plus_plus,Pulmonary fibrosis,pointing_game,0.0
37,layer4,grad_cam_plus_plus,Pulmonary fibrosis,energy_box,0.023446977138519287
37,layer4,grad_cam_plus_plus,Pulmonary fibrosis,iou,0.0
37,layer4,grad_cam_plus_plus,Pulmonary fibrosis,distance,1.616586388671495
37,layer4,xgrad_cam,Pulmonary fibrosis,pointing_game,0.0
37,layer4,xgrad_cam,Pulmonary fibrosis,energy_box,0.032769400626420975
37,layer4,xgrad_cam,Pulmonary fibrosis,iou,0.0
37,layer4,xgrad_cam,Pulmonary fibrosis,distance,1.6305614733591132
38,layer3,grad_cam,No finding,entropy,15.038352966308594
38,layer3,grad_cam,No finding,top_1pct,0.04238666966557503
38,layer3,grad_cam_plus_plus,No finding,entropy,15.558765411376953
38,layer3,grad_cam_plus_plus,No finding,top_1pct,0.025953052565455437
38,layer3,xgrad_cam,No finding,entropy,15.057148933410645
38,layer3,xgrad_cam,No finding,top_1pct,0.043244749307632446
38,layer4,grad_cam,No finding,entropy,14.1688814163208
38,layer4,grad_cam,No finding,top_1pct,0.06266262382268906
38,layer4,grad_cam_plus_plus,No finding,entropy,14.762886047363281
38,layer4,grad_cam_plus_plus,No finding,top_1pct,0.04821234941482544
38,layer4,xgrad_cam,No finding,entropy,14.168882369995117
38,layer4,xgrad_cam,No finding,top_1pct,0.06266263127326965
39,layer3,grad_cam,No finding,entropy,14.86219310760498
39,layer3,grad_cam,No finding,top_1pct,0.04013509675860405
39,layer3,grad_cam_plus_plus,No finding,entropy,15.57512378692627
39,layer3,grad_cam_plus_plus,No finding,top_1pct,0.017130209133028984
39,layer3,xgrad_cam,No finding,entropy,14.651309967041016
39,layer3,xgrad_cam,No finding,top_1pct,0.04724426940083504
39,layer4,grad_cam,No finding,entropy,14.322283744812012
39,layer4,grad_cam,No finding,top_1pct,0.04778653383255005
39,layer4,grad_cam_plus_plus,No finding,entropy,14.786269187927246
39,layer4,grad_cam_plus_plus,No finding,top_1pct,0.042104996740818024
39,layer4,xgrad_cam,No finding,entropy,14.322282791137695
39,layer4,xgrad_cam,No finding,top_1pct,0.04778653383255005
40,layer3,grad_cam,Calcification,pointing_game,0.0
40,layer3,grad_cam,Calcification,energy_box,1.0321398804080673e-05
40,layer3,grad_cam,Calcification,iou,0.0
40,layer3,grad_cam,Calcification,distance,2.7849232473895147
40,layer3,grad_cam_plus_plus,Calcification,pointing_game,0.0
40,layer3,grad_cam_plus_plus,Calcification,energy_box,0.008769182488322258
40,layer3,grad_cam_plus_plus,Calcification,iou,0.008308782242238522
40,layer3,grad_cam_plus_plus,Calcification,distance,4.980904451319683
40,layer3,xgrad_cam,Calcification,pointing_game,0.0
40,layer3,xgrad_cam,Calcification,energy_box,0.0
40,layer3,xgrad_cam,Calcification,iou,0.0
40,layer3,xgrad_cam,Calcification,distance,2.7849232473895147
40,layer4,grad_cam,Calcification,pointing_game,0.0
40,layer4,grad_cam,Calcification,energy_box,0.0
40,layer4,grad_cam,Calcification,iou,0.0
40,layer4,grad_cam,Calcification,distance,5.1870121979229316
40,layer4,grad_cam_plus_plus,Calcification,pointing_game,0.0
40,layer4,grad_cam_plus_plus,Calcification,energy_box,0.01871296763420105
40,layer4,grad_cam_plus_plus,Calcification,iou,0.03799410164356232
40,layer4,grad_cam_plus_plus,Calcification,distance,1.9707022783585824
40,layer4,xgrad_cam,Calcification,pointing_game,0.0
40,layer4,xgrad_cam,Calcification,energy_box,0.0
40,layer4,xgrad_cam,Calcification,iou,0.0
40,layer4,xgrad_cam,Calcification,distance,5.1870121979229316
40,layer3,grad_cam,Pulmonary fibrosis,pointing_game,0.0
40,layer3,grad_cam,Pulmonary fibrosis,energy_box,3.8320380554068834e-05
40,layer3,grad_cam,Pulmonary fibrosis,iou,0.0
40,layer3,grad_cam,Pulmonary fibrosis,distance,2.8729369989103106
40,layer3,grad_cam_plus_plus,Pulmonary fibrosis,pointing_game,0.0
40,layer3,grad_cam_plus_plus,Pulmonary fibrosis,energy_box,0.006159148644655943
40,layer3,grad_cam_plus_plus,Pulmonary fibrosis,iou,0.0011378290364518762
40,layer3,grad_cam_plus_plus,Pulmonary fibrosis,distance,2.9024220325985426
40,layer3,xgrad_cam,Pulmonary fibrosis,pointing_game,0.0
40,layer3,xgrad_cam,Pulmonary fibrosis,energy_box,0.0
40,layer3,xgrad_cam,Pulmonary fibrosis,iou,0.0
40,layer3,xgrad_cam,Pulmonary fibrosis,distance,2.8729369989103106
40,layer4,grad_cam,Pulmonary fibrosis,pointing_game,0.0
40,layer4,grad_cam,Pulmonary fibrosis,energy_box,0.0
40,layer4,grad_cam,Pulmonary fibrosis,iou,0.0
40,layer4,grad_cam,Pulmonary fibrosis,distance,4.706389753328164
40,layer4,grad_cam_plus_plus,Pulmonary fibrosis,pointing_game,0.0
40,layer4,grad_cam_plus_plus,Pulmonary fibrosis,energy_box,0.011261217296123505
40,layer4,grad_cam_plus_plus,Pulmonary fibrosis,iou,0.0035627942997962236
40,layer4,grad_cam_plus_plus,Pulmonary fibrosis,distance,2.239094843471852
40,layer4,xgrad_cam,Pulmonary fibrosis,pointing_game,0.0
40,layer4,xgrad_cam,Pulmonary fibrosis,energy_box,0.0
40,layer4,xgrad_cam,Pulmonary fibrosis,iou,0.0
40,layer4,xgrad_cam,Pulmonary fibrosis,distance,4.706389753328164
41,layer3,grad_cam,No finding,entropy,15.026693344116211
41,layer3,grad_cam,No finding,top_1pct,0.03993476182222366
41,layer3,grad_cam_plus_plus,No finding,entropy,15.569120407104492
41,layer3,grad_cam_plus_plus,No finding,top_1pct,0.02229205332696438
41,layer3,xgrad_cam,No finding,entropy,15.252067565917969
41,layer3,xgrad_cam,No finding,top_1pct,0.032430198043584824
41,layer4,grad_cam,No finding,entropy,14.970390319824219
41,layer4,grad_cam,No finding,top_1pct,0.03056146204471588
41,layer4,grad_cam_plus_plus,No finding,entropy,15.16253662109375
41,layer4,grad_cam_plus_plus,No finding,top_1pct,0.028245320543646812
41,layer4,xgrad_cam,No finding,entropy,14.970390319824219
41,layer4,xgrad_cam,No finding,top_1pct,0.03056146204471588
42,layer3,grad_cam,No finding,entropy,15.050880432128906
42,layer3,grad_cam,No finding,top_1pct,0.03779902681708336
42,layer3,grad_cam_plus_plus,No finding,entropy,15.589033126831055
42,layer3,grad_cam_plus_plus,No finding,top_1pct,0.017098257318139076
42,layer3,xgrad_cam,No finding,entropy,15.167610168457031
42,layer3,xgrad_cam,No finding,top_1pct,0.03206788748502731
42,layer4,grad_cam,No finding,entropy,14.990633010864258
42,layer4,grad_cam,No finding,top_1pct,0.031481992453336716
42,layer4,grad_cam_plus_plus,No finding,entropy,15.211557388305664
42,layer4,grad_cam_plus_plus,No finding,top_1pct,0.027667734771966934
42,layer4,xgrad_cam,No finding,entropy,14.990632057189941
42,layer4,xgrad_cam,No finding,top_1pct,0.03148198872804642
43,layer3,grad_cam,No finding,entropy,15.05793571472168
43,layer3,grad_cam,No finding,top_1pct,0.037191420793533325
43,layer3,grad_cam_plus_plus,No finding,entropy,15.588603973388672
43,layer3,grad_cam_plus_plus,No finding,top_1pct,0.016368186101317406
43,layer3,xgrad_cam,No finding,entropy,14.974320411682129
43,layer3,xgrad_cam,No finding,top_1pct,0.04311932623386383
43,layer4,grad_cam,No finding,entropy,14.289937973022461
43,layer4,grad_cam,No finding,top_1pct,0.05420928820967674
43,layer4,grad_cam_plus_plus,No finding,entropy,15.001282691955566
43,layer4,grad_cam_plus_plus,No finding,top_1pct,0.040691077709198
43,layer4,xgrad_cam,No finding,entropy,14.289935111999512
43,layer4,xgrad_cam,No finding,top_1pct,0.054209280759096146
44,layer3,grad_cam,No finding,entropy,15.268064498901367
44,layer3,grad_cam,No finding,top_1pct,0.036654550582170486
44,layer3,grad_cam_plus_plus,No finding,entropy,15.396804809570312
44,layer3,grad_cam_plus_plus,No finding,top_1pct,0.04948044568300247
44,layer3,xgrad_cam,No finding,entropy,14.93004322052002
44,layer3,xgrad_cam,No finding,top_1pct,0.08451376110315323
44,layer4,grad_cam,No finding,entropy,14.626802444458008
44,layer4,grad_cam,No finding,top_1pct,0.04118518903851509
44,layer4,grad_cam_plus_plus,No finding,entropy,14.907530784606934
44,layer4,grad_cam_plus_plus,No finding,top_1pct,0.03674812242388725
44,layer4,xgrad_cam,No finding,entropy,14.626802444458008
44,layer4,xgrad_cam,No finding,top_1pct,0.04118519276380539
45,layer3,grad_cam,Aortic enlargement,pointing_game,0.0
45,layer3,grad_cam,Aortic enlargement,energy_box,0.03081323206424713
45,layer3,grad_cam,Aortic enlargement,iou,0.016136687248945236
45,layer3,grad_cam,Aortic enlargement,distance,2.085456976936318
45,layer3,grad_cam_plus_plus,Aortic enlargement,pointing_game,0.0
45,layer3,grad_cam_plus_plus,Aortic enlargement,energy_box,0.01658782549202442
45,layer3,grad_cam_plus_plus,Aortic enlargement,iou,0.022117728367447853
45,layer3,grad_cam_plus_plus,Aortic enlargement,distance,2.219798002846359
45,layer3,xgrad_cam,Aortic enlargement,pointing_game,0.0
45,layer3,xgrad_cam,Aortic enlargement,energy_box,0.023457437753677368
45,layer3,xgrad_cam,Aortic enlargement,iou,0.0
45,layer3,xgrad_cam,Aortic enlargement,distance,2.060617716561119
45,layer4,grad_cam,Aortic enlargement,pointing_game,0.0
45,layer4,grad_cam,Aortic enlargement,energy_box,0.021121541038155556
45,layer4,grad_cam,Aortic enlargement,iou,0.012222077697515488
45,layer4,grad_cam,Aortic enlargement,distance,0.7573875354906301
45,layer4,grad_cam_plus_plus,Aortic enlargement,pointing_game,0.0
45,layer4,grad_cam_plus_plus,Aortic enlargement,energy_box,0.022477513179183006
45,layer4,grad_cam_plus_plus,Aortic enlargement,iou,0.04287971183657646
45,layer4,grad_cam_plus_plus,Aortic enlargement,distance,1.693229660209074
45,layer4,xgrad_cam,Aortic enlargement,pointing_game,0.0
45,layer4,xgrad_cam,Aortic enlargement,energy_box,0.021121535450220108
45,layer4,xgrad_cam,Aortic enlargement,iou,0.012222077697515488
45,layer4,xgrad_cam,Aortic enlargement,distance,0.7573875354906301
45,layer3,grad_cam,Cardiomegaly,pointing_game,0.0
45,layer3,grad_cam,Cardiomegaly,energy_box,0.07911442965269089
45,layer3,grad_cam,Cardiomegaly,iou,0.15916799008846283
45,layer3,grad_cam,Cardiomegaly,distance,0.15472846033091006
45,layer3,grad_cam_plus_plus,Cardiomegaly,pointing_game,0.0
45,layer3,grad_cam_plus_plus,Cardiomegaly,energy_box,0.04436076804995537
45,layer3,grad_cam_plus_plus,Cardiomegaly,iou,0.05251414328813553
45,layer3,grad_cam_plus_plus,Cardiomegaly,distance,1.4788547306551012
45,layer3,xgrad_cam,Cardiomegaly,pointing_game,0.0
45,layer3,xgrad_cam,Cardiomegaly,energy_box,0.07631026208400726
45,layer3,xgrad_cam,Cardiomegaly,iou,0.17551369965076447
45,layer3,xgrad_cam,Cardiomegaly,distance,0.16484174968727053
45,layer4,grad_cam,Cardiomegaly,pointing_game,0.0
45,layer4,grad_cam,Cardiomegaly,energy_box,0.08298730105161667
45,layer4,grad_cam,Cardiomegaly,iou,0.08562500029802322
45,layer4,grad_cam,Cardiomegaly,distance,0.5544909380453384
45,layer4,grad_cam_plus_plus,Cardiomegaly,pointing_game,1.0
45,layer4,grad_cam_plus_plus,Cardiomegaly,energy_box,0.11100974678993225
45,layer4,grad_cam_plus_plus,Cardiomegaly,iou,0.1758929193019867
45,layer4,grad_cam_plus_plus,Cardiomegaly,distance,0.23111949284372005
45,layer4,xgrad_cam,Cardiomegaly,pointing_game,0.0
45,layer4,xgrad_cam,Cardiomegaly,energy_box,0.08298727869987488
45,layer4,xgrad_cam,Cardiomegaly,iou,0.08562500029802322
45,layer4,xgrad_cam,Cardiomegaly,distance,0.5544909380453384
46,layer3,grad_cam,No finding,entropy,14.729144096374512
46,layer3,grad_cam,No finding,top_1pct,0.05103021487593651
46,layer3,grad_cam_plus_plus,No finding,entropy,15.578371047973633
46,layer3,grad_cam_plus_plus,No finding,top_1pct,0.01906854286789894
46,layer3,xgrad_cam,No finding,entropy,15.24321460723877
46,layer3,xgrad_cam,No finding,top_1pct,0.03487273305654526
46,layer4,grad_cam,No finding,entropy,14.910951614379883
46,layer4,grad_cam,No finding,top_1pct,0.03287889435887337
46,layer4,grad_cam_plus_plus,No finding,entropy,15.079543113708496
46,layer4,grad_cam_plus_plus,No finding,top_1pct,0.03051038272678852
46,layer4,xgrad_cam,No finding,entropy,14.910951614379883
46,layer4,xgrad_cam,No finding,top_1pct,0.03287889435887337
47,layer3,grad_cam,No finding,entropy,14.74915885925293
47,layer3,grad_cam,No finding,top_1pct,0.05944949388504028
47,layer3,grad_cam_plus_plus,No finding,entropy,15.57727336883545
47,layer3,grad_cam_plus_plus,No finding,top_1pct,0.016955310478806496
47,layer3,xgrad_cam,No finding,entropy,14.907081604003906
47,layer3,xgrad_cam,No finding,top_1pct,0.057829439640045166
47,layer4,grad_cam,No finding,entropy,14.372942924499512
47,layer4,grad_cam,No finding,top_1pct,0.05243096128106117
47,layer4,grad_cam_plus_plus,No finding,entropy,14.883930206298828
47,layer4,grad_cam_plus_plus,No finding,top_1pct,0.042147986590862274
47,layer4,xgrad_cam,No finding,entropy,14.372942924499512
47,layer4,xgrad_cam,No finding,top_1pct,0.05243096500635147
48,layer3,grad_cam,Aortic enlargement,pointing_game,0.0
48,layer3,grad_cam,Aortic enlargement,energy_box,0.09525513648986816
48,layer3,grad_cam,Aortic enlargement,iou,0.15206611156463623
48,layer3,grad_cam,Aortic enlargement,distance,2.23559837758911
48,layer3,grad_cam_plus_plus,Aortic enlargement,pointing_game,0.0
48,layer3,grad_cam_plus_plus,Aortic enlargement,energy_box,0.01941230334341526
48,layer3,grad_cam_plus_plus,Aortic enlargement,iou,0.06769995391368866
48,layer3,grad_cam_plus_plus,Aortic enlargement,distance,1.9315952992786871
48,layer3,xgrad_cam,Aortic enlargement,pointing_game,0.0
48,layer3,xgrad_cam,Aortic enlargement,energy_box,0.09912732243537903
48,layer3,xgrad_cam,Aortic enlargement,iou,0.17037470638751984
48,layer3,xgrad_cam,Aortic enlargement,distance,2.23559837758911
48,layer4,grad_cam,Aortic enlargement,pointing_game,0.0
48,layer4,grad_cam,Aortic enlargement,energy_box,0.02499811351299286
48,layer4,grad_cam,Aortic enlargement,iou,0.0348641499876976
48,layer4,grad_cam,Aortic enlargement,distance,0.5943897090573884
48,layer4,grad_cam_plus_plus,Aortic enlargement,pointing_game,0.0
48,layer4,grad_cam_plus_plus,Aortic enlargement,energy_box,0.02818089723587036
48,layer4,grad_cam_plus_plus,Aortic enlargement,iou,0.06690455228090286
48,layer4,grad_cam_plus_plus,Aortic enlargement,distance,1.1999638216995843
48,layer4,xgrad_cam,Aortic enlargement,pointing_game,0.0
48,layer4,xgrad_cam,Aortic enlargement,energy_box,0.02499810978770256
48,layer4,xgrad_cam,Aortic enlargement,iou,0.0348641499876976
48,layer4,xgrad_cam,Aortic enlargement,distance,0.5943897090573884
48,layer3,grad_cam,Cardiomegaly,pointing_game,0.0
48,layer3,grad_cam,Cardiomegaly,energy_box,0.08149725198745728
48,layer3,grad_cam,Cardiomegaly,iou,0.0971689522266388
48,layer3,grad_cam,Cardiomegaly,distance,0.9311714050528187
48,layer3,grad_cam_plus_plus,Cardiomegaly,pointing_game,0.0
48,layer3,grad_cam_plus_plus,Cardiomegaly,energy_box,0.04773222282528877
48,layer3,grad_cam_plus_plus,Cardiomegaly,iou,0.037077754735946655
48,layer3,grad_cam_plus_plus,Cardiomegaly,distance,1.156447996297289
48,layer3,xgrad_cam,Cardiomegaly,pointing_game,0.0
48,layer3,xgrad_cam,Cardiomegaly,energy_box,0.07650205492973328
48,layer3,xgrad_cam,Cardiomegaly,iou,0.10869564861059189
48,layer3,xgrad_cam,Cardiomegaly,distance,0.25798881401283774
48,layer4,grad_cam,Cardiomegaly,pointing_game,0.0
48,layer4,grad_cam,Cardiomegaly,energy_box,0.10234563797712326
48,layer4,grad_cam,Cardiomegaly,iou,0.10648287087678909
48,layer4,grad_cam,Cardiomegaly,distance,0.5598864136454562
48,layer4,grad_cam_plus_plus,Cardiomegaly,pointing_game,1.0
48,layer4,grad_cam_plus_plus,Cardiomegaly,energy_box,0.13229137659072876
48,layer4,grad_cam_plus_plus,Cardiomegaly,iou,0.2389318346977234
48,layer4,grad_cam_plus_plus,Cardiomegaly,distance,0.21275298873833948
48,layer4,xgrad_cam,Cardiomegaly,pointing_game,0.0
48,layer4,xgrad_cam,Cardiomegaly,energy_box,0.10234563052654266
48,layer4,xgrad_cam,Cardiomegaly,iou,0.10648287087678909
48,layer4,xgrad_cam,Cardiomegaly,distance,0.5598864136454562
49,layer3,grad_cam,Aortic enlargement,pointing_game,0.0
49,layer3,grad_cam,Aortic enlargement,energy_box,0.0006073890253901482
49,layer3,grad_cam,Aortic enlargement,iou,0.0
49,layer3,grad_cam,Aortic enlargement,distance,2.9127628666421956
49,layer3,grad_cam_plus_plus,Aortic enlargement,pointing_game,0.0
49,layer3,grad_cam_plus_plus,Aortic enlargement,energy_box,0.008631661534309387
49,layer3,grad_cam_plus_plus,Aortic enlargement,iou,0.012020519003272057
49,layer3,grad_cam_plus_plus,Aortic enlargement,distance,3.148007088236421
49,layer3,xgrad_cam,Aortic enlargement,pointing_game,0.0
49,layer3,xgrad_cam,Aortic enlargement,energy_box,0.0004086183907929808
49,layer3,xgrad_cam,Aortic enlargement,iou,0.0
49,layer3,xgrad_cam,Aortic enlargement,distance,2.9127628666421956
49,layer4,grad_cam,Aortic enlargement,pointing_game,0.0
49,layer4,grad_cam,Aortic enlargement,energy_box,0.0031226896680891514
49,layer4,grad_cam,Aortic enlargement,iou,0.0
49,layer4,grad_cam,Aortic enlargement,distance,3.2068609862327344
49,layer4,grad_cam_plus_plus,Aortic enlargement,pointing_game,0.0
49,layer4,grad_cam_plus_plus,Aortic enlargement,energy_box,0.014216757379472256
49,layer4,grad_cam_plus_plus,Aortic enlargement,iou,0.025148026645183563
49,layer4,grad_cam_plus_plus,Aortic enlargement,distance,1.9342584454663625
49,layer4,xgrad_cam,Aortic enlargement,pointing_game,0.0
49,layer4,xgrad_cam,Aortic enlargement,energy_box,0.0031226896680891514
49,layer4,xgrad_cam,Aortic enlargement,iou,0.0
49,layer4,xgrad_cam,Aortic enlargement,distance,3.2068609862327344
49,layer3,grad_cam,Cardiomegaly,pointing_game,0.0
49,layer3,grad_cam,Cardiomegaly,energy_box,0.018694302067160606
49,layer3,grad_cam,Cardiomegaly,iou,0.0
49,layer3,grad_cam,Cardiomegaly,distance,0.8234384873655308
49,layer3,grad_cam_plus_plus,Cardiomegaly,pointing_game,0.0
49,layer3,grad_cam_plus_plus,Cardiomegaly,energy_box,0.030744759365916252
49,layer3,grad_cam_plus_plus,Cardiomegaly,iou,0.025262104347348213
49,layer3,grad_cam_plus_plus,Cardiomegaly,distance,0.49027148202238263
49,layer3,xgrad_cam,Cardiomegaly,pointing_game,0.0
49,layer3,xgrad_cam,Cardiomegaly,energy_box,0.024175362661480904
49,layer3,xgrad_cam,Cardiomegaly,iou,0.0
49,layer3,xgrad_cam,Cardiomegaly,distance,1.8470437486685347
49,layer4,grad_cam,Cardiomegaly,pointing_game,0.0
49,layer4,grad_cam,Cardiomegaly,energy_box,0.0068517946638166904
49,layer4,grad_cam,Cardiomegaly,iou,0.0
49,layer4,grad_cam,Cardiomegaly,distance,1.146768532488438
49,layer4,grad_cam_plus_plus,Cardiomegaly,pointing_game,0.0
49,layer4,grad_cam_plus_plus,Cardiomegaly,energy_box,0.06960327923297882
49,layer4,grad_cam_plus_plus,Cardiomegaly,iou,0.16089552640914917
49,layer4,grad_cam_plus_plus,Cardiomegaly,distance,0.346053923282576
49,layer4,xgrad_cam,Cardiomegaly,pointing_game,0.0
49,layer4,xgrad_cam,Cardiomegaly,energy_box,0.0068517946638166904
49,layer4,xgrad_cam,Cardiomegaly,iou,0.0
49,layer4,xgrad_cam,Cardiomegaly,distance,1.146768532488438
49,layer3,grad_cam,ILD,pointing_game,0.0
49,layer3,grad_cam,ILD,energy_box,0.02091342769563198
49,layer3,grad_cam,ILD,iou,0.00280548632144928
49,layer3,grad_cam,ILD,distance,1.4126466786334766
49,layer3,grad_cam_plus_plus,ILD,pointing_game,0.0
49,layer3,grad_cam_plus_plus,ILD,energy_box,0.039430759847164154
49,layer3,grad_cam_plus_plus,ILD,iou,0.043926600366830826
49,layer3,grad_cam_plus_plus,ILD,distance,2.1775414347385107
49,layer3,xgrad_cam,ILD,pointing_game,0.0
49,layer3,xgrad_cam,ILD,energy_box,0.0037768599577248096
49,layer3,xgrad_cam,ILD,iou,0.0
49,layer3,xgrad_cam,ILD,distance,1.4126466786334766
49,layer4,grad_cam,ILD,pointing_game,0.0
49,layer4,grad_cam,ILD,energy_box,0.0
49,layer4,grad_cam,ILD,iou,0.0
49,layer4,grad_cam,ILD,distance,1.6711455128442212
49,layer4,grad_cam_plus_plus,ILD,pointing_game,0.0
49,layer4,grad_cam_plus_plus,ILD,energy_box,0.08558778464794159
49,layer4,grad_cam_plus_plus,ILD,iou,0.22210773825645447
49,layer4,grad_cam_plus_plus,ILD,distance,0.6142295070592524
49,layer4,xgrad_cam,ILD,pointing_game,0.0
49,layer4,xgrad_cam,ILD,energy_box,0.0
49,layer4,xgrad_cam,ILD,iou,0.0
49,layer4,xgrad_cam,ILD,distance,1.6711455128442212
49,layer3,grad_cam,Infiltration,pointing_game,0.0
49,layer3,grad_cam,Infiltration,energy_box,0.002188011771067977
49,layer3,grad_cam,Infiltration,iou,0.0
49,layer3,grad_cam,Infiltration,distance,1.6261035919945193
49,layer3,grad_cam_plus_plus,Infiltration,pointing_game,0.0
49,layer3,grad_cam_plus_plus,Infiltration,energy_box,0.00938387867063284
49,layer3,grad_cam_plus_plus,Infiltration,iou,0.01133758295327425
49,layer3,grad_cam_plus_plus,Infiltration,distance,3.7590886832787445
49,layer3,xgrad_cam,Infiltration,pointing_game,0.0
49,layer3,xgrad_cam,Infiltration,energy_box,0.0010124745313078165
49,layer3,xgrad_cam,Infiltration,iou,0.0
49,layer3,xgrad_cam,Infiltration,distance,5.424005866239301
49,layer4,grad_cam,Infiltration,pointing_game,0.0
49,layer4,grad_cam,Infiltration,energy_box,0.0
49,layer4,grad_cam,Infiltration,iou,0.0
49,layer4,grad_cam,Infiltration,distance,3.4717450210092577
49,layer4,grad_cam_plus_plus,Infiltration,pointing_game,0.0
49,layer4,grad_cam_plus_plus,Infiltration,energy_box,0.007637816946953535
49,layer4,grad_cam_plus_plus,Infiltration,iou,0.0
49,layer4,grad_cam_plus_plus,Infiltration,distance,1.6661621706281569
49,layer4,xgrad_cam,Infiltration,pointing_game,0.0
49,layer4,xgrad_cam,Infiltration,energy_box,0.0
49,layer4,xgrad_cam,Infiltration,iou,0.0
49,layer4,xgrad_cam,Infiltration,distance,3.4717450210092577
49,layer3,grad_cam,Pleural thickening,pointing_game,0.0
49,layer3,grad_cam,Pleural thickening,energy_box,0.0
49,layer3,grad_cam,Pleural thickening,iou,0.0
49,layer3,grad_cam,Pleural thickening,distance,2.9475361261953372
49,layer3,grad_cam_plus_plus,Pleural thickening,pointing_game,0.0
49,layer3,grad_cam_plus_plus,Pleural thickening,energy_box,0.002190124709159136
49,layer3,grad_cam_plus_plus,Pleural thickening,iou,0.0
49,layer3,grad_cam_plus_plus,Pleural thickening,distance,1.7642729587685122
49,layer3,xgrad_cam,Pleural thickening,pointing_game,0.0
49,layer3,xgrad_cam,Pleural thickening,energy_box,0.0
49,layer3,xgrad_cam,Pleural thickening,iou,0.0
49,layer3,xgrad_cam,Pleural thickening,distance,4.281102181455057
49,layer4,grad_cam,Pleural thickening,pointing_game,0.0
49,layer4,grad_cam,Pleural thickening,energy_box,0.0
49,layer4,grad_cam,Pleural thickening,iou,0.0
49,layer4,grad_cam,Pleural thickening,distance,7.058107360410883
49,layer4,grad_cam_plus_plus,Pleural thickening,pointing_game,0.0
49,layer4,grad_cam_plus_plus,Pleural thickening,energy_box,0.001898986753076315
49,layer4,grad_cam_plus_plus,Pleural thickening,iou,0.0
49,layer4,grad_cam_plus_plus,Pleural thickening,distance,2.171962411492403
49,layer4,xgrad_cam,Pleural thickening,pointing_game,0.0
49,layer4,xgrad_cam,Pleural thickening,energy_box,0.0
49,layer4,xgrad_cam,Pleural thickening,iou,0.0
49,layer4,xgrad_cam,Pleural thickening,distance,7.058107360410883
50,layer3,grad_cam,No finding,entropy,14.839681625366211
50,layer3,grad_cam,No finding,top_1pct,0.04635955020785332
50,layer3,grad_cam_plus_plus,No finding,entropy,15.585100173950195
50,layer3,grad_cam_plus_plus,No finding,top_1pct,0.01711554452776909
50,layer3,xgrad_cam,No finding,entropy,15.157629013061523
50,layer3,xgrad_cam,No finding,top_1pct,0.036368925124406815
50,layer4,grad_cam,No finding,entropy,14.984865188598633
50,layer4,grad_cam,No finding,top_1pct,0.035424891859292984
50,layer4,grad_cam_plus_plus,No finding,entropy,15.158058166503906
50,layer4,grad_cam_plus_plus,No finding,top_1pct,0.0322352796792984
50,layer4,xgrad_cam,No finding,entropy,14.984865188598633
50,layer4,xgrad_cam,No finding,top_1pct,0.035424891859292984
51,layer3,grad_cam,No finding,entropy,14.756993293762207
51,layer3,grad_cam,No finding,top_1pct,0.0502459853887558
51,layer3,grad_cam_plus_plus,No finding,entropy,15.576150894165039
51,layer3,grad_cam_plus_plus,No finding,top_1pct,0.020577825605869293
51,layer3,xgrad_cam,No finding,entropy,15.155780792236328
51,layer3,xgrad_cam,No finding,top_1pct,0.0392087921500206
51,layer4,grad_cam,No finding,entropy,14.729549407958984
51,layer4,grad_cam,No finding,top_1pct,0.036729659885168076
51,layer4,grad_cam_plus_plus,No finding,entropy,14.908885955810547
51,layer4,grad_cam_plus_plus,No finding,top_1pct,0.03502625599503517
51,layer4,xgrad_cam,No finding,entropy,14.729549407958984
51,layer4,xgrad_cam,No finding,top_1pct,0.036729659885168076
52,layer3,grad_cam,No finding,entropy,14.71474552154541
52,layer3,grad_cam,No finding,top_1pct,0.05077681690454483
52,layer3,grad_cam_plus_plus,No finding,entropy,15.588472366333008
52,layer3,grad_cam_plus_plus,No finding,top_1pct,0.01808367669582367
52,layer3,xgrad_cam,No finding,entropy,15.13095474243164
52,layer3,xgrad_cam,No finding,top_1pct,0.036170024424791336
52,layer4,grad_cam,No finding,entropy,14.993820190429688
52,layer4,grad_cam,No finding,top_1pct,0.03426278010010719
52,layer4,grad_cam_plus_plus,No finding,entropy,15.166666030883789
52,layer4,grad_cam_plus_plus,No finding,top_1pct,0.031374864280223846
52,layer4,xgrad_cam,No finding,entropy,14.99382209777832
52,layer4,xgrad_cam,No finding,top_1pct,0.03426278382539749
53,layer3,grad_cam,No finding,entropy,14.915514945983887
53,layer3,grad_cam,No finding,top_1pct,0.04063624143600464
53,layer3,grad_cam_plus_plus,No finding,entropy,15.584772109985352
53,layer3,grad_cam_plus_plus,No finding,top_1pct,0.017041029408574104
53,layer3,xgrad_cam,No finding,entropy,15.153921127319336
53,layer3,xgrad_cam,No finding,top_1pct,0.04006429389119148
53,layer4,grad_cam,No finding,entropy,14.880315780639648
53,layer4,grad_cam,No finding,top_1pct,0.0380636490881443
53,layer4,grad_cam_plus_plus,No finding,entropy,15.106945037841797
53,layer4,grad_cam_plus_plus,No finding,top_1pct,0.033407047390937805
53,layer4,xgrad_cam,No finding,entropy,14.880315780639648
53,layer4,xgrad_cam,No finding,top_1pct,0.0380636490881443
54,layer3,grad_cam,No finding,entropy,14.873395919799805
54,layer3,grad_cam,No finding,top_1pct,0.052635204046964645
54,layer3,grad_cam_plus_plus,No finding,entropy,15.58724594116211
54,layer3,grad_cam_plus_plus,No finding,top_1pct,0.018349403515458107
54,layer3,xgrad_cam,No finding,entropy,15.049001693725586
54,layer3,xgrad_cam,No finding,top_1pct,0.05325726419687271
54,layer4,grad_cam,No finding,entropy,14.977869033813477
54,layer4,grad_cam,No finding,top_1pct,0.03624308109283447
54,layer4,grad_cam_plus_plus,No finding,entropy,15.165583610534668
54,layer4,grad_cam_plus_plus,No finding,top_1pct,0.03213242441415787
54,layer4,xgrad_cam,No finding,entropy,14.977869033813477
54,layer4,xgrad_cam,No finding,top_1pct,0.03624308481812477
55,layer3,grad_cam,No finding,entropy,14.946316719055176
55,layer3,grad_cam,No finding,top_1pct,0.03725269064307213
55,layer3,grad_cam_plus_plus,No finding,entropy,15.569358825683594
55,layer3,grad_cam_plus_plus,No finding,top_1pct,0.019453726708889008
55,layer3,xgrad_cam,No finding,entropy,15.194348335266113
55,layer3,xgrad_cam,No finding,top_1pct,0.033836983144283295
55,layer4,grad_cam,No finding,entropy,14.616850852966309
55,layer4,grad_cam,No finding,top_1pct,0.04391670972108841
55,layer4,grad_cam_plus_plus,No finding,entropy,14.988187789916992
55,layer4,grad_cam_plus_plus,No finding,top_1pct,0.03651105985045433
55,layer4,xgrad_cam,No finding,entropy,14.616851806640625
55,layer4,xgrad_cam,No finding,top_1pct,0.04391670972108841
56,layer3,grad_cam,Atelectasis,pointing_game,0.0
56,layer3,grad_cam,Atelectasis,energy_box,0.008853558450937271
56,layer3,grad_cam,Atelectasis,iou,0.0
56,layer3,grad_cam,Atelectasis,distance,3.130237374208408
56,layer3,grad_cam_plus_plus,Atelectasis,pointing_game,0.0
56,layer3,grad_cam_plus_plus,Atelectasis,energy_box,0.02806340530514717
56,layer3,grad_cam_plus_plus,Atelectasis,iou,0.0162992961704731
56,layer3,grad_cam_plus_plus,Atelectasis,distance,3.7709401854348537
56,layer3,xgrad_cam,Atelectasis,pointing_game,0.0
56,layer3,xgrad_cam,Atelectasis,energy_box,0.0077185845002532005
56,layer3,xgrad_cam,Atelectasis,iou,0.0
56,layer3,xgrad_cam,Atelectasis,distance,1.9686801504533542
56,layer4,grad_cam,Atelectasis,pointing_game,0.0
56,layer4,grad_cam,Atelectasis,energy_box,0.0
56,layer4,grad_cam,Atelectasis,iou,0.0
56,layer4,grad_cam,Atelectasis,distance,2.388133199732043
56,layer4,grad_cam_plus_plus,Atelectasis,pointing_game,0.0
56,layer4,grad_cam_plus_plus,Atelectasis,energy_box,0.02976393885910511
56,layer4,grad_cam_plus_plus,Atelectasis,iou,0.010461144149303436
56,layer4,grad_cam_plus_plus,Atelectasis,distance,0.7666796410194493
56,layer4,xgrad_cam,Atelectasis,pointing_game,0.0
56,layer4,xgrad_cam,Atelectasis,energy_box,0.0
56,layer4,xgrad_cam,Atelectasis,iou,0.0
56,layer4,xgrad_cam,Atelectasis,distance,2.388133199732043
56,layer3,grad_cam,Consolidation,pointing_game,0.0
56,layer3,grad_cam,Consolidation,energy_box,0.023768214508891106
56,layer3,grad_cam,Consolidation,iou,0.0
56,layer3,grad_cam,Consolidation,distance,2.3617810879635623
56,layer3,grad_cam_plus_plus,Consolidation,pointing_game,0.0
56,layer3,grad_cam_plus_plus,Consolidation,energy_box,0.026563890278339386
56,layer3,grad_cam_plus_plus,Consolidation,iou,0.015218079090118408
56,layer3,grad_cam_plus_plus,Consolidation,distance,3.6464468329832456
56,layer3,xgrad_cam,Consolidation,pointing_game,0.0
56,layer3,xgrad_cam,Consolidation,energy_box,0.020810559391975403
56,layer3,xgrad_cam,Consolidation,iou,0.0
56,layer3,xgrad_cam,Consolidation,distance,2.3617810879635623
56,layer4,grad_cam,Consolidation,pointing_game,0.0
56,layer4,grad_cam,Consolidation,energy_box,1.5283250831998885e-05
56,layer4,grad_cam,Consolidation,iou,0.0
56,layer4,grad_cam,Consolidation,distance,2.1049608007969023
56,layer4,grad_cam_plus_plus,Consolidation,pointing_game,0.0
56,layer4,grad_cam_plus_plus,Consolidation,energy_box,0.03324821591377258
56,layer4,grad_cam_plus_plus,Consolidation,iou,0.03396306559443474
56,layer4,grad_cam_plus_plus,Consolidation,distance,0.5505144770688762
56,layer4,xgrad_cam,Consolidation,pointing_game,0.0
56,layer4,xgrad_cam,Consolidation,energy_box,1.5283245375030674e-05
56,layer4,xgrad_cam,Consolidation,iou,0.0
56,layer4,xgrad_cam,Consolidation,distance,2.1049608007969023
56,layer3,grad_cam,Infiltration,pointing_game,0.0
56,layer3,grad_cam,Infiltration,energy_box,0.009895912371575832
56,layer3,grad_cam,Infiltration,iou,0.0
56,layer3,grad_cam,Infiltration,distance,1.2473966655618542
56,layer3,grad_cam_plus_plus,Infiltration,pointing_game,0.0
56,layer3,grad_cam_plus_plus,Infiltration,energy_box,0.03754907101392746
56,layer3,grad_cam_plus_plus,Infiltration,iou,0.03721724450588226
56,layer3,grad_cam_plus_plus,Infiltration,distance,1.8398839786121182
56,layer3,xgrad_cam,Infiltration,pointing_game,0.0
56,layer3,xgrad_cam,Infiltration,energy_box,0.004298010375350714
56,layer3,xgrad_cam,Infiltration,iou,0.0
56,layer3,xgrad_cam,Infiltration,distance,2.5443430585965214
56,layer4,grad_cam,Infiltration,pointing_game,0.0
56,layer4,grad_cam,Infiltration,energy_box,0.0034977667964994907
56,layer4,grad_cam,Infiltration,iou,0.0
56,layer4,grad_cam,Infiltration,distance,0.9405432918558478
56,layer4,grad_cam_plus_plus,Infiltration,pointing_game,0.0
56,layer4,grad_cam_plus_plus,Infiltration,energy_box,0.05331926420331001
56,layer4,grad_cam_plus_plus,Infiltration,iou,0.08003275841474533
56,layer4,grad_cam_plus_plus,Infiltration,distance,0.481897699181909
56,layer4,xgrad_cam,Infiltration,pointing_game,0.0
56,layer4,xgrad_cam,Infiltration,energy_box,0.0034977681934833527
56,layer4,xgrad_cam,Infiltration,iou,0.0
56,layer4,xgrad_cam,Infiltration,distance,0.9405432918558478
56,layer3,grad_cam,Lung Opacity,pointing_game,0.0
56,layer3,grad_cam,Lung Opacity,energy_box,0.015736466273665428
56,layer3,grad_cam,Lung Opacity,iou,0.0
56,layer3,grad_cam,Lung Opacity,distance,2.579168869184916
56,layer3,grad_cam_plus_plus,Lung Opacity,pointing_game,0.0
56,layer3,grad_cam_plus_plus,Lung Opacity,energy_box,0.028212212026119232
56,layer3,grad_cam_plus_plus,Lung Opacity,iou,0.015981100499629974
56,layer3,grad_cam_plus_plus,Lung Opacity,distance,3.7709401854348537
56,layer3,xgrad_cam,Lung Opacity,pointing_game,0.0
56,layer3,xgrad_cam,Lung Opacity,energy_box,0.01670803874731064
56,layer3,xgrad_cam,Lung Opacity,iou,0.0
56,layer3,xgrad_cam,Lung Opacity,distance,2.579168869184916
56,layer4,grad_cam,Lung Opacity,pointing_game,0.0
56,layer4,grad_cam,Lung Opacity,energy_box,0.0
56,layer4,grad_cam,Lung Opacity,iou,0.0
56,layer4,grad_cam,Lung Opacity,distance,2.327443852153597
56,layer4,grad_cam_plus_plus,Lung Opacity,pointing_game,0.0
56,layer4,grad_cam_plus_plus,Lung Opacity,energy_box,0.023153800517320633
56,layer4,grad_cam_plus_plus,Lung Opacity,iou,0.0011750154662877321
56,layer4,grad_cam_plus_plus,Lung Opacity,distance,1.2418542670676151
56,layer4,xgrad_cam,Lung Opacity,pointing_game,0.0
56,layer4,xgrad_cam,Lung Opacity,energy_box,0.0
56,layer4,xgrad_cam,Lung Opacity,iou,0.0
56,layer4,xgrad_cam,Lung Opacity,distance,2.327443852153597
56,layer3,grad_cam,Pleural thickening,pointing_game,0.0
56,layer3,grad_cam,Pleural thickening,energy_box,0.022938208654522896
56,layer3,grad_cam,Pleural thickening,iou,0.0
56,layer3,grad_cam,Pleural thickening,distance,1.5567000396176849
56,layer3,grad_cam_plus_plus,Pleural thickening,pointing_game,0.0
56,layer3,grad_cam_plus_plus,Pleural thickening,energy_box,0.02702978439629078
56,layer3,grad_cam_plus_plus,Pleural thickening,iou,0.014127585105597973
56,layer3,grad_cam_plus_plus,Pleural thickening,distance,3.7709401854348537
56,layer3,xgrad_cam,Pleural thickening,pointing_game,0.0
56,layer3,xgrad_cam,Pleural thickening,energy_box,0.02968548983335495
56,layer3,xgrad_cam,Pleural thickening,iou,0.004238669760525227
56,layer3,xgrad_cam,Pleural thickening,distance,1.5567000396176849
56,layer4,grad_cam,Pleural thickening,pointing_game,0.0
56,layer4,grad_cam,Pleural thickening,energy_box,0.00018197990721091628
56,layer4,grad_cam,Pleural thickening,iou,0.0
56,layer4,grad_cam,Pleural thickening,distance,3.1292893164439564
56,layer4,grad_cam_plus_plus,Pleural thickening,pointing_game,0.0
56,layer4,grad_cam_plus_plus,Pleural thickening,energy_box,0.027982566505670547
56,layer4,grad_cam_plus_plus,Pleural thickening,iou,0.006209343671798706
56,layer4,grad_cam_plus_plus,Pleural thickening,distance,0.7666796410194493
56,layer4,xgrad_cam,Pleural thickening,pointing_game,0.0
56,layer4,xgrad_cam,Pleural thickening,energy_box,0.00018197977624367923
56,layer4,xgrad_cam,Pleural thickening,iou,0.0
56,layer4,xgrad_cam,Pleural thickening,distance,3.1292893164439564
56,layer3,grad_cam,Pulmonary fibrosis,pointing_game,0.0
56,layer3,grad_cam,Pulmonary fibrosis,energy_box,0.00573396822437644
56,layer3,grad_cam,Pulmonary fibrosis,iou,0.0
56,layer3,grad_cam,Pulmonary fibrosis,distance,1.4220009254977657
56,layer3,grad_cam_plus_plus,Pulmonary fibrosis,pointing_game,0.0
56,layer3,grad_cam_plus_plus,Pulmonary fibrosis,energy_box,0.03422291949391365
56,layer3,grad_cam_plus_plus,Pulmonary fibrosis,iou,0.019731976091861725
56,layer3,grad_cam_plus_plus,Pulmonary fibrosis,distance,3.031590194734072
56,layer3,xgrad_cam,Pulmonary fibrosis,pointing_game,0.0
56,layer3,xgrad_cam,Pulmonary fibrosis,energy_box,0.005035350564867258
56,layer3,xgrad_cam,Pulmonary fibrosis,iou,0.0
56,layer3,xgrad_cam,Pulmonary fibrosis,distance,1.4220009254977657
56,layer4,grad_cam,Pulmonary fibrosis,pointing_game,0.0
56,layer4,grad_cam,Pulmonary fibrosis,energy_box,0.004313903395086527
56,layer4,grad_cam,Pulmonary fibrosis,iou,0.0
56,layer4,grad_cam,Pulmonary fibrosis,distance,2.3054591073474606
56,layer4,grad_cam_plus_plus,Pulmonary fibrosis,pointing_game,0.0
56,layer4,grad_cam_plus_plus,Pulmonary fibrosis,energy_box,0.05592261999845505
56,layer4,grad_cam_plus_plus,Pulmonary fibrosis,iou,0.09179004281759262
56,layer4,grad_cam_plus_plus,Pulmonary fibrosis,distance,0.6380846913423514
56,layer4,xgrad_cam,Pulmonary fibrosis,pointing_game,0.0
56,layer4,xgrad_cam,Pulmonary fibrosis,energy_box,0.0043139043264091015
56,layer4,xgrad_cam,Pulmonary fibrosis,iou,0.0
56,layer4,xgrad_cam,Pulmonary fibrosis,distance,2.3054591073474606
57,layer3,grad_cam,No finding,entropy,14.899299621582031
57,layer3,grad_cam,No finding,top_1pct,0.04400310292840004
57,layer3,grad_cam_plus_plus,No finding,entropy,15.577324867248535
57,layer3,grad_cam_plus_plus,No finding,top_1pct,0.019381944090127945
57,layer3,xgrad_cam,No finding,entropy,15.119086265563965
57,layer3,xgrad_cam,No finding,top_1pct,0.0368826761841774
57,layer4,grad_cam,No finding,entropy,14.794610977172852
57,layer4,grad_cam,No finding,top_1pct,0.03800014406442642
57,layer4,grad_cam_plus_plus,No finding,entropy,15.094636917114258
57,layer4,grad_cam_plus_plus,No finding,top_1pct,0.03306734189391136
57,layer4,xgrad_cam,No finding,entropy,14.794609069824219
57,layer4,xgrad_cam,No finding,top_1pct,0.038000140339136124
58,layer3,grad_cam,Aortic enlargement,pointing_game,0.0
58,layer3,grad_cam,Aortic enlargement,energy_box,0.03858203440904617
58,layer3,grad_cam,Aortic enlargement,iou,0.0
58,layer3,grad_cam,Aortic enlargement,distance,3.808189832973256
58,layer3,grad_cam_plus_plus,Aortic enlargement,pointing_game,0.0
58,layer3,grad_cam_plus_plus,Aortic enlargement,energy_box,0.01550873089581728
58,layer3,grad_cam_plus_plus,Aortic enlargement,iou,0.038244862109422684
58,layer3,grad_cam_plus_plus,Aortic enlargement,distance,3.997927213360392
58,layer3,xgrad_cam,Aortic enlargement,pointing_game,0.0
58,layer3,xgrad_cam,Aortic enlargement,energy_box,0.040483057498931885
58,layer3,xgrad_cam,Aortic enlargement,iou,0.0
58,layer3,xgrad_cam,Aortic enlargement,distance,3.808189832973256
58,layer4,grad_cam,Aortic enlargement,pointing_game,0.0
58,layer4,grad_cam,Aortic enlargement,energy_box,0.022037608548998833
58,layer4,grad_cam,Aortic enlargement,iou,0.03857990726828575
58,layer4,grad_cam,Aortic enlargement,distance,1.4580462271652959
58,layer4,grad_cam_plus_plus,Aortic enlargement,pointing_game,0.0
58,layer4,grad_cam_plus_plus,Aortic enlargement,energy_box,0.02102499082684517
58,layer4,grad_cam_plus_plus,Aortic enlargement,iou,0.04585261642932892
58,layer4,grad_cam_plus_plus,Aortic enlargement,distance,1.4477407420342894
58,layer4,xgrad_cam,Aortic enlargement,pointing_game,0.0
58,layer4,xgrad_cam,Aortic enlargement,energy_box,0.022037608548998833
58,layer4,xgrad_cam,Aortic enlargement,iou,0.03857990726828575
58,layer4,xgrad_cam,Aortic enlargement,distance,1.4580462271652959
59,layer3,grad_cam,No finding,entropy,14.84586238861084
59,layer3,grad_cam,No finding,top_1pct,0.04112619534134865
59,layer3,grad_cam_plus_plus,No finding,entropy,15.58301067352295
59,layer3,grad_cam_plus_plus,No finding,top_1pct,0.016842739656567574
59,layer3,xgrad_cam,No finding,entropy,15.279266357421875
59,layer3,xgrad_cam,No finding,top_1pct,0.02885225974023342
59,layer4,grad_cam,No finding,entropy,14.612512588500977
59,layer4,grad_cam,No finding,top_1pct,0.042114388197660446
59,layer4,grad_cam_plus_plus,No finding,entropy,14.961471557617188
59,layer4,grad_cam_plus_plus,No finding,top_1pct,0.03741931542754173
59,layer4,xgrad_cam,No finding,entropy,14.612513542175293
59,layer4,xgrad_cam,No finding,top_1pct,0.042114391922950745
60,layer3,grad_cam,No finding,entropy,14.786487579345703
60,layer3,grad_cam,No finding,top_1pct,0.044698137789964676
60,layer3,grad_cam_plus_plus,No finding,entropy,15.580480575561523
60,layer3,grad_cam_plus_plus,No finding,top_1pct,0.018239110708236694
60,layer3,xgrad_cam,No finding,entropy,15.09058952331543
60,layer3,xgrad_cam,No finding,top_1pct,0.038387641310691833
60,layer4,grad_cam,No finding,entropy,14.575883865356445
60,layer4,grad_cam,No finding,top_1pct,0.0450875498354435
60,layer4,grad_cam_plus_plus,No finding,entropy,14.903885841369629
60,layer4,grad_cam_plus_plus,No finding,top_1pct,0.040325067937374115
60,layer4,xgrad_cam,No finding,entropy,14.575882911682129
60,layer4,xgrad_cam,No finding,top_1pct,0.0450875423848629
61,layer3,grad_cam,No finding,entropy,15.026861190795898
61,layer3,grad_cam,No finding,top_1pct,0.03401769697666168
61,layer3,grad_cam_plus_plus,No finding,entropy,15.589914321899414
61,layer3,grad_cam_plus_plus,No finding,top_1pct,0.017289314419031143
61,layer3,xgrad_cam,No finding,entropy,15.116374969482422
61,layer3,xgrad_cam,No finding,top_1pct,0.033046845346689224
61,layer4,grad_cam,No finding,entropy,14.742671012878418
61,layer4,grad_cam,No finding,top_1pct,0.044808510690927505
61,layer4,grad_cam_plus_plus,No finding,entropy,15.086006164550781
61,layer4,grad_cam_plus_plus,No finding,top_1pct,0.03703146055340767
61,layer4,xgrad_cam,No finding,entropy,14.742671966552734
61,layer4,xgrad_cam,No finding,top_1pct,0.044808510690927505
62,layer3,grad_cam,No finding,entropy,14.922667503356934
62,layer3,grad_cam,No finding,top_1pct,0.04575614258646965
62,layer3,grad_cam_plus_plus,No finding,entropy,15.58419418334961
62,layer3,grad_cam_plus_plus,No finding,top_1pct,0.01800624467432499
62,layer3,xgrad_cam,No finding,entropy,15.105055809020996
62,layer3,xgrad_cam,No finding,top_1pct,0.03841355815529823
62,layer4,grad_cam,No finding,entropy,14.926321029663086
62,layer4,grad_cam,No finding,top_1pct,0.03582776337862015
62,layer4,grad_cam_plus_plus,No finding,entropy,15.123608589172363
62,layer4,grad_cam_plus_plus,No finding,top_1pct,0.03189118206501007
62,layer4,xgrad_cam,No finding,entropy,14.92632007598877
62,layer4,xgrad_cam,No finding,top_1pct,0.03582776337862015
63,layer3,grad_cam,No finding,entropy,14.87631893157959
63,layer3,grad_cam,No finding,top_1pct,0.052956294268369675
63,layer3,grad_cam_plus_plus,No finding,entropy,15.573659896850586
63,layer3,grad_cam_plus_plus,No finding,top_1pct,0.02097836509346962
63,layer3,xgrad_cam,No finding,entropy,15.281938552856445
63,layer3,xgrad_cam,No finding,top_1pct,0.03652317821979523
63,layer4,grad_cam,No finding,entropy,15.020315170288086
63,layer4,grad_cam,No finding,top_1pct,0.02959625795483589
63,layer4,grad_cam_plus_plus,No finding,entropy,15.14521598815918
63,layer4,grad_cam_plus_plus,No finding,top_1pct,0.028814647346735
63,layer4,xgrad_cam,No finding,entropy,15.020317077636719
63,layer4,xgrad_cam,No finding,top_1pct,0.02959625795483589
64,layer3,grad_cam,No finding,entropy,14.806105613708496
64,layer3,grad_cam,No finding,top_1pct,0.0441199354827404
64,layer3,grad_cam_plus_plus,No finding,entropy,15.589349746704102
64,layer3,grad_cam_plus_plus,No finding,top_1pct,0.01803523115813732
64,layer3,xgrad_cam,No finding,entropy,14.9898681640625
64,layer3,xgrad_cam,No finding,top_1pct,0.03569137677550316
64,layer4,grad_cam,No finding,entropy,14.935670852661133
64,layer4,grad_cam,No finding,top_1pct,0.036395635455846786
64,layer4,grad_cam_plus_plus,No finding,entropy,15.130451202392578
64,layer4,grad_cam_plus_plus,No finding,top_1pct,0.03192241117358208
64,layer4,xgrad_cam,No finding,entropy,14.935670852661133
64,layer4,xgrad_cam,No finding,top_1pct,0.036395635455846786
65,layer3,grad_cam,No finding,entropy,14.945362091064453
65,layer3,grad_cam,No finding,top_1pct,0.03826405480504036
65,layer3,grad_cam_plus_plus,No finding,entropy,15.585968017578125
65,layer3,grad_cam_plus_plus,No finding,top_1pct,0.016673902049660683
65,layer3,xgrad_cam,No finding,entropy,15.052169799804688
65,layer3,xgrad_cam,No finding,top_1pct,0.03732496500015259
65,layer4,grad_cam,No finding,entropy,14.319408416748047
65,layer4,grad_cam,No finding,top_1pct,0.054386891424655914
65,layer4,grad_cam_plus_plus,No finding,entropy,15.16506290435791
65,layer4,grad_cam_plus_plus,No finding,top_1pct,0.034042347222566605
65,layer4,xgrad_cam,No finding,entropy,14.319408416748047
65,layer4,xgrad_cam,No finding,top_1pct,0.05438688397407532
66,layer3,grad_cam,No finding,entropy,15.227922439575195
66,layer3,grad_cam,No finding,top_1pct,0.03248613700270653
66,layer3,grad_cam_plus_plus,No finding,entropy,15.58879566192627
66,layer3,grad_cam_plus_plus,No finding,top_1pct,0.016463015228509903
66,layer3,xgrad_cam,No finding,entropy,15.20605182647705
66,layer3,xgrad_cam,No finding,top_1pct,0.03579520806670189
66,layer4,grad_cam,No finding,entropy,14.390317916870117
66,layer4,grad_cam,No finding,top_1pct,0.04800879582762718
66,layer4,grad_cam_plus_plus,No finding,entropy,15.016422271728516
66,layer4,grad_cam_plus_plus,No finding,top_1pct,0.037446923553943634
66,layer4,xgrad_cam,No finding,entropy,14.390317916870117
66,layer4,xgrad_cam,No finding,top_1pct,0.04800879582762718
67,layer3,grad_cam,No finding,entropy,15.286702156066895
67,layer3,grad_cam,No finding,top_1pct,0.03654826059937477
67,layer3,grad_cam_plus_plus,No finding,entropy,15.578360557556152
67,layer3,grad_cam_plus_plus,No finding,top_1pct,0.01704835705459118
67,layer3,xgrad_cam,No finding,entropy,14.992091178894043
67,layer3,xgrad_cam,No finding,top_1pct,0.0500648058950901
67,layer4,grad_cam,No finding,entropy,13.661584854125977
67,layer4,grad_cam,No finding,top_1pct,0.08212103694677353
67,layer4,grad_cam_plus_plus,No finding,entropy,15.329919815063477
67,layer4,grad_cam_plus_plus,No finding,top_1pct,0.026338711380958557
67,layer4,xgrad_cam,No finding,entropy,13.661584854125977
67,layer4,xgrad_cam,No finding,top_1pct,0.08212102204561234
68,layer3,grad_cam,Aortic enlargement,pointing_game,0.0
68,layer3,grad_cam,Aortic enlargement,energy_box,0.0014969955664128065
68,layer3,grad_cam,Aortic enlargement,iou,0.0
68,layer3,grad_cam,Aortic enlargement,distance,2.362138093891644
68,layer3,grad_cam_plus_plus,Aortic enlargement,pointing_game,0.0
68,layer3,grad_cam_plus_plus,Aortic enlargement,energy_box,0.030481962487101555
68,layer3,grad_cam_plus_plus,Aortic enlargement,iou,0.04178476706147194
68,layer3,grad_cam_plus_plus,Aortic enlargement,distance,3.1157429716658207
68,layer3,xgrad_cam,Aortic enlargement,pointing_game,0.0
68,layer3,xgrad_cam,Aortic enlargement,energy_box,0.0006844958406873047
68,layer3,xgrad_cam,Aortic enlargement,iou,0.0
68,layer3,xgrad_cam,Aortic enlargement,distance,1.7276585753716367
68,layer4,grad_cam,Aortic enlargement,pointing_game,0.0
68,layer4,grad_cam,Aortic enlargement,energy_box,0.009091632440686226
68,layer4,grad_cam,Aortic enlargement,iou,0.0
68,layer4,grad_cam,Aortic enlargement,distance,2.334601697334946
68,layer4,grad_cam_plus_plus,Aortic enlargement,pointing_game,0.0
68,layer4,grad_cam_plus_plus,Aortic enlargement,energy_box,0.04335590451955795
68,layer4,grad_cam_plus_plus,Aortic enlargement,iou,0.05229144170880318
68,layer4,grad_cam_plus_plus,Aortic enlargement,distance,0.731092495632052
68,layer4,xgrad_cam,Aortic enlargement,pointing_game,0.0
68,layer4,xgrad_cam,Aortic enlargement,energy_box,0.00909162126481533
68,layer4,xgrad_cam,Aortic enlargement,iou,0.0
68,layer4,xgrad_cam,Aortic enlargement,distance,2.334601697334946
69,layer3,grad_cam,No finding,entropy,15.10325813293457
69,layer3,grad_cam,No finding,top_1pct,0.03464343026280403
69,layer3,grad_cam_plus_plus,No finding,entropy,15.588247299194336
69,layer3,grad_cam_plus_plus,No finding,top_1pct,0.016684547066688538
69,layer3,xgrad_cam,No finding,entropy,14.887773513793945
69,layer3,xgrad_cam,No finding,top_1pct,0.0391438826918602
69,layer4,grad_cam,No finding,entropy,14.863572120666504
69,layer4,grad_cam,No finding,top_1pct,0.035341598093509674
69,layer4,grad_cam_plus_plus,No finding,entropy,15.181925773620605
69,layer4,grad_cam_plus_plus,No finding,top_1pct,0.029878757894039154
69,layer4,xgrad_cam,No finding,entropy,14.86357307434082
69,layer4,xgrad_cam,No finding,top_1pct,0.03534160181879997
70,layer3,grad_cam,Aortic enlargement,pointing_game,0.0
70,layer3,grad_cam,Aortic enlargement,energy_box,0.04240432009100914
70,layer3,grad_cam,Aortic enlargement,iou,0.0
70,layer3,grad_cam,Aortic enlargement,distance,1.5972274729441802
70,layer3,grad_cam_plus_plus,Aortic enlargement,pointing_game,0.0
70,layer3,grad_cam_plus_plus,Aortic enlargement,energy_box,0.024994879961013794
70,layer3,grad_cam_plus_plus,Aortic enlargement,iou,0.04133229702711105
70,layer3,grad_cam_plus_plus,Aortic enlargement,distance,2.0883900444677423
70,layer3,xgrad_cam,Aortic enlargement,pointing_game,0.0
70,layer3,xgrad_cam,Aortic enlargement,energy_box,0.04561224207282066
70,layer3,xgrad_cam,Aortic enlargement,iou,0.0
70,layer3,xgrad_cam,Aortic enlargement,distance,1.5972274729441802
70,layer4,grad_cam,Aortic enlargement,pointing_game,0.0
70,layer4,grad_cam,Aortic enlargement,energy_box,0.06180574372410774
70,layer4,grad_cam,Aortic enlargement,iou,0.2631860673427582
70,layer4,grad_cam,Aortic enlargement,distance,0.6451300480207184
70,layer4,grad_cam_plus_plus,Aortic enlargement,pointing_game,0.0
70,layer4,grad_cam_plus_plus,Aortic enlargement,energy_box,0.04487035423517227
70,layer4,grad_cam_plus_plus,Aortic enlargement,iou,0.08428657799959183
70,layer4,grad_cam_plus_plus,Aortic enlargement,distance,0.6389794377550653
70,layer4,xgrad_cam,Aortic enlargement,pointing_game,0.0
70,layer4,xgrad_cam,Aortic enlargement,energy_box,0.061805739998817444
70,layer4,xgrad_cam,Aortic enlargement,iou,0.2631860673427582
70,layer4,xgrad_cam,Aortic enlargement,distance,0.6451300480207184
70,layer3,grad_cam,Cardiomegaly,pointing_game,0.0
70,layer3,grad_cam,Cardiomegaly,energy_box,0.054208096116781235
70,layer3,grad_cam,Cardiomegaly,iou,0.03838951140642166
70,layer3,grad_cam,Cardiomegaly,distance,0.7661549602120897
70,layer3,grad_cam_plus_plus,Cardiomegaly,pointing_game,0.0
70,layer3,grad_cam_plus_plus,Cardiomegaly,energy_box,0.0470462366938591
70,layer3,grad_cam_plus_plus,Cardiomegaly,iou,0.024080166593194008
70,layer3,grad_cam_plus_plus,Cardiomegaly,distance,1.1278998772732347
70,layer3,xgrad_cam,Cardiomegaly,pointing_game,0.0
70,layer3,xgrad_cam,Cardiomegaly,energy_box,0.06303756684064865
70,layer3,xgrad_cam,Cardiomegaly,iou,0.06153137981891632
70,layer3,xgrad_cam,Cardiomegaly,distance,0.7661549602120897
70,layer4,grad_cam,Cardiomegaly,pointing_game,1.0
70,layer4,grad_cam,Cardiomegaly,energy_box,0.1420421302318573
70,layer4,grad_cam,Cardiomegaly,iou,0.2745981812477112
70,layer4,grad_cam,Cardiomegaly,distance,0.11555771200789383
70,layer4,grad_cam_plus_plus,Cardiomegaly,pointing_game,1.0
70,layer4,grad_cam_plus_plus,Cardiomegaly,energy_box,0.1008307933807373
70,layer4,grad_cam_plus_plus,Cardiomegaly,iou,0.21292699873447418
70,layer4,grad_cam_plus_plus,Cardiomegaly,distance,0.1251259299087521
70,layer4,xgrad_cam,Cardiomegaly,pointing_game,1.0
70,layer4,xgrad_cam,Cardiomegaly,energy_box,0.1420421451330185
70,layer4,xgrad_cam,Cardiomegaly,iou,0.2745981812477112
70,layer4,xgrad_cam,Cardiomegaly,distance,0.11555771200789383
70,layer3,grad_cam,Lung Opacity,pointing_game,0.0
70,layer3,grad_cam,Lung Opacity,energy_box,0.031901463866233826
70,layer3,grad_cam,Lung Opacity,iou,0.032322175800800323
70,layer3,grad_cam,Lung Opacity,distance,2.303361249569469
70,layer3,grad_cam_plus_plus,Lung Opacity,pointing_game,0.0
70,layer3,grad_cam_plus_plus,Lung Opacity,energy_box,0.014690233394503593
70,layer3,grad_cam_plus_plus,Lung Opacity,iou,0.012756933458149433
70,layer3,grad_cam_plus_plus,Lung Opacity,distance,5.177778161174916
70,layer3,xgrad_cam,Lung Opacity,pointing_game,0.0
70,layer3,xgrad_cam,Lung Opacity,energy_box,0.036020465195178986
70,layer3,xgrad_cam,Lung Opacity,iou,0.04459080100059509
70,layer3,xgrad_cam,Lung Opacity,distance,2.1639249254581654
70,layer4,grad_cam,Lung Opacity,pointing_game,0.0
70,layer4,grad_cam,Lung Opacity,energy_box,0.0237925723195076
70,layer4,grad_cam,Lung Opacity,iou,0.0020954946521669626
70,layer4,grad_cam,Lung Opacity,distance,4.319080424191203
70,layer4,grad_cam_plus_plus,Lung Opacity,pointing_game,0.0
70,layer4,grad_cam_plus_plus,Lung Opacity,energy_box,0.019400570541620255
70,layer4,grad_cam_plus_plus,Lung Opacity,iou,0.03570038452744484
70,layer4,grad_cam_plus_plus,Lung Opacity,distance,2.395087115586683
70,layer4,xgrad_cam,Lung Opacity,pointing_game,0.0
70,layer4,xgrad_cam,Lung Opacity,energy_box,0.0237925723195076
70,layer4,xgrad_cam,Lung Opacity,iou,0.0020954946521669626
70,layer4,xgrad_cam,Lung Opacity,distance,4.319080424191203
70,layer3,grad_cam,Pleural thickening,pointing_game,0.0
70,layer3,grad_cam,Pleural thickening,energy_box,0.01708291471004486
70,layer3,grad_cam,Pleural thickening,iou,0.0
70,layer3,grad_cam,Pleural thickening,distance,3.2092064983138533
70,layer3,grad_cam_plus_plus,Pleural thickening,pointing_game,0.0
70,layer3,grad_cam_plus_plus,Pleural thickening,energy_box,0.014803537167608738
70,layer3,grad_cam_plus_plus,Pleural thickening,iou,0.0021656181197613478
70,layer3,grad_cam_plus_plus,Pleural thickening,distance,2.9697233829723646
70,layer3,xgrad_cam,Pleural thickening,pointing_game,0.0
70,layer3,xgrad_cam,Pleural thickening,energy_box,0.012589501217007637
70,layer3,xgrad_cam,Pleural thickening,iou,0.0
70,layer3,xgrad_cam,Pleural thickening,distance,3.2092064983138533
70,layer4,grad_cam,Pleural thickening,pointing_game,0.0
70,layer4,grad_cam,Pleural thickening,energy_box,0.013990579172968864
70,layer4,grad_cam,Pleural thickening,iou,0.0
70,layer4,grad_cam,Pleural thickening,distance,2.7592531582490354
70,layer4,grad_cam_plus_plus,Pleural thickening,pointing_game,0.0
70,layer4,grad_cam_plus_plus,Pleural thickening,energy_box,0.020330825820565224
70,layer4,grad_cam_plus_plus,Pleural thickening,iou,0.026540348306298256
70,layer4,grad_cam_plus_plus,Pleural thickening,distance,2.7592531582490354
70,layer4,xgrad_cam,Pleural thickening,pointing_game,0.0
70,layer4,xgrad_cam,Pleural thickening,energy_box,0.013990577310323715
70,layer4,xgrad_cam,Pleural thickening,iou,0.0
70,layer4,xgrad_cam,Pleural thickening,distance,2.7592531582490354
71,layer3,grad_cam,No finding,entropy,14.665191650390625
71,layer3,grad_cam,No finding,top_1pct,0.059399355202913284
71,layer3,grad_cam_plus_plus,No finding,entropy,15.58070182800293
71,layer3,grad_cam_plus_plus,No finding,top_1pct,0.017823193222284317
71,layer3,xgrad_cam,No finding,entropy,15.104317665100098
71,layer3,xgrad_cam,No finding,top_1pct,0.044604405760765076
71,layer4,grad_cam,No finding,entropy,14.828264236450195
71,layer4,grad_cam,No finding,top_1pct,0.03758008033037186
71,layer4,grad_cam_plus_plus,No finding,entropy,15.059349060058594
71,layer4,grad_cam_plus_plus,No finding,top_1pct,0.03336939588189125
71,layer4,xgrad_cam,No finding,entropy,14.828262329101562
71,layer4,xgrad_cam,No finding,top_1pct,0.03758007660508156
72,layer3,grad_cam,No finding,entropy,14.936259269714355
72,layer3,grad_cam,No finding,top_1pct,0.04075007140636444
72,layer3,grad_cam_plus_plus,No finding,entropy,15.578912734985352
72,layer3,grad_cam_plus_plus,No finding,top_1pct,0.019938156008720398
72,layer3,xgrad_cam,No finding,entropy,14.940374374389648
72,layer3,xgrad_cam,No finding,top_1pct,0.04504755139350891
72,layer4,grad_cam,No finding,entropy,14.678030967712402
72,layer4,grad_cam,No finding,top_1pct,0.0363033190369606
72,layer4,grad_cam_plus_plus,No finding,entropy,15.090810775756836
72,layer4,grad_cam_plus_plus,No finding,top_1pct,0.030476674437522888
72,layer4,xgrad_cam,No finding,entropy,14.678030967712402
72,layer4,xgrad_cam,No finding,top_1pct,0.0363033153116703
73,layer3,grad_cam,No finding,entropy,14.80074691772461
73,layer3,grad_cam,No finding,top_1pct,0.047745440155267715
73,layer3,grad_cam_plus_plus,No finding,entropy,15.581549644470215
73,layer3,grad_cam_plus_plus,No finding,top_1pct,0.01781468652188778
73,layer3,xgrad_cam,No finding,entropy,14.923550605773926
73,layer3,xgrad_cam,No finding,top_1pct,0.044768452644348145
73,layer4,grad_cam,No finding,entropy,14.437965393066406
73,layer4,grad_cam,No finding,top_1pct,0.0448087602853775
73,layer4,grad_cam_plus_plus,No finding,entropy,14.864282608032227
73,layer4,grad_cam_plus_plus,No finding,top_1pct,0.03924153000116348
73,layer4,xgrad_cam,No finding,entropy,14.437965393066406
73,layer4,xgrad_cam,No finding,top_1pct,0.0448087677359581
74,layer3,grad_cam,No finding,entropy,14.872148513793945
74,layer3,grad_cam,No finding,top_1pct,0.04196339473128319
74,layer3,grad_cam_plus_plus,No finding,entropy,15.583871841430664
74,layer3,grad_cam_plus_plus,No finding,top_1pct,0.02010028250515461
74,layer3,xgrad_cam,No finding,entropy,15.059114456176758
74,layer3,xgrad_cam,No finding,top_1pct,0.03753245994448662
74,layer4,grad_cam,No finding,entropy,14.605062484741211
74,layer4,grad_cam,No finding,top_1pct,0.04172410070896149
74,layer4,grad_cam_plus_plus,No finding,entropy,14.892088890075684
74,layer4,grad_cam_plus_plus,No finding,top_1pct,0.036463476717472076
74,layer4,xgrad_cam,No finding,entropy,14.605060577392578
74,layer4,xgrad_cam,No finding,top_1pct,0.04172409325838089
75,layer3,grad_cam,No finding,entropy,14.811161994934082
75,layer3,grad_cam,No finding,top_1pct,0.051038384437561035
75,layer3,grad_cam_plus_plus,No finding,entropy,15.585570335388184
75,layer3,grad_cam_plus_plus,No finding,top_1pct,0.01798618957400322
75,layer3,xgrad_cam,No finding,entropy,15.06393051147461
75,layer3,xgrad_cam,No finding,top_1pct,0.04249785467982292
75,layer4,grad_cam,No finding,entropy,14.935997009277344
75,layer4,grad_cam,No finding,top_1pct,0.036090437322854996
75,layer4,grad_cam_plus_plus,No finding,entropy,15.17487907409668
75,layer4,grad_cam_plus_plus,No finding,top_1pct,0.031415585428476334
75,layer4,xgrad_cam,No finding,entropy,14.935996055603027
75,layer4,xgrad_cam,No finding,top_1pct,0.036090437322854996
76,layer3,grad_cam,No finding,entropy,14.750201225280762
76,layer3,grad_cam,No finding,top_1pct,0.04400782287120819
76,layer3,grad_cam_plus_plus,No finding,entropy,15.586385726928711
76,layer3,grad_cam_plus_plus,No finding,top_1pct,0.01741744577884674
76,layer3,xgrad_cam,No finding,entropy,15.341995239257812
76,layer3,xgrad_cam,No finding,top_1pct,0.023805057629942894
76,layer4,grad_cam,No finding,entropy,14.860414505004883
76,layer4,grad_cam,No finding,top_1pct,0.03973975032567978
76,layer4,grad_cam_plus_plus,No finding,entropy,15.079646110534668
76,layer4,grad_cam_plus_plus,No finding,top_1pct,0.03564625233411789
76,layer4,xgrad_cam,No finding,entropy,14.860414505004883
76,layer4,xgrad_cam,No finding,top_1pct,0.03973975032567978
77,layer3,grad_cam,No finding,entropy,15.04663372039795
77,layer3,grad_cam,No finding,top_1pct,0.0333203487098217
77,layer3,grad_cam_plus_plus,No finding,entropy,15.587721824645996
77,layer3,grad_cam_plus_plus,No finding,top_1pct,0.017219508066773415
77,layer3,xgrad_cam,No finding,entropy,15.120803833007812
77,layer3,xgrad_cam,No finding,top_1pct,0.031058479100465775
77,layer4,grad_cam,No finding,entropy,14.563175201416016
77,layer4,grad_cam,No finding,top_1pct,0.04765945300459862
77,layer4,grad_cam_plus_plus,No finding,entropy,15.029240608215332
77,layer4,grad_cam_plus_plus,No finding,top_1pct,0.039759136736392975
77,layer4,xgrad_cam,No finding,entropy,14.563175201416016
77,layer4,xgrad_cam,No finding,top_1pct,0.04765944927930832
78,layer3,grad_cam,No finding,entropy,15.378727912902832
78,layer3,grad_cam,No finding,top_1pct,0.030636128038167953
78,layer3,grad_cam_plus_plus,No finding,entropy,15.57833194732666
78,layer3,grad_cam_plus_plus,No finding,top_1pct,0.019971447065472603
78,layer3,xgrad_cam,No finding,entropy,15.310741424560547
78,layer3,xgrad_cam,No finding,top_1pct,0.035261496901512146
78,layer4,grad_cam,No finding,entropy,14.649165153503418
78,layer4,grad_cam,No finding,top_1pct,0.03992787376046181
78,layer4,grad_cam_plus_plus,No finding,entropy,14.922757148742676
78,layer4,grad_cam_plus_plus,No finding,top_1pct,0.035428840667009354
78,layer4,xgrad_cam,No finding,entropy,14.649165153503418
78,layer4,xgrad_cam,No finding,top_1pct,0.03992787376046181
79,layer3,grad_cam,No finding,entropy,15.041833877563477
79,layer3,grad_cam,No finding,top_1pct,0.033348146826028824
79,layer3,grad_cam_plus_plus,No finding,entropy,15.582744598388672
79,layer3,grad_cam_plus_plus,No finding,top_1pct,0.017850657925009727
79,layer3,xgrad_cam,No finding,entropy,15.272934913635254
79,layer3,xgrad_cam,No finding,top_1pct,0.027972295880317688
79,layer4,grad_cam,No finding,entropy,15.241888999938965
79,layer4,grad_cam,No finding,top_1pct,0.027428599074482918
79,layer4,grad_cam_plus_plus,No finding,entropy,15.32500171661377
79,layer4,grad_cam_plus_plus,No finding,top_1pct,0.02523367665708065
79,layer4,xgrad_cam,No finding,entropy,15.241888046264648
79,layer4,xgrad_cam,No finding,top_1pct,0.027428599074482918
80,layer3,grad_cam,Aortic enlargement,pointing_game,0.0
80,layer3,grad_cam,Aortic enlargement,energy_box,0.04213683307170868
80,layer3,grad_cam,Aortic enlargement,iou,0.023501763120293617
80,layer3,grad_cam,Aortic enlargement,distance,1.75210041465289
80,layer3,grad_cam_plus_plus,Aortic enlargement,pointing_game,0.0
80,layer3,grad_cam_plus_plus,Aortic enlargement,energy_box,0.014558796770870686
80,layer3,grad_cam_plus_plus,Aortic enlargement,iou,0.009156149812042713
80,layer3,grad_cam_plus_plus,Aortic enlargement,distance,1.533490217399944
80,layer3,xgrad_cam,Aortic enlargement,pointing_game,0.0
80,layer3,xgrad_cam,Aortic enlargement,energy_box,0.04875700920820236
80,layer3,xgrad_cam,Aortic enlargement,iou,0.02213279716670513
80,layer3,xgrad_cam,Aortic enlargement,distance,2.1121507649639324
80,layer4,grad_cam,Aortic enlargement,pointing_game,0.0
80,layer4,grad_cam,Aortic enlargement,energy_box,0.010353844612836838
80,layer4,grad_cam,Aortic enlargement,iou,0.004886363632977009
80,layer4,grad_cam,Aortic enlargement,distance,0.8527120625152258
80,layer4,grad_cam_plus_plus,Aortic enlargement,pointing_game,0.0
80,layer4,grad_cam_plus_plus,Aortic enlargement,energy_box,0.021618198603391647
80,layer4,grad_cam_plus_plus,Aortic enlargement,iou,0.054771874099969864
80,layer4,grad_cam_plus_plus,Aortic enlargement,distance,1.750948760809432
80,layer4,xgrad_cam,Aortic enlargement,pointing_game,0.0
80,layer4,xgrad_cam,Aortic enlargement,energy_box,0.010353847406804562
80,layer4,xgrad_cam,Aortic enlargement,iou,0.004886363632977009
80,layer4,xgrad_cam,Aortic enlargement,distance,0.8527120625152258
80,layer3,grad_cam,Cardiomegaly,pointing_game,1.0
80,layer3,grad_cam,Cardiomegaly,energy_box,0.12591485679149628
80,layer3,grad_cam,Cardiomegaly,iou,0.23630672693252563
80,layer3,grad_cam,Cardiomegaly,distance,0.0780039779365287
80,layer3,grad_cam_plus_plus,Cardiomegaly,pointing_game,0.0
80,layer3,grad_cam_plus_plus,Cardiomegaly,energy_box,0.05393797531723976
80,layer3,grad_cam_plus_plus,Cardiomegaly,iou,0.08284148573875427
80,layer3,grad_cam_plus_plus,Cardiomegaly,distance,1.036069933758849
80,layer3,xgrad_cam,Cardiomegaly,pointing_game,1.0
80,layer3,xgrad_cam,Cardiomegaly,energy_box,0.11665061116218567
80,layer3,xgrad_cam,Cardiomegaly,iou,0.2110091745853424
80,layer3,xgrad_cam,Cardiomegaly,distance,0.08700644644371515
80,layer4,grad_cam,Cardiomegaly,pointing_game,0.0
80,layer4,grad_cam,Cardiomegaly,energy_box,0.10615591704845428
80,layer4,grad_cam,Cardiomegaly,iou,0.2238195687532425
80,layer4,grad_cam,Cardiomegaly,distance,0.30383713067905266
80,layer4,grad_cam_plus_plus,Cardiomegaly,pointing_game,1.0
80,layer4,grad_cam_plus_plus,Cardiomegaly,energy_box,0.12997668981552124
80,layer4,grad_cam_plus_plus,Cardiomegaly,iou,0.3190752863883972
80,layer4,grad_cam_plus_plus,Cardiomegaly,distance,0.03235524582514635
80,layer4,xgrad_cam,Cardiomegaly,pointing_game,0.0
80,layer4,xgrad_cam,Cardiomegaly,energy_box,0.10615592449903488
80,layer4,xgrad_cam,Cardiomegaly,iou,0.2238195687532425
80,layer4,xgrad_cam,Cardiomegaly,distance,0.30383713067905266
81,layer3,grad_cam,No finding,entropy,15.38620662689209
81,layer3,grad_cam,No finding,top_1pct,0.02483849972486496
81,layer3,grad_cam_plus_plus,No finding,entropy,15.587198257446289
81,layer3,grad_cam_plus_plus,No finding,top_1pct,0.017362287268042564
81,layer3,xgrad_cam,No finding,entropy,15.321459770202637
81,layer3,xgrad_cam,No finding,top_1pct,0.029524119570851326
81,layer4,grad_cam,No finding,entropy,14.547334671020508
81,layer4,grad_cam,No finding,top_1pct,0.051392339169979095
81,layer4,grad_cam_plus_plus,No finding,entropy,15.091300964355469
81,layer4,grad_cam_plus_plus,No finding,top_1pct,0.03859662637114525
81,layer4,xgrad_cam,No finding,entropy,14.547334671020508
81,layer4,xgrad_cam,No finding,top_1pct,0.051392339169979095
82,layer3,grad_cam,Cardiomegaly,pointing_game,1.0
82,layer3,grad_cam,Cardiomegaly,energy_box,0.19694532454013824
82,layer3,grad_cam,Cardiomegaly,iou,0.29782724380493164
82,layer3,grad_cam,Cardiomegaly,distance,0.0825588214132489
82,layer3,grad_cam_plus_plus,Cardiomegaly,pointing_game,0.0
82,layer3,grad_cam_plus_plus,Cardiomegaly,energy_box,0.07857809960842133
82,layer3,grad_cam_plus_plus,Cardiomegaly,iou,0.11991283297538757
82,layer3,grad_cam_plus_plus,Cardiomegaly,distance,1.17704107983905
82,layer3,xgrad_cam,Cardiomegaly,pointing_game,1.0
82,layer3,xgrad_cam,Cardiomegaly,energy_box,0.16444338858127594
82,layer3,xgrad_cam,Cardiomegaly,iou,0.2867051959037781
82,layer3,xgrad_cam,Cardiomegaly,distance,0.0825588214132489
82,layer4,grad_cam,Cardiomegaly,pointing_game,1.0
82,layer4,grad_cam,Cardiomegaly,energy_box,0.2163923978805542
82,layer4,grad_cam,Cardiomegaly,iou,0.31968235969543457
82,layer4,grad_cam,Cardiomegaly,distance,0.4423675317452038
82,layer4,grad_cam_plus_plus,Cardiomegaly,pointing_game,1.0
82,layer4,grad_cam_plus_plus,Cardiomegaly,energy_box,0.18717610836029053
82,layer4,grad_cam_plus_plus,Cardiomegaly,iou,0.4562205970287323
82,layer4,grad_cam_plus_plus,Cardiomegaly,distance,0.1334418333134092
82,layer4,xgrad_cam,Cardiomegaly,pointing_game,1.0
82,layer4,xgrad_cam,Cardiomegaly,energy_box,0.2163923978805542
82,layer4,xgrad_cam,Cardiomegaly,iou,0.31968235969543457
82,layer4,xgrad_cam,Cardiomegaly,distance,0.4423675317452038
82,layer3,grad_cam,Pleural thickening,pointing_game,0.0
82,layer3,grad_cam,Pleural thickening,energy_box,0.00011549193732207641
82,layer3,grad_cam,Pleural thickening,iou,0.0
82,layer3,grad_cam,Pleural thickening,distance,11.223291900977165
82,layer3,grad_cam_plus_plus,Pleural thickening,pointing_game,0.0
82,layer3,grad_cam_plus_plus,Pleural thickening,energy_box,0.001813073642551899
82,layer3,grad_cam_plus_plus,Pleural thickening,iou,0.0
82,layer3,grad_cam_plus_plus,Pleural thickening,distance,12.081654602836558
82,layer3,xgrad_cam,Pleural thickening,pointing_game,0.0
82,layer3,xgrad_cam,Pleural thickening,energy_box,3.649438076536171e-05
82,layer3,xgrad_cam,Pleural thickening,iou,0.0
82,layer3,xgrad_cam,Pleural thickening,distance,6.257168903333903
82,layer4,grad_cam,Pleural thickening,pointing_game,0.0
82,layer4,grad_cam,Pleural thickening,energy_box,0.0
82,layer4,grad_cam,Pleural thickening,iou,0.0
82,layer4,grad_cam,Pleural thickening,distance,11.03248220300917
82,layer4,grad_cam_plus_plus,Pleural thickening,pointing_game,0.0
82,layer4,grad_cam_plus_plus,Pleural thickening,energy_box,0.0036924052983522415
82,layer4,grad_cam_plus_plus,Pleural thickening,iou,0.00895887054502964
82,layer4,grad_cam_plus_plus,Pleural thickening,distance,4.460682390834196
82,layer4,xgrad_cam,Pleural thickening,pointing_game,0.0
82,layer4,xgrad_cam,Pleural thickening,energy_box,0.0
82,layer4,xgrad_cam,Pleural thickening,iou,0.0
82,layer4,xgrad_cam,Pleural thickening,distance,11.03248220300917
82,layer3,grad_cam,Pneumothorax,pointing_game,0.0
82,layer3,grad_cam,Pneumothorax,energy_box,2.7501810109242797e-06
82,layer3,grad_cam,Pneumothorax,iou,0.0
82,layer3,grad_cam,Pneumothorax,distance,6.941750649027801
82,layer3,grad_cam_plus_plus,Pneumothorax,pointing_game,0.0
82,layer3,grad_cam_plus_plus,Pneumothorax,energy_box,0.0017904543783515692
82,layer3,grad_cam_plus_plus,Pneumothorax,iou,0.0
82,layer3,grad_cam_plus_plus,Pneumothorax,distance,12.081654602836558
82,layer3,xgrad_cam,Pneumothorax,pointing_game,0.0
82,layer3,xgrad_cam,Pneumothorax,energy_box,8.937535653785744e-07
82,layer3,xgrad_cam,Pneumothorax,iou,0.0
82,layer3,xgrad_cam,Pneumothorax,distance,6.941750649027801
82,layer4,grad_cam,Pneumothorax,pointing_game,0.0
82,layer4,grad_cam,Pneumothorax,energy_box,0.0
82,layer4,grad_cam,Pneumothorax,iou,0.0
82,layer4,grad_cam,Pneumothorax,distance,7.539247994060552
82,layer4,grad_cam_plus_plus,Pneumothorax,pointing_game,0.0
82,layer4,grad_cam_plus_plus,Pneumothorax,energy_box,0.0027383705601096153
82,layer4,grad_cam_plus_plus,Pneumothorax,iou,0.0
82,layer4,grad_cam_plus_plus,Pneumothorax,distance,6.309296673038756
82,layer4,xgrad_cam,Pneumothorax,pointing_game,0.0
82,layer4,xgrad_cam,Pneumothorax,energy_box,0.0
82,layer4,xgrad_cam,Pneumothorax,iou,0.0
82,layer4,xgrad_cam,Pneumothorax,distance,7.539247994060552
83,layer3,grad_cam,No finding,entropy,14.871135711669922
83,layer3,grad_cam,No finding,top_1pct,0.04510216414928436
83,layer3,grad_cam_plus_plus,No finding,entropy,15.583545684814453
83,layer3,grad_cam_plus_plus,No finding,top_1pct,0.016931502148509026
83,layer3,xgrad_cam,No finding,entropy,15.212919235229492
83,layer3,xgrad_cam,No finding,top_1pct,0.03003481589257717
83,layer4,grad_cam,No finding,entropy,14.895723342895508
83,layer4,grad_cam,No finding,top_1pct,0.03596748039126396
83,layer4,grad_cam_plus_plus,No finding,entropy,15.109515190124512
83,layer4,grad_cam_plus_plus,No finding,top_1pct,0.031870923936367035
83,layer4,xgrad_cam,No finding,entropy,14.895723342895508
83,layer4,xgrad_cam,No finding,top_1pct,0.03596748039126396
84,layer3,grad_cam,No finding,entropy,14.869518280029297
84,layer3,grad_cam,No finding,top_1pct,0.05487232282757759
84,layer3,grad_cam_plus_plus,No finding,entropy,15.584529876708984
84,layer3,grad_cam_plus_plus,No finding,top_1pct,0.016259150579571724
84,layer3,xgrad_cam,No finding,entropy,14.90611743927002
84,layer3,xgrad_cam,No finding,top_1pct,0.05494732782244682
84,layer4,grad_cam,No finding,entropy,14.332666397094727
84,layer4,grad_cam,No finding,top_1pct,0.05345407873392105
84,layer4,grad_cam_plus_plus,No finding,entropy,14.738714218139648
84,layer4,grad_cam_plus_plus,No finding,top_1pct,0.04623423144221306
84,layer4,xgrad_cam,No finding,entropy,14.33266830444336
84,layer4,xgrad_cam,No finding,top_1pct,0.05345408618450165
85,layer3,grad_cam,No finding,entropy,15.110937118530273
85,layer3,grad_cam,No finding,top_1pct,0.03438221290707588
85,layer3,grad_cam_plus_plus,No finding,entropy,15.588329315185547
85,layer3,grad_cam_plus_plus,No finding,top_1pct,0.017057029530405998
85,layer3,xgrad_cam,No finding,entropy,14.979093551635742
85,layer3,xgrad_cam,No finding,top_1pct,0.040474362671375275
85,layer4,grad_cam,No finding,entropy,15.067151069641113
85,layer4,grad_cam,No finding,top_1pct,0.030886569991707802
85,layer4,grad_cam_plus_plus,No finding,entropy,15.260292053222656
85,layer4,grad_cam_plus_plus,No finding,top_1pct,0.027301494032144547
85,layer4,xgrad_cam,No finding,entropy,15.06715202331543
85,layer4,xgrad_cam,No finding,top_1pct,0.030886569991707802
86,layer3,grad_cam,No finding,entropy,14.928309440612793
86,layer3,grad_cam,No finding,top_1pct,0.04892647638916969
86,layer3,grad_cam_plus_plus,No finding,entropy,15.588452339172363
86,layer3,grad_cam_plus_plus,No finding,top_1pct,0.018585361540317535
86,layer3,xgrad_cam,No finding,entropy,14.784932136535645
86,layer3,xgrad_cam,No finding,top_1pct,0.06009705364704132
86,layer4,grad_cam,No finding,entropy,13.886823654174805
86,layer4,grad_cam,No finding,top_1pct,0.07072672992944717
86,layer4,grad_cam_plus_plus,No finding,entropy,14.948678970336914
86,layer4,grad_cam_plus_plus,No finding,top_1pct,0.045820534229278564
86,layer4,xgrad_cam,No finding,entropy,13.886821746826172
86,layer4,xgrad_cam,No finding,top_1pct,0.07072672992944717
87,layer3,grad_cam,Aortic enlargement,pointing_game,0.0
87,layer3,grad_cam,Aortic enlargement,energy_box,0.0691131055355072
87,layer3,grad_cam,Aortic enlargement,iou,0.0982142835855484
87,layer3,grad_cam,Aortic enlargement,distance,1.9431758423074026
87,layer3,grad_cam_plus_plus,Aortic enlargement,pointing_game,0.0
87,layer3,grad_cam_plus_plus,Aortic enlargement,energy_box,0.019757334142923355
87,layer3,grad_cam_plus_plus,Aortic enlargement,iou,0.032994527369737625
87,layer3,grad_cam_plus_plus,Aortic enlargement,distance,3.632037293410528
87,layer3,xgrad_cam,Aortic enlargement,pointing_game,0.0
87,layer3,xgrad_cam,Aortic enlargement,energy_box,0.06444810330867767
87,layer3,xgrad_cam,Aortic enlargement,iou,0.09844789654016495
87,layer3,xgrad_cam,Aortic enlargement,distance,2.1601612969821034
87,layer4,grad_cam,Aortic enlargement,pointing_game,0.0
87,layer4,grad_cam,Aortic enlargement,energy_box,0.03862892836332321
87,layer4,grad_cam,Aortic enlargement,iou,0.08761943131685257
87,layer4,grad_cam,Aortic enlargement,distance,0.888041860760297
87,layer4,grad_cam_plus_plus,Aortic enlargement,pointing_game,0.0
87,layer4,grad_cam_plus_plus,Aortic enlargement,energy_box,0.0283274557441473
87,layer4,grad_cam_plus_plus,Aortic enlargement,iou,0.051312368363142014
87,layer4,grad_cam_plus_plus,Aortic enlargement,distance,0.8780856835871135
87,layer4,xgrad_cam,Aortic enlargement,pointing_game,0.0
87,layer4,xgrad_cam,Aortic enlargement,energy_box,0.038628920912742615
87,layer4,xgrad_cam,Aortic enlargement,iou,0.08761943131685257
87,layer4,xgrad_cam,Aortic enlargement,distance,0.888041860760297
87,layer3,grad_cam,Cardiomegaly,pointing_game,0.0
87,layer3,grad_cam,Cardiomegaly,energy_box,0.09394972771406174
87,layer3,grad_cam,Cardiomegaly,iou,0.014680181629955769
87,layer3,grad_cam,Cardiomegaly,distance,0.5756232095277412
87,layer3,grad_cam_plus_plus,Cardiomegaly,pointing_game,0.0
87,layer3,grad_cam_plus_plus,Cardiomegaly,energy_box,0.08558550477027893
87,layer3,grad_cam_plus_plus,Cardiomegaly,iou,0.0974011942744255
87,layer3,grad_cam_plus_plus,Cardiomegaly,distance,0.9049792671709358
87,layer3,xgrad_cam,Cardiomegaly,pointing_game,0.0
87,layer3,xgrad_cam,Cardiomegaly,energy_box,0.10593467950820923
87,layer3,xgrad_cam,Cardiomegaly,iou,0.06528322398662567
87,layer3,xgrad_cam,Cardiomegaly,distance,0.3724238427475931
87,layer4,grad_cam,Cardiomegaly,pointing_game,0.0
87,layer4,grad_cam,Cardiomegaly,energy_box,0.1414639800786972
87,layer4,grad_cam,Cardiomegaly,iou,0.19467569887638092
87,layer4,grad_cam,Cardiomegaly,distance,0.6551759846773614
87,layer4,grad_cam_plus_plus,Cardiomegaly,pointing_game,0.0
87,layer4,grad_cam_plus_plus,Cardiomegaly,energy_box,0.15422649681568146
87,layer4,grad_cam_plus_plus,Cardiomegaly,iou,0.2753010094165802
87,layer4,grad_cam_plus_plus,Cardiomegaly,distance,0.23751629665278193
87,layer4,xgrad_cam,Cardiomegaly,pointing_game,0.0
87,layer4,xgrad_cam,Cardiomegaly,energy_box,0.1414639800786972
87,layer4,xgrad_cam,Cardiomegaly,iou,0.19467569887638092
87,layer4,xgrad_cam,Cardiomegaly,distance,0.6551759846773614
87,layer3,grad_cam,ILD,pointing_game,0.0
87,layer3,grad_cam,ILD,energy_box,0.021897168830037117
87,layer3,grad_cam,ILD,iou,0.0
87,layer3,grad_cam,ILD,distance,0.5988841203295502
87,layer3,grad_cam_plus_plus,ILD,pointing_game,0.0
87,layer3,grad_cam_plus_plus,ILD,energy_box,0.07011518627405167
87,layer3,grad_cam_plus_plus,ILD,iou,0.03772526606917381
87,layer3,grad_cam_plus_plus,ILD,distance,1.5176877753341336
87,layer3,xgrad_cam,ILD,pointing_game,0.0
87,layer3,xgrad_cam,ILD,energy_box,0.0
87,layer3,xgrad_cam,ILD,iou,0.0
87,layer3,xgrad_cam,ILD,distance,1.3364643352033903
87,layer4,grad_cam,ILD,pointing_game,1.0
87,layer4,grad_cam,ILD,energy_box,0.38637810945510864
87,layer4,grad_cam,ILD,iou,0.09492070972919464
87,layer4,grad_cam,ILD,distance,0.42108295200046075
87,layer4,grad_cam_plus_plus,ILD,pointing_game,1.0
87,layer4,grad_cam_plus_plus,ILD,energy_box,0.10694751143455505
87,layer4,grad_cam_plus_plus,ILD,iou,0.12299448251724243
87,layer4,grad_cam_plus_plus,ILD,distance,0.41092673282054215
87,layer4,xgrad_cam,ILD,pointing_game,1.0
87,layer4,xgrad_cam,ILD,energy_box,0.3863779604434967
87,layer4,xgrad_cam,ILD,iou,0.09492070972919464
87,layer4,xgrad_cam,ILD,distance,0.42108295200046075
87,layer3,grad_cam,Other lesion,pointing_game,0.0
87,layer3,grad_cam,Other lesion,energy_box,0.0040586236864328384
87,layer3,grad_cam,Other lesion,iou,0.0
87,layer3,grad_cam,Other lesion,distance,3.00881981957125
87,layer3,grad_cam_plus_plus,Other lesion,pointing_game,0.0
87,layer3,grad_cam_plus_plus,Other lesion,energy_box,0.005453287158161402
87,layer3,grad_cam_plus_plus,Other lesion,iou,0.0044160266406834126
87,layer3,grad_cam_plus_plus,Other lesion,distance,5.124707599836431
87,layer3,xgrad_cam,Other lesion,pointing_game,0.0
87,layer3,xgrad_cam,Other lesion,energy_box,0.0010350965894758701
87,layer3,xgrad_cam,Other lesion,iou,0.0
87,layer3,xgrad_cam,Other lesion,distance,2.088280355048773
87,layer4,grad_cam,Other lesion,pointing_game,0.0
87,layer4,grad_cam,Other lesion,energy_box,0.0004741283191833645
87,layer4,grad_cam,Other lesion,iou,0.0
87,layer4,grad_cam,Other lesion,distance,1.3220873258420085
87,layer4,grad_cam_plus_plus,Other lesion,pointing_game,0.0
87,layer4,grad_cam_plus_plus,Other lesion,energy_box,0.005780231207609177
87,layer4,grad_cam_plus_plus,Other lesion,iou,0.008791347965598106
87,layer4,grad_cam_plus_plus,Other lesion,distance,2.8611863005332205
87,layer4,xgrad_cam,Other lesion,pointing_game,0.0
87,layer4,xgrad_cam,Other lesion,energy_box,0.0004741281736642122
87,layer4,xgrad_cam,Other lesion,iou,0.0
87,layer4,xgrad_cam,Other lesion,distance,1.3220873258420085
88,layer3,grad_cam,No finding,entropy,15.069719314575195
88,layer3,grad_cam,No finding,top_1pct,0.037873562425374985
88,layer3,grad_cam_plus_plus,No finding,entropy,15.587182998657227
88,layer3,grad_cam_plus_plus,No finding,top_1pct,0.016478950157761574
88,layer3,xgrad_cam,No finding,entropy,14.962843894958496
88,layer3,xgrad_cam,No finding,top_1pct,0.04314529150724411
88,layer4,grad_cam,No finding,entropy,14.35550308227539
88,layer4,grad_cam,No finding,top_1pct,0.04907640069723129
88,layer4,grad_cam_plus_plus,No finding,entropy,14.92207145690918
88,layer4,grad_cam_plus_plus,No finding,top_1pct,0.040661800652742386
88,layer4,xgrad_cam,No finding,entropy,14.355504989624023
88,layer4,xgrad_cam,No finding,top_1pct,0.049076396971940994
89,layer3,grad_cam,No finding,entropy,14.900468826293945
89,layer3,grad_cam,No finding,top_1pct,0.04590842127799988
89,layer3,grad_cam_plus_plus,No finding,entropy,15.580101013183594
89,layer3,grad_cam_plus_plus,No finding,top_1pct,0.020619163289666176
89,layer3,xgrad_cam,No finding,entropy,15.255059242248535
89,layer3,xgrad_cam,No finding,top_1pct,0.034776899963617325
89,layer4,grad_cam,No finding,entropy,14.814679145812988
89,layer4,grad_cam,No finding,top_1pct,0.03503090888261795
89,layer4,grad_cam_plus_plus,No finding,entropy,15.03354263305664
89,layer4,grad_cam_plus_plus,No finding,top_1pct,0.03199952095746994
89,layer4,xgrad_cam,No finding,entropy,14.814682006835938
89,layer4,xgrad_cam,No finding,top_1pct,0.03503091260790825
90,layer3,grad_cam,No finding,entropy,15.181148529052734
90,layer3,grad_cam,No finding,top_1pct,0.0378294363617897
90,layer3,grad_cam_plus_plus,No finding,entropy,15.584098815917969
90,layer3,grad_cam_plus_plus,No finding,top_1pct,0.018459707498550415
90,layer3,xgrad_cam,No finding,entropy,15.009576797485352
90,layer3,xgrad_cam,No finding,top_1pct,0.04078838601708412
90,layer4,grad_cam,No finding,entropy,15.030414581298828
90,layer4,grad_cam,No finding,top_1pct,0.03323892131447792
90,layer4,grad_cam_plus_plus,No finding,entropy,15.221580505371094
90,layer4,grad_cam_plus_plus,No finding,top_1pct,0.029343821108341217
90,layer4,xgrad_cam,No finding,entropy,15.030414581298828
90,layer4,xgrad_cam,No finding,top_1pct,0.03323892503976822
91,layer3,grad_cam,No finding,entropy,14.747171401977539
91,layer3,grad_cam,No finding,top_1pct,0.05363474413752556
91,layer3,grad_cam_plus_plus,No finding,entropy,15.574458122253418
91,layer3,grad_cam_plus_plus,No finding,top_1pct,0.021102746948599815
91,layer3,xgrad_cam,No finding,entropy,15.174942016601562
91,layer3,xgrad_cam,No finding,top_1pct,0.041023410856723785
91,layer4,grad_cam,No finding,entropy,14.823073387145996
91,layer4,grad_cam,No finding,top_1pct,0.03446991741657257
91,layer4,grad_cam_plus_plus,No finding,entropy,15.014286994934082
91,layer4,grad_cam_plus_plus,No finding,top_1pct,0.03244711831212044
91,layer4,xgrad_cam,No finding,entropy,14.82307243347168
91,layer4,xgrad_cam,No finding,top_1pct,0.03446991369128227
92,layer3,grad_cam,No finding,entropy,14.604440689086914
92,layer3,grad_cam,No finding,top_1pct,0.06621334701776505
92,layer3,grad_cam_plus_plus,No finding,entropy,15.584155082702637
92,layer3,grad_cam_plus_plus,No finding,top_1pct,0.01944633573293686
92,layer3,xgrad_cam,No finding,entropy,15.053593635559082
92,layer3,xgrad_cam,No finding,top_1pct,0.06231234595179558
92,layer4,grad_cam,No finding,entropy,14.771032333374023
92,layer4,grad_cam,No finding,top_1pct,0.03942268714308739
92,layer4,grad_cam_plus_plus,No finding,entropy,14.988956451416016
92,layer4,grad_cam_plus_plus,No finding,top_1pct,0.035784393548965454
92,layer4,xgrad_cam,No finding,entropy,14.771032333374023
92,layer4,xgrad_cam,No finding,top_1pct,0.03942268714308739
93,layer3,grad_cam,Calcification,pointing_game,0.0
93,layer3,grad_cam,Calcification,energy_box,0.00010738611308624968
93,layer3,grad_cam,Calcification,iou,0.0
93,layer3,grad_cam,Calcification,distance,30.443344172659792
93,layer3,grad_cam_plus_plus,Calcification,pointing_game,0.0
93,layer3,grad_cam_plus_plus,Calcification,energy_box,0.0004814182757399976
93,layer3,grad_cam_plus_plus,Calcification,iou,0.003278016811236739
93,layer3,grad_cam_plus_plus,Calcification,distance,44.59679485217238
93,layer3,xgrad_cam,Calcification,pointing_game,0.0
93,layer3,xgrad_cam,Calcification,energy_box,0.0
93,layer3,xgrad_cam,Calcification,iou,0.0
93,layer3,xgrad_cam,Calcification,distance,30.443344172659792
93,layer4,grad_cam,Calcification,pointing_game,0.0
93,layer4,grad_cam,Calcification,energy_box,0.0
93,layer4,grad_cam,Calcification,iou,0.0
93,layer4,grad_cam,Calcification,distance,47.14353535386914
93,layer4,grad_cam_plus_plus,Calcification,pointing_game,0.0
93,layer4,grad_cam_plus_plus,Calcification,energy_box,9.0773195552174e-05
93,layer4,grad_cam_plus_plus,Calcification,iou,0.0
93,layer4,grad_cam_plus_plus,Calcification,distance,22.55162940663948
93,layer4,xgrad_cam,Calcification,pointing_game,0.0
93,layer4,xgrad_cam,Calcification,energy_box,0.0
93,layer4,xgrad_cam,Calcification,iou,0.0
93,layer4,xgrad_cam,Calcification,distance,47.14353535386914
93,layer3,grad_cam,Nodule/Mass,pointing_game,0.0
93,layer3,grad_cam,Nodule/Mass,energy_box,0.00015524854825343937
93,layer3,grad_cam,Nodule/Mass,iou,0.0
93,layer3,grad_cam,Nodule/Mass,distance,21.758402971393984
93,layer3,grad_cam_plus_plus,Nodule/Mass,pointing_game,0.0
93,layer3,grad_cam_plus_plus,Nodule/Mass,energy_box,0.0004471057327464223
93,layer3,grad_cam_plus_plus,Nodule/Mass,iou,0.0016666667070239782
93,layer3,grad_cam_plus_plus,Nodule/Mass,distance,42.28682331433426
93,layer3,xgrad_cam,Nodule/Mass,pointing_game,0.0
93,layer3,xgrad_cam,Nodule/Mass,energy_box,0.0006206279504112899
93,layer3,xgrad_cam,Nodule/Mass,iou,0.0
93,layer3,xgrad_cam,Nodule/Mass,distance,37.309550294275816
93,layer4,grad_cam,Nodule/Mass,pointing_game,0.0
93,layer4,grad_cam,Nodule/Mass,energy_box,0.00013495099847204983
93,layer4,grad_cam,Nodule/Mass,iou,0.0
93,layer4,grad_cam,Nodule/Mass,distance,35.67516491296776
93,layer4,grad_cam_plus_plus,Nodule/Mass,pointing_game,0.0
93,layer4,grad_cam_plus_plus,Nodule/Mass,energy_box,0.00020456792844925076
93,layer4,grad_cam_plus_plus,Nodule/Mass,iou,0.0
93,layer4,grad_cam_plus_plus,Nodule/Mass,distance,40.25190337174619
93,layer4,xgrad_cam,Nodule/Mass,pointing_game,0.0
93,layer4,xgrad_cam,Nodule/Mass,energy_box,0.00013495083840098232
93,layer4,xgrad_cam,Nodule/Mass,iou,0.0
93,layer4,xgrad_cam,Nodule/Mass,distance,35.67516491296776
93,layer3,grad_cam,Pleural thickening,pointing_game,0.0
93,layer3,grad_cam,Pleural thickening,energy_box,0.0008568898774683475
93,layer3,grad_cam,Pleural thickening,iou,0.0
93,layer3,grad_cam,Pleural thickening,distance,3.8731858895429254
93,layer3,grad_cam_plus_plus,Pleural thickening,pointing_game,0.0
93,layer3,grad_cam_plus_plus,Pleural thickening,energy_box,0.007595795206725597
93,layer3,grad_cam_plus_plus,Pleural thickening,iou,0.0
93,layer3,grad_cam_plus_plus,Pleural thickening,distance,1.9625120229742092
93,layer3,xgrad_cam,Pleural thickening,pointing_game,0.0
93,layer3,xgrad_cam,Pleural thickening,energy_box,0.0011212181998416781
93,layer3,xgrad_cam,Pleural thickening,iou,0.0
93,layer3,xgrad_cam,Pleural thickening,distance,2.0056048111940106
93,layer4,grad_cam,Pleural thickening,pointing_game,0.0
93,layer4,grad_cam,Pleural thickening,energy_box,0.003393478225916624
93,layer4,grad_cam,Pleural thickening,iou,0.0
93,layer4,grad_cam,Pleural thickening,distance,2.0056048111940106
93,layer4,grad_cam_plus_plus,Pleural thickening,pointing_game,0.0
93,layer4,grad_cam_plus_plus,Pleural thickening,energy_box,0.006656336132436991
93,layer4,grad_cam_plus_plus,Pleural thickening,iou,0.0
93,layer4,grad_cam_plus_plus,Pleural thickening,distance,2.1328358981454962
93,layer4,xgrad_cam,Pleural thickening,pointing_game,0.0
93,layer4,xgrad_cam,Pleural thickening,energy_box,0.0033934765961021185
93,layer4,xgrad_cam,Pleural thickening,iou,0.0
93,layer4,xgrad_cam,Pleural thickening,distance,2.0056048111940106
94,layer3,grad_cam,Aortic enlargement,pointing_game,0.0
94,layer3,grad_cam,Aortic enlargement,energy_box,0.03265580162405968
94,layer3,grad_cam,Aortic enlargement,iou,0.0
94,layer3,grad_cam,Aortic enlargement,distance,2.0749689957662945
94,layer3,grad_cam_plus_plus,Aortic enlargement,pointing_game,0.0
94,layer3,grad_cam_plus_plus,Aortic enlargement,energy_box,0.018950549885630608
94,layer3,grad_cam_plus_plus,Aortic enlargement,iou,0.0
94,layer3,grad_cam_plus_plus,Aortic enlargement,distance,2.0956281621715336
94,layer3,xgrad_cam,Aortic enlargement,pointing_game,0.0
94,layer3,xgrad_cam,Aortic enlargement,energy_box,0.03594854846596718
94,layer3,xgrad_cam,Aortic enlargement,iou,0.0
94,layer3,xgrad_cam,Aortic enlargement,distance,2.0749689957662945
94,layer4,grad_cam,Aortic enlargement,pointing_game,0.0
94,layer4,grad_cam,Aortic enlargement,energy_box,0.03745616227388382
94,layer4,grad_cam,Aortic enlargement,iou,0.08986437320709229
94,layer4,grad_cam,Aortic enlargement,distance,0.4878170836556863
94,layer4,grad_cam_plus_plus,Aortic enlargement,pointing_game,0.0
94,layer4,grad_cam_plus_plus,Aortic enlargement,energy_box,0.029046455398201942
94,layer4,grad_cam_plus_plus,Aortic enlargement,iou,0.047857969999313354
94,layer4,grad_cam_plus_plus,Aortic enlargement,distance,0.4878170836556863
94,layer4,xgrad_cam,Aortic enlargement,pointing_game,0.0
94,layer4,xgrad_cam,Aortic enlargement,energy_box,0.03745615854859352
94,layer4,xgrad_cam,Aortic enlargement,iou,0.08986437320709229
94,layer4,xgrad_cam,Aortic enlargement,distance,0.4878170836556863
94,layer3,grad_cam,Cardiomegaly,pointing_game,0.0
94,layer3,grad_cam,Cardiomegaly,energy_box,0.08400833606719971
94,layer3,grad_cam,Cardiomegaly,iou,0.00978892669081688
94,layer3,grad_cam,Cardiomegaly,distance,0.5472903336563425
94,layer3,grad_cam_plus_plus,Cardiomegaly,pointing_game,0.0
94,layer3,grad_cam_plus_plus,Cardiomegaly,energy_box,0.07346814125776291
94,layer3,grad_cam_plus_plus,Cardiomegaly,iou,0.017029153183102608
94,layer3,grad_cam_plus_plus,Cardiomegaly,distance,1.590983822990495
94,layer3,xgrad_cam,Cardiomegaly,pointing_game,0.0
94,layer3,xgrad_cam,Cardiomegaly,energy_box,0.09102440625429153
94,layer3,xgrad_cam,Cardiomegaly,iou,0.037652596831321716
94,layer3,xgrad_cam,Cardiomegaly,distance,0.5472903336563425
94,layer4,grad_cam,Cardiomegaly,pointing_game,1.0
94,layer4,grad_cam,Cardiomegaly,energy_box,0.11987672746181488
94,layer4,grad_cam,Cardiomegaly,iou,0.12091226875782013
94,layer4,grad_cam,Cardiomegaly,distance,0.45906896642913986
94,layer4,grad_cam_plus_plus,Cardiomegaly,pointing_game,1.0
94,layer4,grad_cam_plus_plus,Cardiomegaly,energy_box,0.10589534044265747
94,layer4,grad_cam_plus_plus,Cardiomegaly,iou,0.15032045543193817
94,layer4,grad_cam_plus_plus,Cardiomegaly,distance,0.21366780531815932
94,layer4,xgrad_cam,Cardiomegaly,pointing_game,1.0
94,layer4,xgrad_cam,Cardiomegaly,energy_box,0.1198766902089119
94,layer4,xgrad_cam,Cardiomegaly,iou,0.12091226875782013
94,layer4,xgrad_cam,Cardiomegaly,distance,0.45906896642913986
94,layer3,grad_cam,Pleural thickening,pointing_game,0.0
94,layer3,grad_cam,Pleural thickening,energy_box,0.00952998548746109
94,layer3,grad_cam,Pleural thickening,iou,0.0
94,layer3,grad_cam,Pleural thickening,distance,2.44698342405661
94,layer3,grad_cam_plus_plus,Pleural thickening,pointing_game,0.0
94,layer3,grad_cam_plus_plus,Pleural thickening,energy_box,0.009005171246826649
94,layer3,grad_cam_plus_plus,Pleural thickening,iou,0.0
94,layer3,grad_cam_plus_plus,Pleural thickening,distance,2.252529809347166
94,layer3,xgrad_cam,Pleural thickening,pointing_game,0.0
94,layer3,xgrad_cam,Pleural thickening,energy_box,0.008832390420138836
94,layer3,xgrad_cam,Pleural thickening,iou,0.0
94,layer3,xgrad_cam,Pleural thickening,distance,2.4757651451402873
94,layer4,grad_cam,Pleural thickening,pointing_game,0.0
94,layer4,grad_cam,Pleural thickening,energy_box,0.0
94,layer4,grad_cam,Pleural thickening,iou,0.0
94,layer4,grad_cam,Pleural thickening,distance,2.7086720544857523
94,layer4,grad_cam_plus_plus,Pleural thickening,pointing_game,0.0
94,layer4,grad_cam_plus_plus,Pleural thickening,energy_box,0.006284575909376144
94,layer4,grad_cam_plus_plus,Pleural thickening,iou,0.0
94,layer4,grad_cam_plus_plus,Pleural thickening,distance,2.7086720544857523
94,layer4,xgrad_cam,Pleural thickening,pointing_game,0.0
94,layer4,xgrad_cam,Pleural thickening,energy_box,0.0
94,layer4,xgrad_cam,Pleural thickening,iou,0.0
94,layer4,xgrad_cam,Pleural thickening,distance,2.7086720544857523
95,layer3,grad_cam,Aortic enlargement,pointing_game,0.0
95,layer3,grad_cam,Aortic enlargement,energy_box,0.0
95,layer3,grad_cam,Aortic enlargement,iou,0.0
95,layer3,grad_cam,Aortic enlargement,distance,4.515783055767721
95,layer3,grad_cam_plus_plus,Aortic enlargement,pointing_game,0.0
95,layer3,grad_cam_plus_plus,Aortic enlargement,energy_box,0.009833263233304024
95,layer3,grad_cam_plus_plus,Aortic enlargement,iou,0.0
95,layer3,grad_cam_plus_plus,Aortic enlargement,distance,4.515783055767721
95,layer3,xgrad_cam,Aortic enlargement,pointing_game,0.0
95,layer3,xgrad_cam,Aortic enlargement,energy_box,0.0
95,layer3,xgrad_cam,Aortic enlargement,iou,0.0
95,layer3,xgrad_cam,Aortic enlargement,distance,4.503133956371954
95,layer4,grad_cam,Aortic enlargement,pointing_game,0.0
95,layer4,grad_cam,Aortic enlargement,energy_box,0.0031380346044898033
95,layer4,grad_cam,Aortic enlargement,iou,0.0
95,layer4,grad_cam,Aortic enlargement,distance,4.420739301142701
95,layer4,grad_cam_plus_plus,Aortic enlargement,pointing_game,0.0
95,layer4,grad_cam_plus_plus,Aortic enlargement,energy_box,0.009637285955250263
95,layer4,grad_cam_plus_plus,Aortic enlargement,iou,0.0
95,layer4,grad_cam_plus_plus,Aortic enlargement,distance,4.420739301142701
95,layer4,xgrad_cam,Aortic enlargement,pointing_game,0.0
95,layer4,xgrad_cam,Aortic enlargement,energy_box,0.0031380332075059414
95,layer4,xgrad_cam,Aortic enlargement,iou,0.0
95,layer4,xgrad_cam,Aortic enlargement,distance,4.420739301142701
95,layer3,grad_cam,Cardiomegaly,pointing_game,0.0
95,layer3,grad_cam,Cardiomegaly,energy_box,0.07518627494573593
95,layer3,grad_cam,Cardiomegaly,iou,0.04349363595247269
95,layer3,grad_cam,Cardiomegaly,distance,0.42274756542268765
95,layer3,grad_cam_plus_plus,Cardiomegaly,pointing_game,0.0
95,layer3,grad_cam_plus_plus,Cardiomegaly,energy_box,0.06931978464126587
95,layer3,grad_cam_plus_plus,Cardiomegaly,iou,0.042333997786045074
95,layer3,grad_cam_plus_plus,Cardiomegaly,distance,1.1008064384615743
95,layer3,xgrad_cam,Cardiomegaly,pointing_game,0.0
95,layer3,xgrad_cam,Cardiomegaly,energy_box,0.07423485070466995
95,layer3,xgrad_cam,Cardiomegaly,iou,0.030387647449970245
95,layer3,xgrad_cam,Cardiomegaly,distance,1.5312069026814414
95,layer4,grad_cam,Cardiomegaly,pointing_game,0.0
95,layer4,grad_cam,Cardiomegaly,energy_box,0.0702240988612175
95,layer4,grad_cam,Cardiomegaly,iou,0.07514895498752594
95,layer4,grad_cam,Cardiomegaly,distance,1.493333370431328
95,layer4,grad_cam_plus_plus,Cardiomegaly,pointing_game,0.0
95,layer4,grad_cam_plus_plus,Cardiomegaly,energy_box,0.12285145372152328
95,layer4,grad_cam_plus_plus,Cardiomegaly,iou,0.2777484059333801
95,layer4,grad_cam_plus_plus,Cardiomegaly,distance,1.493333370431328
95,layer4,xgrad_cam,Cardiomegaly,pointing_game,0.0
95,layer4,xgrad_cam,Cardiomegaly,energy_box,0.0702241063117981
95,layer4,xgrad_cam,Cardiomegaly,iou,0.07514895498752594
95,layer4,xgrad_cam,Cardiomegaly,distance,1.493333370431328
95,layer3,grad_cam,Pleural thickening,pointing_game,0.0
95,layer3,grad_cam,Pleural thickening,energy_box,0.0033316886983811855
95,layer3,grad_cam,Pleural thickening,iou,0.0
95,layer3,grad_cam,Pleural thickening,distance,2.026529712292112
95,layer3,grad_cam_plus_plus,Pleural thickening,pointing_game,0.0
95,layer3,grad_cam_plus_plus,Pleural thickening,energy_box,0.003399206791073084
95,layer3,grad_cam_plus_plus,Pleural thickening,iou,0.005538771394640207
95,layer3,grad_cam_plus_plus,Pleural thickening,distance,2.031326914480591
95,layer3,xgrad_cam,Pleural thickening,pointing_game,0.0
95,layer3,xgrad_cam,Pleural thickening,energy_box,0.004675050266087055
95,layer3,xgrad_cam,Pleural thickening,iou,0.0
95,layer3,xgrad_cam,Pleural thickening,distance,2.031326914480591
95,layer4,grad_cam,Pleural thickening,pointing_game,0.0
95,layer4,grad_cam,Pleural thickening,energy_box,0.0
95,layer4,grad_cam,Pleural thickening,iou,0.0
95,layer4,grad_cam,Pleural thickening,distance,2.4596320574050257
95,layer4,grad_cam_plus_plus,Pleural thickening,pointing_game,0.0
95,layer4,grad_cam_plus_plus,Pleural thickening,energy_box,0.0033425118308514357
95,layer4,grad_cam_plus_plus,Pleural thickening,iou,0.0
95,layer4,grad_cam_plus_plus,Pleural thickening,distance,2.0030861212994235
95,layer4,xgrad_cam,Pleural thickening,pointing_game,0.0
95,layer4,xgrad_cam,Pleural thickening,energy_box,0.0
95,layer4,xgrad_cam,Pleural thickening,iou,0.0
95,layer4,xgrad_cam,Pleural thickening,distance,2.4596320574050257
96,layer3,grad_cam,No finding,entropy,15.000078201293945
96,layer3,grad_cam,No finding,top_1pct,0.03708139434456825
96,layer3,grad_cam_plus_plus,No finding,entropy,15.580036163330078
96,layer3,grad_cam_plus_plus,No finding,top_1pct,0.016411038115620613
96,layer3,xgrad_cam,No finding,entropy,14.897485733032227
96,layer3,xgrad_cam,No finding,top_1pct,0.041288621723651886
96,layer4,grad_cam,No finding,entropy,14.43364143371582
96,layer4,grad_cam,No finding,top_1pct,0.04775216057896614
96,layer4,grad_cam_plus_plus,No finding,entropy,14.963912010192871
96,layer4,grad_cam_plus_plus,No finding,top_1pct,0.03907967731356621
96,layer4,xgrad_cam,No finding,entropy,14.43364143371582
96,layer4,xgrad_cam,No finding,top_1pct,0.047752153128385544
97,layer3,grad_cam,No finding,entropy,15.15765380859375
97,layer3,grad_cam,No finding,top_1pct,0.035644467920064926
97,layer3,grad_cam_plus_plus,No finding,entropy,15.590963363647461
97,layer3,grad_cam_plus_plus,No finding,top_1pct,0.017448144033551216
97,layer3,xgrad_cam,No finding,entropy,15.210079193115234
97,layer3,xgrad_cam,No finding,top_1pct,0.03449000045657158
97,layer4,grad_cam,No finding,entropy,14.906143188476562
97,layer4,grad_cam,No finding,top_1pct,0.036727264523506165
97,layer4,grad_cam_plus_plus,No finding,entropy,15.11209487915039
97,layer4,grad_cam_plus_plus,No finding,top_1pct,0.032054316252470016
97,layer4,xgrad_cam,No finding,entropy,14.90614128112793
97,layer4,xgrad_cam,No finding,top_1pct,0.036727260798215866
98,layer3,grad_cam,Aortic enlargement,pointing_game,0.0
98,layer3,grad_cam,Aortic enlargement,energy_box,0.0040887794457376
98,layer3,grad_cam,Aortic enlargement,iou,0.0
98,layer3,grad_cam,Aortic enlargement,distance,1.5769184351511614
98,layer3,grad_cam_plus_plus,Aortic enlargement,pointing_game,0.0
98,layer3,grad_cam_plus_plus,Aortic enlargement,energy_box,0.014822524040937424
98,layer3,grad_cam_plus_plus,Aortic enlargement,iou,0.0
98,layer3,grad_cam_plus_plus,Aortic enlargement,distance,4.824988380095182
98,layer3,xgrad_cam,Aortic enlargement,pointing_game,0.0
98,layer3,xgrad_cam,Aortic enlargement,energy_box,0.0024498100392520428
98,layer3,xgrad_cam,Aortic enlargement,iou,0.0
98,layer3,xgrad_cam,Aortic enlargement,distance,1.5769184351511614
98,layer4,grad_cam,Aortic enlargement,pointing_game,0.0
98,layer4,grad_cam,Aortic enlargement,energy_box,0.028618471696972847
98,layer4,grad_cam,Aortic enlargement,iou,0.02769557572901249
98,layer4,grad_cam,Aortic enlargement,distance,1.7411501031187164
98,layer4,grad_cam_plus_plus,Aortic enlargement,pointing_game,0.0
98,layer4,grad_cam_plus_plus,Aortic enlargement,energy_box,0.024475162848830223
98,layer4,grad_cam_plus_plus,Aortic enlargement,iou,0.02844986319541931
98,layer4,grad_cam_plus_plus,Aortic enlargement,distance,3.1562309338499497
98,layer4,xgrad_cam,Aortic enlargement,pointing_game,0.0
98,layer4,xgrad_cam,Aortic enlargement,energy_box,0.028618469834327698
98,layer4,xgrad_cam,Aortic enlargement,iou,0.02769557572901249
98,layer4,xgrad_cam,Aortic enlargement,distance,1.7411501031187164
98,layer3,grad_cam,Consolidation,pointing_game,0.0
98,layer3,grad_cam,Consolidation,energy_box,0.013861091807484627
98,layer3,grad_cam,Consolidation,iou,0.0
98,layer3,grad_cam,Consolidation,distance,1.4460512124262395
98,layer3,grad_cam_plus_plus,Consolidation,pointing_game,0.0
98,layer3,grad_cam_plus_plus,Consolidation,energy_box,0.023634808138012886
98,layer3,grad_cam_plus_plus,Consolidation,iou,0.03017384558916092
98,layer3,grad_cam_plus_plus,Consolidation,distance,2.2697708560814758
98,layer3,xgrad_cam,Consolidation,pointing_game,0.0
98,layer3,xgrad_cam,Consolidation,energy_box,0.022033369168639183
98,layer3,xgrad_cam,Consolidation,iou,0.0
98,layer3,xgrad_cam,Consolidation,distance,1.4460512124262395
98,layer4,grad_cam,Consolidation,pointing_game,0.0
98,layer4,grad_cam,Consolidation,energy_box,0.056462209671735764
98,layer4,grad_cam,Consolidation,iou,0.07390926033258438
98,layer4,grad_cam,Consolidation,distance,1.1224230362564027
98,layer4,grad_cam_plus_plus,Consolidation,pointing_game,0.0
98,layer4,grad_cam_plus_plus,Consolidation,energy_box,0.034611158072948456
98,layer4,grad_cam_plus_plus,Consolidation,iou,0.05816751718521118
98,layer4,grad_cam_plus_plus,Consolidation,distance,1.6073079784177382
98,layer4,xgrad_cam,Consolidation,pointing_game,0.0
98,layer4,xgrad_cam,Consolidation,energy_box,0.05646221339702606
98,layer4,xgrad_cam,Consolidation,iou,0.07390926033258438
98,layer4,xgrad_cam,Consolidation,distance,1.1224230362564027
98,layer3,grad_cam,Lung Opacity,pointing_game,0.0
98,layer3,grad_cam,Lung Opacity,energy_box,0.017056278884410858
98,layer3,grad_cam,Lung Opacity,iou,0.0
98,layer3,grad_cam,Lung Opacity,distance,1.4460512124262395
98,layer3,grad_cam_plus_plus,Lung Opacity,pointing_game,0.0
98,layer3,grad_cam_plus_plus,Lung Opacity,energy_box,0.023203302174806595
98,layer3,grad_cam_plus_plus,Lung Opacity,iou,0.02762400545179844
98,layer3,grad_cam_plus_plus,Lung Opacity,distance,3.5459601032930967
98,layer3,xgrad_cam,Lung Opacity,pointing_game,0.0
98,layer3,xgrad_cam,Lung Opacity,energy_box,0.022704102098941803
98,layer3,xgrad_cam,Lung Opacity,iou,0.0
98,layer3,xgrad_cam,Lung Opacity,distance,1.4460512124262395
98,layer4,grad_cam,Lung Opacity,pointing_game,0.0
98,layer4,grad_cam,Lung Opacity,energy_box,0.03935732692480087
98,layer4,grad_cam,Lung Opacity,iou,0.04833512380719185
98,layer4,grad_cam,Lung Opacity,distance,0.8922429281420823
98,layer4,grad_cam_plus_plus,Lung Opacity,pointing_game,0.0
98,layer4,grad_cam_plus_plus,Lung Opacity,energy_box,0.030892139300704002
98,layer4,grad_cam_plus_plus,Lung Opacity,iou,0.041918616741895676
98,layer4,grad_cam_plus_plus,Lung Opacity,distance,1.6073079784177382
98,layer4,xgrad_cam,Lung Opacity,pointing_game,0.0
98,layer4,xgrad_cam,Lung Opacity,energy_box,0.03935733437538147
98,layer4,xgrad_cam,Lung Opacity,iou,0.04833512380719185
98,layer4,xgrad_cam,Lung Opacity,distance,0.8922429281420823
98,layer3,grad_cam,Nodule/Mass,pointing_game,0.0
98,layer3,grad_cam,Nodule/Mass,energy_box,0.0026174241211265326
98,layer3,grad_cam,Nodule/Mass,iou,0.0
98,layer3,grad_cam,Nodule/Mass,distance,5.627369125082933
98,layer3,grad_cam_plus_plus,Nodule/Mass,pointing_game,0.0
98,layer3,grad_cam_plus_plus,Nodule/Mass,energy_box,0.00767773250117898
98,layer3,grad_cam_plus_plus,Nodule/Mass,iou,0.00929368007928133
98,layer3,grad_cam_plus_plus,Nodule/Mass,distance,4.559219347507486
98,layer3,xgrad_cam,Nodule/Mass,pointing_game,0.0
98,layer3,xgrad_cam,Nodule/Mass,energy_box,0.006204478908330202
98,layer3,xgrad_cam,Nodule/Mass,iou,0.0
98,layer3,xgrad_cam,Nodule/Mass,distance,5.627369125082933
98,layer4,grad_cam,Nodule/Mass,pointing_game,0.0
98,layer4,grad_cam,Nodule/Mass,energy_box,2.7669681003317237e-05
98,layer4,grad_cam,Nodule/Mass,iou,0.0
98,layer4,grad_cam,Nodule/Mass,distance,2.9939586445827455
98,layer4,grad_cam_plus_plus,Nodule/Mass,pointing_game,0.0
98,layer4,grad_cam_plus_plus,Nodule/Mass,energy_box,0.006479279603809118
98,layer4,grad_cam_plus_plus,Nodule/Mass,iou,0.0
98,layer4,grad_cam_plus_plus,Nodule/Mass,distance,2.9939586445827455
98,layer4,xgrad_cam,Nodule/Mass,pointing_game,0.0
98,layer4,xgrad_cam,Nodule/Mass,energy_box,2.7669946575770155e-05
98,layer4,xgrad_cam,Nodule/Mass,iou,0.0
98,layer4,xgrad_cam,Nodule/Mass,distance,2.9939586445827455
98,layer3,grad_cam,Other lesion,pointing_game,0.0
98,layer3,grad_cam,Other lesion,energy_box,0.15231342613697052
98,layer3,grad_cam,Other lesion,iou,0.05901075154542923
98,layer3,grad_cam,Other lesion,distance,0.7318798752871509
98,layer3,grad_cam_plus_plus,Other lesion,pointing_game,0.0
98,layer3,grad_cam_plus_plus,Other lesion,energy_box,0.14830255508422852
98,layer3,grad_cam_plus_plus,Other lesion,iou,0.24389684200286865
98,layer3,grad_cam_plus_plus,Other lesion,distance,1.2083278502777677
98,layer3,xgrad_cam,Other lesion,pointing_game,0.0
98,layer3,xgrad_cam,Other lesion,energy_box,0.15973840653896332
98,layer3,xgrad_cam,Other lesion,iou,0.01930021122097969
98,layer3,xgrad_cam,Other lesion,distance,0.7318798752871509
98,layer4,grad_cam,Other lesion,pointing_game,0.0
98,layer4,grad_cam,Other lesion,energy_box,0.16541023552417755
98,layer4,grad_cam,Other lesion,iou,0.024700069800019264
98,layer4,grad_cam,Other lesion,distance,0.7093877549656112
98,layer4,grad_cam_plus_plus,Other lesion,pointing_game,0.0
98,layer4,grad_cam_plus_plus,Other lesion,energy_box,0.11641069501638412
98,layer4,grad_cam_plus_plus,Other lesion,iou,0.051236316561698914
98,layer4,grad_cam_plus_plus,Other lesion,distance,0.6543933286117917
98,layer4,xgrad_cam,Other lesion,pointing_game,0.0
98,layer4,xgrad_cam,Other lesion,energy_box,0.16541025042533875
98,layer4,xgrad_cam,Other lesion,iou,0.024700069800019264
98,layer4,xgrad_cam,Other lesion,distance,0.7093877549656112
98,layer3,grad_cam,Pleural effusion,pointing_game,0.0
98,layer3,grad_cam,Pleural effusion,energy_box,0.003132093930616975
98,layer3,grad_cam,Pleural effusion,iou,0.0
98,layer3,grad_cam,Pleural effusion,distance,5.873619690621354
98,layer3,grad_cam_plus_plus,Pleural effusion,pointing_game,0.0
98,layer3,grad_cam_plus_plus,Pleural effusion,energy_box,0.0026464229449629784
98,layer3,grad_cam_plus_plus,Pleural effusion,iou,0.003006815444678068
98,layer3,grad_cam_plus_plus,Pleural effusion,distance,1.5643504055656692
98,layer3,xgrad_cam,Pleural effusion,pointing_game,0.0
98,layer3,xgrad_cam,Pleural effusion,energy_box,0.0020604562014341354
98,layer3,xgrad_cam,Pleural effusion,iou,0.0
98,layer3,xgrad_cam,Pleural effusion,distance,5.873619690621354
98,layer4,grad_cam,Pleural effusion,pointing_game,0.0
98,layer4,grad_cam,Pleural effusion,energy_box,0.00013705120363738388
98,layer4,grad_cam,Pleural effusion,iou,0.0
98,layer4,grad_cam,Pleural effusion,distance,6.127052139186721
98,layer4,grad_cam_plus_plus,Pleural effusion,pointing_game,0.0
98,layer4,grad_cam_plus_plus,Pleural effusion,energy_box,0.002176041714847088
98,layer4,grad_cam_plus_plus,Pleural effusion,iou,0.0
98,layer4,grad_cam_plus_plus,Pleural effusion,distance,6.079323669881513
98,layer4,xgrad_cam,Pleural effusion,pointing_game,0.0
98,layer4,xgrad_cam,Pleural effusion,energy_box,0.00013705161109101027
98,layer4,xgrad_cam,Pleural effusion,iou,0.0
98,layer4,xgrad_cam,Pleural effusion,distance,6.127052139186721
98,layer3,grad_cam,Pleural thickening,pointing_game,0.0
98,layer3,grad_cam,Pleural thickening,energy_box,0.0004251454083714634
98,layer3,grad_cam,Pleural thickening,iou,0.0
98,layer3,grad_cam,Pleural thickening,distance,3.3966269926126036
98,layer3,grad_cam_plus_plus,Pleural thickening,pointing_game,0.0
98,layer3,grad_cam_plus_plus,Pleural thickening,energy_box,0.0025120119098573923
98,layer3,grad_cam_plus_plus,Pleural thickening,iou,0.003103280207142234
98,layer3,grad_cam_plus_plus,Pleural thickening,distance,10.222854189101774
98,layer3,xgrad_cam,Pleural thickening,pointing_game,0.0
98,layer3,xgrad_cam,Pleural thickening,energy_box,0.0005214414559304714
98,layer3,xgrad_cam,Pleural thickening,iou,0.0
98,layer3,xgrad_cam,Pleural thickening,distance,3.3966269926126036
98,layer4,grad_cam,Pleural thickening,pointing_game,0.0
98,layer4,grad_cam,Pleural thickening,energy_box,0.001139407162554562
98,layer4,grad_cam,Pleural thickening,iou,0.0
98,layer4,grad_cam,Pleural thickening,distance,6.046464478520177
98,layer4,grad_cam_plus_plus,Pleural thickening,pointing_game,0.0
98,layer4,grad_cam_plus_plus,Pleural thickening,energy_box,0.001806321321055293
98,layer4,grad_cam_plus_plus,Pleural thickening,iou,0.0
98,layer4,grad_cam_plus_plus,Pleural thickening,distance,6.046464478520177
98,layer4,xgrad_cam,Pleural thickening,pointing_game,0.0
98,layer4,xgrad_cam,Pleural thickening,energy_box,0.0011394073953852057
98,layer4,xgrad_cam,Pleural thickening,iou,0.0
98,layer4,xgrad_cam,Pleural thickening,distance,6.046464478520177
98,layer3,grad_cam,Pulmonary fibrosis,pointing_game,0.0
98,layer3,grad_cam,Pulmonary fibrosis,energy_box,0.07351629436016083
98,layer3,grad_cam,Pulmonary fibrosis,iou,0.00974346324801445
98,layer3,grad_cam,Pulmonary fibrosis,distance,1.3449844687527392
98,layer3,grad_cam_plus_plus,Pulmonary fibrosis,pointing_game,0.0
98,layer3,grad_cam_plus_plus,Pulmonary fibrosis,energy_box,0.06491611897945404
98,layer3,grad_cam_plus_plus,Pulmonary fibrosis,iou,0.07351606339216232
98,layer3,grad_cam_plus_plus,Pulmonary fibrosis,distance,2.221313526088126
98,layer3,xgrad_cam,Pulmonary fibrosis,pointing_game,0.0
98,layer3,xgrad_cam,Pulmonary fibrosis,energy_box,0.07680434733629227
98,layer3,xgrad_cam,Pulmonary fibrosis,iou,0.004324992187321186
98,layer3,xgrad_cam,Pulmonary fibrosis,distance,2.221313526088126
98,layer4,grad_cam,Pulmonary fibrosis,pointing_game,0.0
98,layer4,grad_cam,Pulmonary fibrosis,energy_box,0.05928108096122742
98,layer4,grad_cam,Pulmonary fibrosis,iou,0.05709962919354439
98,layer4,grad_cam,Pulmonary fibrosis,distance,1.5469513546526747
98,layer4,grad_cam_plus_plus,Pulmonary fibrosis,pointing_game,0.0
98,layer4,grad_cam_plus_plus,Pulmonary fibrosis,energy_box,0.06681620329618454
98,layer4,grad_cam_plus_plus,Pulmonary fibrosis,iou,0.06420885771512985
98,layer4,grad_cam_plus_plus,Pulmonary fibrosis,distance,0.9752554509135415
98,layer4,xgrad_cam,Pulmonary fibrosis,pointing_game,0.0
98,layer4,xgrad_cam,Pulmonary fibrosis,energy_box,0.05928107351064682
98,layer4,xgrad_cam,Pulmonary fibrosis,iou,0.05709962919354439
98,layer4,xgrad_cam,Pulmonary fibrosis,distance,1.5469513546526747
99,layer3,grad_cam,No finding,entropy,14.865436553955078
99,layer3,grad_cam,No finding,top_1pct,0.04245595261454582
99,layer3,grad_cam_plus_plus,No finding,entropy,15.585453033447266
99,layer3,grad_cam_plus_plus,No finding,top_1pct,0.01738106459379196
99,layer3,xgrad_cam,No finding,entropy,15.11507511138916
99,layer3,xgrad_cam,No finding,top_1pct,0.03097441792488098
99,layer4,grad_cam,No finding,entropy,14.554009437561035
99,layer4,grad_cam,No finding,top_1pct,0.042544301599264145
99,layer4,grad_cam_plus_plus,No finding,entropy,14.951062202453613
99,layer4,grad_cam_plus_plus,No finding,top_1pct,0.03653928264975548
99,layer4,xgrad_cam,No finding,entropy,14.554009437561035
99,layer4,xgrad_cam,No finding,top_1pct,0.042544301599264145
100,layer3,grad_cam,No finding,entropy,15.057568550109863
100,layer3,grad_cam,No finding,top_1pct,0.04054645076394081
100,layer3,grad_cam_plus_plus,No finding,entropy,15.588653564453125
100,layer3,grad_cam_plus_plus,No finding,top_1pct,0.01884349435567856
100,layer3,xgrad_cam,No finding,entropy,14.957469940185547
100,layer3,xgrad_cam,No finding,top_1pct,0.042610857635736465
100,layer4,grad_cam,No finding,entropy,14.831489562988281
100,layer4,grad_cam,No finding,top_1pct,0.0393233448266983
100,layer4,grad_cam_plus_plus,No finding,entropy,15.101737976074219
100,layer4,grad_cam_plus_plus,No finding,top_1pct,0.03392135724425316
100,layer4,xgrad_cam,No finding,entropy,14.831489562988281
100,layer4,xgrad_cam,No finding,top_1pct,0.039323341101408005
101,layer3,grad_cam,No finding,entropy,15.071802139282227
101,layer3,grad_cam,No finding,top_1pct,0.03225367143750191
101,layer3,grad_cam_plus_plus,No finding,entropy,15.585325241088867
101,layer3,grad_cam_plus_plus,No finding,top_1pct,0.01571969874203205
101,layer3,xgrad_cam,No finding,entropy,14.86395263671875
101,layer3,xgrad_cam,No finding,top_1pct,0.042575985193252563
101,layer4,grad_cam,No finding,entropy,12.16283893585205
101,layer4,grad_cam,No finding,top_1pct,0.20882022380828857
101,layer4,grad_cam_plus_plus,No finding,entropy,15.360200881958008
101,layer4,grad_cam_plus_plus,No finding,top_1pct,0.028305670246481895
101,layer4,xgrad_cam,No finding,entropy,12.162839889526367
101,layer4,xgrad_cam,No finding,top_1pct,0.20882025361061096
102,layer3,grad_cam,Aortic enlargement,pointing_game,0.0
102,layer3,grad_cam,Aortic enlargement,energy_box,0.0
102,layer3,grad_cam,Aortic enlargement,iou,0.0
102,layer3,grad_cam,Aortic enlargement,distance,2.4061978383772966
102,layer3,grad_cam_plus_plus,Aortic enlargement,pointing_game,0.0
102,layer3,grad_cam_plus_plus,Aortic enlargement,energy_box,0.02288009598851204
102,layer3,grad_cam_plus_plus,Aortic enlargement,iou,0.0
102,layer3,grad_cam_plus_plus,Aortic enlargement,distance,2.50640897991364
102,layer3,xgrad_cam,Aortic enlargement,pointing_game,0.0
102,layer3,xgrad_cam,Aortic enlargement,energy_box,0.0
102,layer3,xgrad_cam,Aortic enlargement,iou,0.0
102,layer3,xgrad_cam,Aortic enlargement,distance,2.4061978383772966
102,layer4,grad_cam,Aortic enlargement,pointing_game,0.0
102,layer4,grad_cam,Aortic enlargement,energy_box,0.010959354229271412
102,layer4,grad_cam,Aortic enlargement,iou,0.0
102,layer4,grad_cam,Aortic enlargement,distance,2.3642675411451783
102,layer4,grad_cam_plus_plus,Aortic enlargement,pointing_game,0.0
102,layer4,grad_cam_plus_plus,Aortic enlargement,energy_box,0.05109236761927605
102,layer4,grad_cam_plus_plus,Aortic enlargement,iou,0.08442246913909912
102,layer4,grad_cam_plus_plus,Aortic enlargement,distance,2.3642675411451783
102,layer4,xgrad_cam,Aortic enlargement,pointing_game,0.0
102,layer4,xgrad_cam,Aortic enlargement,energy_box,0.01095935981720686
102,layer4,xgrad_cam,Aortic enlargement,iou,0.0
102,layer4,xgrad_cam,Aortic enlargement,distance,2.3642675411451783
102,layer3,grad_cam,Calcification,pointing_game,0.0
102,layer3,grad_cam,Calcification,energy_box,0.0
102,layer3,grad_cam,Calcification,iou,0.0
102,layer3,grad_cam,Calcification,distance,9.151322550457877
102,layer3,grad_cam_plus_plus,Calcification,pointing_game,0.0
102,layer3,grad_cam_plus_plus,Calcification,energy_box,0.0009404870797879994
102,layer3,grad_cam_plus_plus,Calcification,iou,0.0
102,layer3,grad_cam_plus_plus,Calcification,distance,6.455290546638612
102,layer3,xgrad_cam,Calcification,pointing_game,0.0
102,layer3,xgrad_cam,Calcification,energy_box,0.0
102,layer3,xgrad_cam,Calcification,iou,0.0
102,layer3,xgrad_cam,Calcification,distance,9.243549129736667
102,layer4,grad_cam,Calcification,pointing_game,0.0
102,layer4,grad_cam,Calcification,energy_box,0.0
102,layer4,grad_cam,Calcification,iou,0.0
102,layer4,grad_cam,Calcification,distance,11.266877829335588
102,layer4,grad_cam_plus_plus,Calcification,pointing_game,0.0
102,layer4,grad_cam_plus_plus,Calcification,energy_box,0.0009564207284711301
102,layer4,grad_cam_plus_plus,Calcification,iou,0.0
102,layer4,grad_cam_plus_plus,Calcification,distance,5.389114210659713
102,layer4,xgrad_cam,Calcification,pointing_game,0.0
102,layer4,xgrad_cam,Calcification,energy_box,0.0
102,layer4,xgrad_cam,Calcification,iou,0.0
102,layer4,xgrad_cam,Calcification,distance,11.266877829335588
102,layer3,grad_cam,ILD,pointing_game,1.0
102,layer3,grad_cam,ILD,energy_box,0.14516136050224304
102,layer3,grad_cam,ILD,iou,0.10488277673721313
102,layer3,grad_cam,ILD,distance,0.31129103044646006
102,layer3,grad_cam_plus_plus,ILD,pointing_game,0.0
102,layer3,grad_cam_plus_plus,ILD,energy_box,0.13347624242305756
102,layer3,grad_cam_plus_plus,ILD,iou,0.0
102,layer3,grad_cam_plus_plus,ILD,distance,1.1602415637207522
102,layer3,xgrad_cam,ILD,pointing_game,0.0
102,layer3,xgrad_cam,ILD,energy_box,0.10717027634382248
102,layer3,xgrad_cam,ILD,iou,0.0023637558333575726
102,layer3,xgrad_cam,ILD,distance,1.1686834428954092
102,layer4,grad_cam,ILD,pointing_game,0.0
102,layer4,grad_cam,ILD,energy_box,0.032102253288030624
102,layer4,grad_cam,ILD,iou,0.0
102,layer4,grad_cam,ILD,distance,0.6529495179909486
102,layer4,grad_cam_plus_plus,ILD,pointing_game,0.0
102,layer4,grad_cam_plus_plus,ILD,energy_box,0.10823889821767807
102,layer4,grad_cam_plus_plus,ILD,iou,0.0
102,layer4,grad_cam_plus_plus,ILD,distance,0.9705882779528138
102,layer4,xgrad_cam,ILD,pointing_game,0.0
102,layer4,xgrad_cam,ILD,energy_box,0.032102253288030624
102,layer4,xgrad_cam,ILD,iou,0.0
102,layer4,xgrad_cam,ILD,distance,0.6529495179909486
102,layer3,grad_cam,Nodule/Mass,pointing_game,0.0
102,layer3,grad_cam,Nodule/Mass,energy_box,0.0
102,layer3,grad_cam,Nodule/Mass,iou,0.0
102,layer3,grad_cam,Nodule/Mass,distance,8.027619392677002
102,layer3,grad_cam_plus_plus,Nodule/Mass,pointing_game,0.0
102,layer3,grad_cam_plus_plus,Nodule/Mass,energy_box,0.0010730503126978874
102,layer3,grad_cam_plus_plus,Nodule/Mass,iou,0.0
102,layer3,grad_cam_plus_plus,Nodule/Mass,distance,6.455290546638612
102,layer3,xgrad_cam,Nodule/Mass,pointing_game,0.0
102,layer3,xgrad_cam,Nodule/Mass,energy_box,0.0
102,layer3,xgrad_cam,Nodule/Mass,iou,0.0
102,layer3,xgrad_cam,Nodule/Mass,distance,5.172966424342646
102,layer4,grad_cam,Nodule/Mass,pointing_game,0.0
102,layer4,grad_cam,Nodule/Mass,energy_box,0.0
102,layer4,grad_cam,Nodule/Mass,iou,0.0
102,layer4,grad_cam,Nodule/Mass,distance,9.639232678606723
102,layer4,grad_cam_plus_plus,Nodule/Mass,pointing_game,0.0
102,layer4,grad_cam_plus_plus,Nodule/Mass,energy_box,0.001169623457826674
102,layer4,grad_cam_plus_plus,Nodule/Mass,iou,0.0
102,layer4,grad_cam_plus_plus,Nodule/Mass,distance,5.389114210659713
102,layer4,xgrad_cam,Nodule/Mass,pointing_game,0.0
102,layer4,xgrad_cam,Nodule/Mass,energy_box,0.0
102,layer4,xgrad_cam,Nodule/Mass,iou,0.0
102,layer4,xgrad_cam,Nodule/Mass,distance,9.639232678606723
102,layer3,grad_cam,Pleural thickening,pointing_game,0.0
102,layer3,grad_cam,Pleural thickening,energy_box,0.00522772828117013
102,layer3,grad_cam,Pleural thickening,iou,0.0
102,layer3,grad_cam,Pleural thickening,distance,17.059826236721264
102,layer3,grad_cam_plus_plus,Pleural thickening,pointing_game,0.0
102,layer3,grad_cam_plus_plus,Pleural thickening,energy_box,0.0024015011731535196
102,layer3,grad_cam_plus_plus,Pleural thickening,iou,0.0
102,layer3,grad_cam_plus_plus,Pleural thickening,distance,15.919144464451767
102,layer3,xgrad_cam,Pleural thickening,pointing_game,0.0
102,layer3,xgrad_cam,Pleural thickening,energy_box,0.0036815486382693052
102,layer3,xgrad_cam,Pleural thickening,iou,0.0
102,layer3,xgrad_cam,Pleural thickening,distance,15.919144464451767
102,layer4,grad_cam,Pleural thickening,pointing_game,0.0
102,layer4,grad_cam,Pleural thickening,energy_box,6.539755122503266e-05
102,layer4,grad_cam,Pleural thickening,iou,0.0
102,layer4,grad_cam,Pleural thickening,distance,4.917205617443314
102,layer4,grad_cam_plus_plus,Pleural thickening,pointing_game,0.0
102,layer4,grad_cam_plus_plus,Pleural thickening,energy_box,0.0012912297388538718
102,layer4,grad_cam_plus_plus,Pleural thickening,iou,0.0
102,layer4,grad_cam_plus_plus,Pleural thickening,distance,14.920709831120643
102,layer4,xgrad_cam,Pleural thickening,pointing_game,0.0
102,layer4,xgrad_cam,Pleural thickening,energy_box,6.539706373587251e-05
102,layer4,xgrad_cam,Pleural thickening,iou,0.0
102,layer4,xgrad_cam,Pleural thickening,distance,4.917205617443314
102,layer3,grad_cam,Pulmonary fibrosis,pointing_game,0.0
102,layer3,grad_cam,Pulmonary fibrosis,energy_box,0.000613425683695823
102,layer3,grad_cam,Pulmonary fibrosis,iou,0.0
102,layer3,grad_cam,Pulmonary fibrosis,distance,3.8843751839114335
102,layer3,grad_cam_plus_plus,Pulmonary fibrosis,pointing_game,0.0
102,layer3,grad_cam_plus_plus,Pulmonary fibrosis,energy_box,0.006318625994026661
102,layer3,grad_cam_plus_plus,Pulmonary fibrosis,iou,0.0
102,layer3,grad_cam_plus_plus,Pulmonary fibrosis,distance,4.429237724490656
102,layer3,xgrad_cam,Pulmonary fibrosis,pointing_game,0.0
102,layer3,xgrad_cam,Pulmonary fibrosis,energy_box,0.0010508353589102626
102,layer3,xgrad_cam,Pulmonary fibrosis,iou,0.0
102,layer3,xgrad_cam,Pulmonary fibrosis,distance,3.8843751839114335
102,layer4,grad_cam,Pulmonary fibrosis,pointing_game,0.0
102,layer4,grad_cam,Pulmonary fibrosis,energy_box,0.00019942474318668246
102,layer4,grad_cam,Pulmonary fibrosis,iou,0.0
102,layer4,grad_cam,Pulmonary fibrosis,distance,3.6702086731061114
102,layer4,grad_cam_plus_plus,Pulmonary fibrosis,pointing_game,0.0
102,layer4,grad_cam_plus_plus,Pulmonary fibrosis,energy_box,0.0069045983254909515
102,layer4,grad_cam_plus_plus,Pulmonary fibrosis,iou,0.0
102,layer4,grad_cam_plus_plus,Pulmonary fibrosis,distance,3.6702086731061114
102,layer4,xgrad_cam,Pulmonary fibrosis,pointing_game,0.0
102,layer4,xgrad_cam,Pulmonary fibrosis,energy_box,0.000199424714082852
102,layer4,xgrad_cam,Pulmonary fibrosis,iou,0.0
102,layer4,xgrad_cam,Pulmonary fibrosis,distance,3.6702086731061114
103,layer3,grad_cam,No finding,entropy,14.905858993530273
103,layer3,grad_cam,No finding,top_1pct,0.038185808807611465
103,layer3,grad_cam_plus_plus,No finding,entropy,15.584882736206055
103,layer3,grad_cam_plus_plus,No finding,top_1pct,0.017143215984106064
103,layer3,xgrad_cam,No finding,entropy,15.105770111083984
103,layer3,xgrad_cam,No finding,top_1pct,0.044947486370801926
103,layer4,grad_cam,No finding,entropy,14.302093505859375
103,layer4,grad_cam,No finding,top_1pct,0.0532212108373642
103,layer4,grad_cam_plus_plus,No finding,entropy,14.65382194519043
103,layer4,grad_cam_plus_plus,No finding,top_1pct,0.046893198043107986
103,layer4,xgrad_cam,No finding,entropy,14.302093505859375
103,layer4,xgrad_cam,No finding,top_1pct,0.053221214562654495
104,layer3,grad_cam,Aortic enlargement,pointing_game,0.0
104,layer3,grad_cam,Aortic enlargement,energy_box,0.056338585913181305
104,layer3,grad_cam,Aortic enlargement,iou,0.004739336669445038
104,layer3,grad_cam,Aortic enlargement,distance,2.4231784641287697
104,layer3,grad_cam_plus_plus,Aortic enlargement,pointing_game,0.0
104,layer3,grad_cam_plus_plus,Aortic enlargement,energy_box,0.015885477885603905
104,layer3,grad_cam_plus_plus,Aortic enlargement,iou,0.025105662643909454
104,layer3,grad_cam_plus_plus,Aortic enlargement,distance,1.138381747457861
104,layer3,xgrad_cam,Aortic enlargement,pointing_game,0.0
104,layer3,xgrad_cam,Aortic enlargement,energy_box,0.04415946826338768
104,layer3,xgrad_cam,Aortic enlargement,iou,0.0
104,layer3,xgrad_cam,Aortic enlargement,distance,2.4231784641287697
104,layer4,grad_cam,Aortic enlargement,pointing_game,0.0
104,layer4,grad_cam,Aortic enlargement,energy_box,0.01488653663545847
104,layer4,grad_cam,Aortic enlargement,iou,0.018530650064349174
104,layer4,grad_cam,Aortic enlargement,distance,0.5582865063781344
104,layer4,grad_cam_plus_plus,Aortic enlargement,pointing_game,0.0
104,layer4,grad_cam_plus_plus,Aortic enlargement,energy_box,0.02046770043671131
104,layer4,grad_cam_plus_plus,Aortic enlargement,iou,0.06077665463089943
104,layer4,grad_cam_plus_plus,Aortic enlargement,distance,1.5403908923661136
104,layer4,xgrad_cam,Aortic enlargement,pointing_game,0.0
104,layer4,xgrad_cam,Aortic enlargement,energy_box,0.014886537566781044
104,layer4,xgrad_cam,Aortic enlargement,iou,0.018530650064349174
104,layer4,xgrad_cam,Aortic enlargement,distance,0.5582865063781344
104,layer3,grad_cam,Cardiomegaly,pointing_game,0.0
104,layer3,grad_cam,Cardiomegaly,energy_box,0.05835918337106705
104,layer3,grad_cam,Cardiomegaly,iou,0.09023836255073547
104,layer3,grad_cam,Cardiomegaly,distance,0.9473323688217592
104,layer3,grad_cam_plus_plus,Cardiomegaly,pointing_game,0.0
104,layer3,grad_cam_plus_plus,Cardiomegaly,energy_box,0.04706128314137459
104,layer3,grad_cam_plus_plus,Cardiomegaly,iou,0.053448036313056946
104,layer3,grad_cam_plus_plus,Cardiomegaly,distance,1.2160134851176556
104,layer3,xgrad_cam,Cardiomegaly,pointing_game,0.0
104,layer3,xgrad_cam,Cardiomegaly,energy_box,0.06644511222839355
104,layer3,xgrad_cam,Cardiomegaly,iou,0.09681181609630585
104,layer3,xgrad_cam,Cardiomegaly,distance,0.29328492181360194
104,layer4,grad_cam,Cardiomegaly,pointing_game,0.0
104,layer4,grad_cam,Cardiomegaly,energy_box,0.015756843611598015
104,layer4,grad_cam,Cardiomegaly,iou,0.0
104,layer4,grad_cam,Cardiomegaly,distance,0.46826809920770435
104,layer4,grad_cam_plus_plus,Cardiomegaly,pointing_game,0.0
104,layer4,grad_cam_plus_plus,Cardiomegaly,energy_box,0.10034724324941635
104,layer4,grad_cam_plus_plus,Cardiomegaly,iou,0.23101094365119934
104,layer4,grad_cam_plus_plus,Cardiomegaly,distance,0.25394474435264713
104,layer4,xgrad_cam,Cardiomegaly,pointing_game,0.0
104,layer4,xgrad_cam,Cardiomegaly,energy_box,0.015756845474243164
104,layer4,xgrad_cam,Cardiomegaly,iou,0.0
104,layer4,xgrad_cam,Cardiomegaly,distance,0.46826809920770435
104,layer3,grad_cam,Pleural thickening,pointing_game,0.0
104,layer3,grad_cam,Pleural thickening,energy_box,0.003714143531396985
104,layer3,grad_cam,Pleural thickening,iou,0.0
104,layer3,grad_cam,Pleural thickening,distance,3.0013878762023687
104,layer3,grad_cam_plus_plus,Pleural thickening,pointing_game,0.0
104,layer3,grad_cam_plus_plus,Pleural thickening,energy_box,0.002503188792616129
104,layer3,grad_cam_plus_plus,Pleural thickening,iou,0.0012170005356892943
104,layer3,grad_cam_plus_plus,Pleural thickening,distance,6.018767895894945
104,layer3,xgrad_cam,Pleural thickening,pointing_game,0.0
104,layer3,xgrad_cam,Pleural thickening,energy_box,0.005593789741396904
104,layer3,xgrad_cam,Pleural thickening,iou,0.0
104,layer3,xgrad_cam,Pleural thickening,distance,3.0013878762023687
104,layer4,grad_cam,Pleural thickening,pointing_game,0.0
104,layer4,grad_cam,Pleural thickening,energy_box,0.0032181625720113516
104,layer4,grad_cam,Pleural thickening,iou,0.0
104,layer4,grad_cam,Pleural thickening,distance,7.808480062671972
104,layer4,grad_cam_plus_plus,Pleural thickening,pointing_game,0.0
104,layer4,grad_cam_plus_plus,Pleural thickening,energy_box,0.002805563388392329
104,layer4,grad_cam_plus_plus,Pleural thickening,iou,0.0
104,layer4,grad_cam_plus_plus,Pleural thickening,distance,3.2370102686228632
104,layer4,xgrad_cam,Pleural thickening,pointing_game,0.0
104,layer4,xgrad_cam,Pleural thickening,energy_box,0.003218163503333926
104,layer4,xgrad_cam,Pleural thickening,iou,0.0
104,layer4,xgrad_cam,Pleural thickening,distance,7.808480062671972
105,layer3,grad_cam,No finding,entropy,14.956090927124023
105,layer3,grad_cam,No finding,top_1pct,0.04690562188625336
105,layer3,grad_cam_plus_plus,No finding,entropy,15.5810546875
105,layer3,grad_cam_plus_plus,No finding,top_1pct,0.020948052406311035
105,layer3,xgrad_cam,No finding,entropy,15.335293769836426
105,layer3,xgrad_cam,No finding,top_1pct,0.034870583564043045
105,layer4,grad_cam,No finding,entropy,14.98695182800293
105,layer4,grad_cam,No finding,top_1pct,0.03017471544444561
105,layer4,grad_cam_plus_plus,No finding,entropy,15.104528427124023
105,layer4,grad_cam_plus_plus,No finding,top_1pct,0.02902115508913994
105,layer4,xgrad_cam,No finding,entropy,14.986952781677246
105,layer4,xgrad_cam,No finding,top_1pct,0.03017471730709076
106,layer3,grad_cam,No finding,entropy,15.069494247436523
106,layer3,grad_cam,No finding,top_1pct,0.0363263301551342
106,layer3,grad_cam_plus_plus,No finding,entropy,15.592828750610352
106,layer3,grad_cam_plus_plus,No finding,top_1pct,0.017599182203412056
106,layer3,xgrad_cam,No finding,entropy,14.895612716674805
106,layer3,xgrad_cam,No finding,top_1pct,0.04793618991971016
106,layer4,grad_cam,No finding,entropy,14.848322868347168
106,layer4,grad_cam,No finding,top_1pct,0.03845791891217232
106,layer4,grad_cam_plus_plus,No finding,entropy,15.159096717834473
106,layer4,grad_cam_plus_plus,No finding,top_1pct,0.03229569271206856
106,layer4,xgrad_cam,No finding,entropy,14.848320960998535
106,layer4,xgrad_cam,No finding,top_1pct,0.03845791518688202
107,layer3,grad_cam,No finding,entropy,14.76494026184082
107,layer3,grad_cam,No finding,top_1pct,0.06072027608752251
107,layer3,grad_cam_plus_plus,No finding,entropy,15.575349807739258
107,layer3,grad_cam_plus_plus,No finding,top_1pct,0.017526723444461823
107,layer3,xgrad_cam,No finding,entropy,14.690898895263672
107,layer3,xgrad_cam,No finding,top_1pct,0.06433063000440598
107,layer4,grad_cam,No finding,entropy,14.135089874267578
107,layer4,grad_cam,No finding,top_1pct,0.06045656278729439
107,layer4,grad_cam_plus_plus,No finding,entropy,15.022315979003906
107,layer4,grad_cam_plus_plus,No finding,top_1pct,0.04009745270013809
107,layer4,xgrad_cam,No finding,entropy,14.135090827941895
107,layer4,xgrad_cam,No finding,top_1pct,0.06045656278729439
108,layer3,grad_cam,Cardiomegaly,pointing_game,1.0
108,layer3,grad_cam,Cardiomegaly,energy_box,0.09526035934686661
108,layer3,grad_cam,Cardiomegaly,iou,0.13717015087604523
108,layer3,grad_cam,Cardiomegaly,distance,0.145902708507621
108,layer3,grad_cam_plus_plus,Cardiomegaly,pointing_game,0.0
108,layer3,grad_cam_plus_plus,Cardiomegaly,energy_box,0.049220386892557144
108,layer3,grad_cam_plus_plus,Cardiomegaly,iou,0.06236080080270767
108,layer3,grad_cam_plus_plus,Cardiomegaly,distance,1.6210258281646797
108,layer3,xgrad_cam,Cardiomegaly,pointing_game,0.0
108,layer3,xgrad_cam,Cardiomegaly,energy_box,0.09813480824232101
108,layer3,xgrad_cam,Cardiomegaly,iou,0.0901808813214302
108,layer3,xgrad_cam,Cardiomegaly,distance,1.2535535996928433
108,layer4,grad_cam,Cardiomegaly,pointing_game,0.0
108,layer4,grad_cam,Cardiomegaly,energy_box,0.03778805211186409
108,layer4,grad_cam,Cardiomegaly,iou,0.00040987806278280914
108,layer4,grad_cam,Cardiomegaly,distance,0.7810008954385526
108,layer4,grad_cam_plus_plus,Cardiomegaly,pointing_game,0.0
108,layer4,grad_cam_plus_plus,Cardiomegaly,energy_box,0.06860624998807907
108,layer4,grad_cam_plus_plus,Cardiomegaly,iou,0.10397939383983612
108,layer4,grad_cam_plus_plus,Cardiomegaly,distance,0.21770280671924577
108,layer4,xgrad_cam,Cardiomegaly,pointing_game,0.0
108,layer4,xgrad_cam,Cardiomegaly,energy_box,0.037788063287734985
108,layer4,xgrad_cam,Cardiomegaly,iou,0.00040987806278280914
108,layer4,xgrad_cam,Cardiomegaly,distance,0.7810008954385526
108,layer3,grad_cam,Infiltration,pointing_game,0.0
108,layer3,grad_cam,Infiltration,energy_box,0.017363160848617554
108,layer3,grad_cam,Infiltration,iou,0.0
108,layer3,grad_cam,Infiltration,distance,1.6570808822134149
108,layer3,grad_cam_plus_plus,Infiltration,pointing_game,0.0
108,layer3,grad_cam_plus_plus,Infiltration,energy_box,0.01106346771121025
108,layer3,grad_cam_plus_plus,Infiltration,iou,0.007932956330478191
108,layer3,grad_cam_plus_plus,Infiltration,distance,2.9356277542105875
108,layer3,xgrad_cam,Infiltration,pointing_game,0.0
108,layer3,xgrad_cam,Infiltration,energy_box,0.0
108,layer3,xgrad_cam,Infiltration,iou,0.0
108,layer3,xgrad_cam,Infiltration,distance,1.6426389050156258
108,layer4,grad_cam,Infiltration,pointing_game,0.0
108,layer4,grad_cam,Infiltration,energy_box,0.0669492855668068
108,layer4,grad_cam,Infiltration,iou,0.0
108,layer4,grad_cam,Infiltration,distance,0.5848159626330973
108,layer4,grad_cam_plus_plus,Infiltration,pointing_game,0.0
108,layer4,grad_cam_plus_plus,Infiltration,energy_box,0.02655431255698204
108,layer4,grad_cam_plus_plus,Infiltration,iou,0.04091858118772507
108,layer4,grad_cam_plus_plus,Infiltration,distance,0.25042014701041343
108,layer4,xgrad_cam,Infiltration,pointing_game,0.0
108,layer4,xgrad_cam,Infiltration,energy_box,0.0669492557644844
108,layer4,xgrad_cam,Infiltration,iou,0.0
108,layer4,xgrad_cam,Infiltration,distance,0.5848159626330973
108,layer3,grad_cam,Lung Opacity,pointing_game,0.0
108,layer3,grad_cam,Lung Opacity,energy_box,0.007674577180296183
108,layer3,grad_cam,Lung Opacity,iou,0.0
108,layer3,grad_cam,Lung Opacity,distance,0.8768412986371451
108,layer3,grad_cam_plus_plus,Lung Opacity,pointing_game,0.0
108,layer3,grad_cam_plus_plus,Lung Opacity,energy_box,0.009200778789818287
108,layer3,grad_cam_plus_plus,Lung Opacity,iou,0.0001171508920378983
108,layer3,grad_cam_plus_plus,Lung Opacity,distance,4.659198232527668
108,layer3,xgrad_cam,Lung Opacity,pointing_game,0.0
108,layer3,xgrad_cam,Lung Opacity,energy_box,0.0071936557069420815
108,layer3,xgrad_cam,Lung Opacity,iou,0.0
108,layer3,xgrad_cam,Lung Opacity,distance,0.8646902517233412
108,layer4,grad_cam,Lung Opacity,pointing_game,0.0
108,layer4,grad_cam,Lung Opacity,energy_box,0.03438954800367355
108,layer4,grad_cam,Lung Opacity,iou,0.05559423193335533
108,layer4,grad_cam,Lung Opacity,distance,0.8471140410946416
108,layer4,grad_cam_plus_plus,Lung Opacity,pointing_game,0.0
108,layer4,grad_cam_plus_plus,Lung Opacity,energy_box,0.023668795824050903
108,layer4,grad_cam_plus_plus,Lung Opacity,iou,0.03143451735377312
108,layer4,grad_cam_plus_plus,Lung Opacity,distance,0.8471140410946416
108,layer4,xgrad_cam,Lung Opacity,pointing_game,0.0
108,layer4,xgrad_cam,Lung Opacity,energy_box,0.034389544278383255
108,layer4,xgrad_cam,Lung Opacity,iou,0.05559423193335533
108,layer4,xgrad_cam,Lung Opacity,distance,0.8471140410946416
108,layer3,grad_cam,Pleural effusion,pointing_game,0.0
108,layer3,grad_cam,Pleural effusion,energy_box,0.2675497233867645
108,layer3,grad_cam,Pleural effusion,iou,0.1604471504688263
108,layer3,grad_cam,Pleural effusion,distance,1.0836985089694116
108,layer3,grad_cam_plus_plus,Pleural effusion,pointing_game,0.0
108,layer3,grad_cam_plus_plus,Pleural effusion,energy_box,0.0748627707362175
108,layer3,grad_cam_plus_plus,Pleural effusion,iou,0.024424070492386818
108,layer3,grad_cam_plus_plus,Pleural effusion,distance,1.157235785567963
108,layer3,xgrad_cam,Pleural effusion,pointing_game,0.0
108,layer3,xgrad_cam,Pleural effusion,energy_box,0.16825538873672485
108,layer3,xgrad_cam,Pleural effusion,iou,0.14915511012077332
108,layer3,xgrad_cam,Pleural effusion,distance,1.0836985089694116
108,layer4,grad_cam,Pleural effusion,pointing_game,1.0
108,layer4,grad_cam,Pleural effusion,energy_box,0.21003104746341705
108,layer4,grad_cam,Pleural effusion,iou,0.22369344532489777
108,layer4,grad_cam,Pleural effusion,distance,0.34049323915654833
108,layer4,grad_cam_plus_plus,Pleural effusion,pointing_game,1.0
108,layer4,grad_cam_plus_plus,Pleural effusion,energy_box,0.1709853559732437
108,layer4,grad_cam_plus_plus,Pleural effusion,iou,0.283255398273468
108,layer4,grad_cam_plus_plus,Pleural effusion,distance,0.34049323915654833
108,layer4,xgrad_cam,Pleural effusion,pointing_game,1.0
108,layer4,xgrad_cam,Pleural effusion,energy_box,0.21003104746341705
108,layer4,xgrad_cam,Pleural effusion,iou,0.22369344532489777
108,layer4,xgrad_cam,Pleural effusion,distance,0.34049323915654833
108,layer3,grad_cam,Pulmonary fibrosis,pointing_game,0.0
108,layer3,grad_cam,Pulmonary fibrosis,energy_box,0.011050296947360039
108,layer3,grad_cam,Pulmonary fibrosis,iou,0.0
108,layer3,grad_cam,Pulmonary fibrosis,distance,3.28008702981392
108,layer3,grad_cam_plus_plus,Pulmonary fibrosis,pointing_game,0.0
108,layer3,grad_cam_plus_plus,Pulmonary fibrosis,energy_box,0.01086837612092495
108,layer3,grad_cam_plus_plus,Pulmonary fibrosis,iou,0.0
108,layer3,grad_cam_plus_plus,Pulmonary fibrosis,distance,2.9356277542105875
108,layer3,xgrad_cam,Pulmonary fibrosis,pointing_game,0.0
108,layer3,xgrad_cam,Pulmonary fibrosis,energy_box,0.0
108,layer3,xgrad_cam,Pulmonary fibrosis,iou,0.0
108,layer3,xgrad_cam,Pulmonary fibrosis,distance,3.2534849209183183
108,layer4,grad_cam,Pulmonary fibrosis,pointing_game,0.0
108,layer4,grad_cam,Pulmonary fibrosis,energy_box,0.00013161881361156702
108,layer4,grad_cam,Pulmonary fibrosis,iou,0.0
108,layer4,grad_cam,Pulmonary fibrosis,distance,3.289598321966316
108,layer4,grad_cam_plus_plus,Pulmonary fibrosis,pointing_game,0.0
108,layer4,grad_cam_plus_plus,Pulmonary fibrosis,energy_box,0.017945118248462677
108,layer4,grad_cam_plus_plus,Pulmonary fibrosis,iou,0.11228197813034058
108,layer4,grad_cam_plus_plus,Pulmonary fibrosis,distance,3.289598321966316
108,layer4,xgrad_cam,Pulmonary fibrosis,pointing_game,0.0
108,layer4,xgrad_cam,Pulmonary fibrosis,energy_box,0.00013161862443666905
108,layer4,xgrad_cam,Pulmonary fibrosis,iou,0.0
108,layer4,xgrad_cam,Pulmonary fibrosis,distance,3.289598321966316
109,layer3,grad_cam,No finding,entropy,15.033717155456543
109,layer3,grad_cam,No finding,top_1pct,0.04040466994047165
109,layer3,grad_cam_plus_plus,No finding,entropy,15.589381217956543
109,layer3,grad_cam_plus_plus,No finding,top_1pct,0.017908908426761627
109,layer3,xgrad_cam,No finding,entropy,15.07952880859375
109,layer3,xgrad_cam,No finding,top_1pct,0.04124370589852333
109,layer4,grad_cam,No finding,entropy,14.770030975341797
109,layer4,grad_cam,No finding,top_1pct,0.04264450818300247
109,layer4,grad_cam_plus_plus,No finding,entropy,15.049111366271973
109,layer4,grad_cam_plus_plus,No finding,top_1pct,0.03629392385482788
109,layer4,xgrad_cam,No finding,entropy,14.770029067993164
109,layer4,xgrad_cam,No finding,top_1pct,0.04264450445771217
110,layer3,grad_cam,Cardiomegaly,pointing_game,1.0
110,layer3,grad_cam,Cardiomegaly,energy_box,0.13364839553833008
110,layer3,grad_cam,Cardiomegaly,iou,0.07865361869335175
110,layer3,grad_cam,Cardiomegaly,distance,0.3995878263566328
110,layer3,grad_cam_plus_plus,Cardiomegaly,pointing_game,0.0
110,layer3,grad_cam_plus_plus,Cardiomegaly,energy_box,0.0874878540635109
110,layer3,grad_cam_plus_plus,Cardiomegaly,iou,0.07784013450145721
110,layer3,grad_cam_plus_plus,Cardiomegaly,distance,1.2268122165248982
110,layer3,xgrad_cam,Cardiomegaly,pointing_game,1.0
110,layer3,xgrad_cam,Cardiomegaly,energy_box,0.1516450047492981
110,layer3,xgrad_cam,Cardiomegaly,iou,0.16917233169078827
110,layer3,xgrad_cam,Cardiomegaly,distance,0.3995878263566328
110,layer4,grad_cam,Cardiomegaly,pointing_game,0.0
110,layer4,grad_cam,Cardiomegaly,energy_box,0.18828850984573364
110,layer4,grad_cam,Cardiomegaly,iou,0.28636953234672546
110,layer4,grad_cam,Cardiomegaly,distance,0.302784732240613
110,layer4,grad_cam_plus_plus,Cardiomegaly,pointing_game,0.0
110,layer4,grad_cam_plus_plus,Cardiomegaly,energy_box,0.14819121360778809
110,layer4,grad_cam_plus_plus,Cardiomegaly,iou,0.2583054006099701
110,layer4,grad_cam_plus_plus,Cardiomegaly,distance,0.45582985806684356
110,layer4,xgrad_cam,Cardiomegaly,pointing_game,0.0
110,layer4,xgrad_cam,Cardiomegaly,energy_box,0.18828852474689484
110,layer4,xgrad_cam,Cardiomegaly,iou,0.28636953234672546
110,layer4,xgrad_cam,Cardiomegaly,distance,0.302784732240613
110,layer3,grad_cam,Consolidation,pointing_game,0.0
110,layer3,grad_cam,Consolidation,energy_box,0.002219254383817315
110,layer3,grad_cam,Consolidation,iou,0.0
110,layer3,grad_cam,Consolidation,distance,3.209903293687212
110,layer3,grad_cam_plus_plus,Consolidation,pointing_game,0.0
110,layer3,grad_cam_plus_plus,Consolidation,energy_box,0.014199512079358101
110,layer3,grad_cam_plus_plus,Consolidation,iou,0.0002503285650163889
110,layer3,grad_cam_plus_plus,Consolidation,distance,4.1252126593774765
110,layer3,xgrad_cam,Consolidation,pointing_game,0.0
110,layer3,xgrad_cam,Consolidation,energy_box,0.0029736252035945654
110,layer3,xgrad_cam,Consolidation,iou,0.0
110,layer3,xgrad_cam,Consolidation,distance,1.469155252706128
110,layer4,grad_cam,Consolidation,pointing_game,0.0
110,layer4,grad_cam,Consolidation,energy_box,0.030979836359620094
110,layer4,grad_cam,Consolidation,iou,0.0
110,layer4,grad_cam,Consolidation,distance,1.8738574538336568
110,layer4,grad_cam_plus_plus,Consolidation,pointing_game,1.0
110,layer4,grad_cam_plus_plus,Consolidation,energy_box,0.02655435912311077
110,layer4,grad_cam_plus_plus,Consolidation,iou,0.050896335393190384
110,layer4,grad_cam_plus_plus,Consolidation,distance,0.1707024348091288
110,layer4,xgrad_cam,Consolidation,pointing_game,0.0
110,layer4,xgrad_cam,Consolidation,energy_box,0.030979840084910393
110,layer4,xgrad_cam,Consolidation,iou,0.0
110,layer4,xgrad_cam,Consolidation,distance,1.8738574538336568
110,layer3,grad_cam,Infiltration,pointing_game,0.0
110,layer3,grad_cam,Infiltration,energy_box,0.00035685618058778346
110,layer3,grad_cam,Infiltration,iou,0.0
110,layer3,grad_cam,Infiltration,distance,2.404323245558284
110,layer3,grad_cam_plus_plus,Infiltration,pointing_game,0.0
110,layer3,grad_cam_plus_plus,Infiltration,energy_box,0.0031937281601130962
110,layer3,grad_cam_plus_plus,Infiltration,iou,0.0
110,layer3,grad_cam_plus_plus,Infiltration,distance,9.705437611308213
110,layer3,xgrad_cam,Infiltration,pointing_game,0.0
110,layer3,xgrad_cam,Infiltration,energy_box,4.890544369118288e-05
110,layer3,xgrad_cam,Infiltration,iou,0.0
110,layer3,xgrad_cam,Infiltration,distance,3.4318322134310666
110,layer4,grad_cam,Infiltration,pointing_game,0.0
110,layer4,grad_cam,Infiltration,energy_box,0.0017862837994471192
110,layer4,grad_cam,Infiltration,iou,0.0
110,layer4,grad_cam,Infiltration,distance,4.458078664246421
110,layer4,grad_cam_plus_plus,Infiltration,pointing_game,0.0
110,layer4,grad_cam_plus_plus,Infiltration,energy_box,0.006549771875143051
110,layer4,grad_cam_plus_plus,Infiltration,iou,0.014485255815088749
110,layer4,grad_cam_plus_plus,Infiltration,distance,2.414138926832553
110,layer4,xgrad_cam,Infiltration,pointing_game,0.0
110,layer4,xgrad_cam,Infiltration,energy_box,0.0017862807726487517
110,layer4,xgrad_cam,Infiltration,iou,0.0
110,layer4,xgrad_cam,Infiltration,distance,4.458078664246421
110,layer3,grad_cam,Lung Opacity,pointing_game,0.0
110,layer3,grad_cam,Lung Opacity,energy_box,0.00909271091222763
110,layer3,grad_cam,Lung Opacity,iou,0.0
110,layer3,grad_cam,Lung Opacity,distance,0.7604435325145638
110,layer3,grad_cam_plus_plus,Lung Opacity,pointing_game,0.0
110,layer3,grad_cam_plus_plus,Lung Opacity,energy_box,0.02104603871703148
110,layer3,grad_cam_plus_plus,Lung Opacity,iou,0.01042820792645216
110,layer3,grad_cam_plus_plus,Lung Opacity,distance,2.5129973241375754
110,layer3,xgrad_cam,Lung Opacity,pointing_game,0.0
110,layer3,xgrad_cam,Lung Opacity,energy_box,0.010462409816682339
110,layer3,xgrad_cam,Lung Opacity,iou,0.0
110,layer3,xgrad_cam,Lung Opacity,distance,1.078453848369996
110,layer4,grad_cam,Lung Opacity,pointing_game,0.0
110,layer4,grad_cam,Lung Opacity,energy_box,0.023182110860943794
110,layer4,grad_cam,Lung Opacity,iou,0.027359088882803917
110,layer4,grad_cam,Lung Opacity,distance,1.6163893629338042
110,layer4,grad_cam_plus_plus,Lung Opacity,pointing_game,0.0
110,layer4,grad_cam_plus_plus,Lung Opacity,energy_box,0.039398569613695145
110,layer4,grad_cam_plus_plus,Lung Opacity,iou,0.05239873379468918
110,layer4,grad_cam_plus_plus,Lung Opacity,distance,0.5024158430109565
110,layer4,xgrad_cam,Lung Opacity,pointing_game,0.0
110,layer4,xgrad_cam,Lung Opacity,energy_box,0.023182112723588943
110,layer4,xgrad_cam,Lung Opacity,iou,0.027359088882803917
110,layer4,xgrad_cam,Lung Opacity,distance,1.6163893629338042
110,layer3,grad_cam,Nodule/Mass,pointing_game,0.0
110,layer3,grad_cam,Nodule/Mass,energy_box,0.000982837751507759
110,layer3,grad_cam,Nodule/Mass,iou,0.0
110,layer3,grad_cam,Nodule/Mass,distance,1.3337772360810685
110,layer3,grad_cam_plus_plus,Nodule/Mass,pointing_game,0.0
110,layer3,grad_cam_plus_plus,Nodule/Mass,energy_box,0.006435258314013481
110,layer3,grad_cam_plus_plus,Nodule/Mass,iou,0.0
110,layer3,grad_cam_plus_plus,Nodule/Mass,distance,5.714643347191126
110,layer3,xgrad_cam,Nodule/Mass,pointing_game,0.0
110,layer3,xgrad_cam,Nodule/Mass,energy_box,0.0009539249003864825
110,layer3,xgrad_cam,Nodule/Mass,iou,0.0
110,layer3,xgrad_cam,Nodule/Mass,distance,4.15470794092744
110,layer4,grad_cam,Nodule/Mass,pointing_game,0.0
110,layer4,grad_cam,Nodule/Mass,energy_box,0.0
110,layer4,grad_cam,Nodule/Mass,iou,0.0
110,layer4,grad_cam,Nodule/Mass,distance,5.14396243499127
110,layer4,grad_cam_plus_plus,Nodule/Mass,pointing_game,0.0
110,layer4,grad_cam_plus_plus,Nodule/Mass,energy_box,0.011643106117844582
110,layer4,grad_cam_plus_plus,Nodule/Mass,iou,0.031409043818712234
110,layer4,grad_cam_plus_plus,Nodule/Mass,distance,3.353605189049835
110,layer4,xgrad_cam,Nodule/Mass,pointing_game,0.0
110,layer4,xgrad_cam,Nodule/Mass,energy_box,0.0
110,layer4,xgrad_cam,Nodule/Mass,iou,0.0
110,layer4,xgrad_cam,Nodule/Mass,distance,5.14396243499127
110,layer3,grad_cam,Pleural effusion,pointing_game,0.0
110,layer3,grad_cam,Pleural effusion,energy_box,0.08696196973323822
110,layer3,grad_cam,Pleural effusion,iou,0.07454977184534073
110,layer3,grad_cam,Pleural effusion,distance,2.0125578981017513
110,layer3,grad_cam_plus_plus,Pleural effusion,pointing_game,0.0
110,layer3,grad_cam_plus_plus,Pleural effusion,energy_box,0.0547039695084095
110,layer3,grad_cam_plus_plus,Pleural effusion,iou,0.03783269599080086
110,layer3,grad_cam_plus_plus,Pleural effusion,distance,1.2505595923941826
110,layer3,xgrad_cam,Pleural effusion,pointing_game,0.0
110,layer3,xgrad_cam,Pleural effusion,energy_box,0.05549382418394089
110,layer3,xgrad_cam,Pleural effusion,iou,0.049970198422670364
110,layer3,xgrad_cam,Pleural effusion,distance,0.898193094151789
110,layer4,grad_cam,Pleural effusion,pointing_game,0.0
110,layer4,grad_cam,Pleural effusion,energy_box,0.18659339845180511
110,layer4,grad_cam,Pleural effusion,iou,0.18806757032871246
110,layer4,grad_cam,Pleural effusion,distance,0.8802424639034578
110,layer4,grad_cam_plus_plus,Pleural effusion,pointing_game,0.0
110,layer4,grad_cam_plus_plus,Pleural effusion,energy_box,0.11261522024869919
110,layer4,grad_cam_plus_plus,Pleural effusion,iou,0.14665094017982483
110,layer4,grad_cam_plus_plus,Pleural effusion,distance,0.7644226569143096
110,layer4,xgrad_cam,Pleural effusion,pointing_game,0.0
110,layer4,xgrad_cam,Pleural effusion,energy_box,0.18659338355064392
110,layer4,xgrad_cam,Pleural effusion,iou,0.18806757032871246
110,layer4,xgrad_cam,Pleural effusion,distance,0.8802424639034578
111,layer3,grad_cam,No finding,entropy,14.783559799194336
111,layer3,grad_cam,No finding,top_1pct,0.047130994498729706
111,layer3,grad_cam_plus_plus,No finding,entropy,15.583598136901855
111,layer3,grad_cam_plus_plus,No finding,top_1pct,0.01692686416208744
111,layer3,xgrad_cam,No finding,entropy,14.764227867126465
111,layer3,xgrad_cam,No finding,top_1pct,0.06337940692901611
111,layer4,grad_cam,No finding,entropy,14.380029678344727
111,layer4,grad_cam,No finding,top_1pct,0.05134623870253563
111,layer4,grad_cam_plus_plus,No finding,entropy,15.00584602355957
111,layer4,grad_cam_plus_plus,No finding,top_1pct,0.038197241723537445
111,layer4,xgrad_cam,No finding,entropy,14.38002872467041
111,layer4,xgrad_cam,No finding,top_1pct,0.05134623870253563
112,layer3,grad_cam,No finding,entropy,14.73402214050293
112,layer3,grad_cam,No finding,top_1pct,0.0692482441663742
112,layer3,grad_cam_plus_plus,No finding,entropy,15.579195022583008
112,layer3,grad_cam_plus_plus,No finding,top_1pct,0.022445959970355034
112,layer3,xgrad_cam,No finding,entropy,15.001328468322754
112,layer3,xgrad_cam,No finding,top_1pct,0.06482336670160294
112,layer4,grad_cam,No finding,entropy,14.984176635742188
112,layer4,grad_cam,No finding,top_1pct,0.03549722209572792
112,layer4,grad_cam_plus_plus,No finding,entropy,15.12817668914795
112,layer4,grad_cam_plus_plus,No finding,top_1pct,0.03277912735939026
112,layer4,xgrad_cam,No finding,entropy,14.984176635742188
112,layer4,xgrad_cam,No finding,top_1pct,0.03549722209572792
113,layer3,grad_cam,No finding,entropy,14.948326110839844
113,layer3,grad_cam,No finding,top_1pct,0.038799386471509933
113,layer3,grad_cam_plus_plus,No finding,entropy,15.584159851074219
113,layer3,grad_cam_plus_plus,No finding,top_1pct,0.01803567074239254
113,layer3,xgrad_cam,No finding,entropy,15.197378158569336
113,layer3,xgrad_cam,No finding,top_1pct,0.028010418638586998
113,layer4,grad_cam,No finding,entropy,14.992073059082031
113,layer4,grad_cam,No finding,top_1pct,0.032867368310689926
113,layer4,grad_cam_plus_plus,No finding,entropy,15.214550971984863
113,layer4,grad_cam_plus_plus,No finding,top_1pct,0.02845289744436741
113,layer4,xgrad_cam,No finding,entropy,14.992073059082031
113,layer4,xgrad_cam,No finding,top_1pct,0.032867368310689926
114,layer3,grad_cam,No finding,entropy,14.915946960449219
114,layer3,grad_cam,No finding,top_1pct,0.04174848273396492
114,layer3,grad_cam_plus_plus,No finding,entropy,15.584510803222656
114,layer3,grad_cam_plus_plus,No finding,top_1pct,0.017449339851737022
114,layer3,xgrad_cam,No finding,entropy,15.223482131958008
114,layer3,xgrad_cam,No finding,top_1pct,0.03622632101178169
114,layer4,grad_cam,No finding,entropy,14.549579620361328
114,layer4,grad_cam,No finding,top_1pct,0.047295670956373215
114,layer4,grad_cam_plus_plus,No finding,entropy,14.966484069824219
114,layer4,grad_cam_plus_plus,No finding,top_1pct,0.03865881264209747
114,layer4,xgrad_cam,No finding,entropy,14.549578666687012
114,layer4,xgrad_cam,No finding,top_1pct,0.047295667231082916
115,layer3,grad_cam,No finding,entropy,15.15235424041748
115,layer3,grad_cam,No finding,top_1pct,0.030617129057645798
115,layer3,grad_cam_plus_plus,No finding,entropy,15.584245681762695
115,layer3,grad_cam_plus_plus,No finding,top_1pct,0.01889435201883316
115,layer3,xgrad_cam,No finding,entropy,14.935198783874512
115,layer3,xgrad_cam,No finding,top_1pct,0.04138214886188507
115,layer4,grad_cam,No finding,entropy,14.259821891784668
115,layer4,grad_cam,No finding,top_1pct,0.0643952414393425
115,layer4,grad_cam_plus_plus,No finding,entropy,15.10367202758789
115,layer4,grad_cam_plus_plus,No finding,top_1pct,0.03995097428560257
115,layer4,xgrad_cam,No finding,entropy,14.259822845458984
115,layer4,xgrad_cam,No finding,top_1pct,0.0643952488899231
116,layer3,grad_cam,Aortic enlargement,pointing_game,0.0
116,layer3,grad_cam,Aortic enlargement,energy_box,0.0
116,layer3,grad_cam,Aortic enlargement,iou,0.0
116,layer3,grad_cam,Aortic enlargement,distance,2.638334219764305
116,layer3,grad_cam_plus_plus,Aortic enlargement,pointing_game,0.0
116,layer3,grad_cam_plus_plus,Aortic enlargement,energy_box,0.010020219720900059
116,layer3,grad_cam_plus_plus,Aortic enlargement,iou,0.007850918918848038
116,layer3,grad_cam_plus_plus,Aortic enlargement,distance,1.4644485792230622
116,layer3,xgrad_cam,Aortic enlargement,pointing_game,0.0
116,layer3,xgrad_cam,Aortic enlargement,energy_box,0.0
116,layer3,xgrad_cam,Aortic enlargement,iou,0.0
116,layer3,xgrad_cam,Aortic enlargement,distance,2.638334219764305
116,layer4,grad_cam,Aortic enlargement,pointing_game,0.0
116,layer4,grad_cam,Aortic enlargement,energy_box,0.003018574556335807
116,layer4,grad_cam,Aortic enlargement,iou,0.0
116,layer4,grad_cam,Aortic enlargement,distance,3.4242229299279843
116,layer4,grad_cam_plus_plus,Aortic enlargement,pointing_game,1.0
116,layer4,grad_cam_plus_plus,Aortic enlargement,energy_box,0.020643409341573715
116,layer4,grad_cam_plus_plus,Aortic enlargement,iou,0.026923859491944313
116,layer4,grad_cam_plus_plus,Aortic enlargement,distance,0.3392386520689953
116,layer4,xgrad_cam,Aortic enlargement,pointing_game,0.0
116,layer4,xgrad_cam,Aortic enlargement,energy_box,0.0030185736250132322
116,layer4,xgrad_cam,Aortic enlargement,iou,0.0
116,layer4,xgrad_cam,Aortic enlargement,distance,3.4242229299279843
116,layer3,grad_cam,Cardiomegaly,pointing_game,0.0
116,layer3,grad_cam,Cardiomegaly,energy_box,0.09991280734539032
116,layer3,grad_cam,Cardiomegaly,iou,0.0973285660147667
116,layer3,grad_cam,Cardiomegaly,distance,0.2051351385216519
116,layer3,grad_cam_plus_plus,Cardiomegaly,pointing_game,0.0
116,layer3,grad_cam_plus_plus,Cardiomegaly,energy_box,0.0552951842546463
116,layer3,grad_cam_plus_plus,Cardiomegaly,iou,0.047962795943021774
116,layer3,grad_cam_plus_plus,Cardiomegaly,distance,1.312249222537611
116,layer3,xgrad_cam,Cardiomegaly,pointing_game,0.0
116,layer3,xgrad_cam,Cardiomegaly,energy_box,0.11459522694349289
116,layer3,xgrad_cam,Cardiomegaly,iou,0.1295650154352188
116,layer3,xgrad_cam,Cardiomegaly,distance,0.2051351385216519
116,layer4,grad_cam,Cardiomegaly,pointing_game,0.0
116,layer4,grad_cam,Cardiomegaly,energy_box,0.09939689934253693
116,layer4,grad_cam,Cardiomegaly,iou,0.12866531312465668
116,layer4,grad_cam,Cardiomegaly,distance,0.5372602891248714
116,layer4,grad_cam_plus_plus,Cardiomegaly,pointing_game,0.0
116,layer4,grad_cam_plus_plus,Cardiomegaly,energy_box,0.10309296101331711
116,layer4,grad_cam_plus_plus,Cardiomegaly,iou,0.2258276343345642
116,layer4,grad_cam_plus_plus,Cardiomegaly,distance,0.6103539308920088
116,layer4,xgrad_cam,Cardiomegaly,pointing_game,0.0
116,layer4,xgrad_cam,Cardiomegaly,energy_box,0.09939689189195633
116,layer4,xgrad_cam,Cardiomegaly,iou,0.12866531312465668
116,layer4,xgrad_cam,Cardiomegaly,distance,0.5372602891248714
116,layer3,grad_cam,Pleural thickening,pointing_game,0.0
116,layer3,grad_cam,Pleural thickening,energy_box,0.003801509737968445
116,layer3,grad_cam,Pleural thickening,iou,0.0
116,layer3,grad_cam,Pleural thickening,distance,2.315280065050293
116,layer3,grad_cam_plus_plus,Pleural thickening,pointing_game,0.0
116,layer3,grad_cam_plus_plus,Pleural thickening,energy_box,0.003283401718363166
116,layer3,grad_cam_plus_plus,Pleural thickening,iou,0.0019277407554909587
116,layer3,grad_cam_plus_plus,Pleural thickening,distance,3.4221282811578573
116,layer3,xgrad_cam,Pleural thickening,pointing_game,0.0
116,layer3,xgrad_cam,Pleural thickening,energy_box,0.0028622844256460667
116,layer3,xgrad_cam,Pleural thickening,iou,0.0
116,layer3,xgrad_cam,Pleural thickening,distance,2.315280065050293
116,layer4,grad_cam,Pleural thickening,pointing_game,0.0
116,layer4,grad_cam,Pleural thickening,energy_box,0.0
116,layer4,grad_cam,Pleural thickening,iou,0.0
116,layer4,grad_cam,Pleural thickening,distance,4.772153965027248
116,layer4,grad_cam_plus_plus,Pleural thickening,pointing_game,0.0
116,layer4,grad_cam_plus_plus,Pleural thickening,energy_box,0.004389585927128792
116,layer4,grad_cam_plus_plus,Pleural thickening,iou,0.0025897908490151167
116,layer4,grad_cam_plus_plus,Pleural thickening,distance,1.7807434728615315
116,layer4,xgrad_cam,Pleural thickening,pointing_game,0.0
116,layer4,xgrad_cam,Pleural thickening,energy_box,0.0
116,layer4,xgrad_cam,Pleural thickening,iou,0.0
116,layer4,xgrad_cam,Pleural thickening,distance,4.772153965027248
117,layer3,grad_cam,No finding,entropy,15.16224479675293
117,layer3,grad_cam,No finding,top_1pct,0.03119525872170925
117,layer3,grad_cam_plus_plus,No finding,entropy,15.587843894958496
117,layer3,grad_cam_plus_plus,No finding,top_1pct,0.016409173607826233
117,layer3,xgrad_cam,No finding,entropy,14.857245445251465
117,layer3,xgrad_cam,No finding,top_1pct,0.04607776552438736
117,layer4,grad_cam,No finding,entropy,14.837905883789062
117,layer4,grad_cam,No finding,top_1pct,0.0398283377289772
117,layer4,grad_cam_plus_plus,No finding,entropy,15.227572441101074
117,layer4,grad_cam_plus_plus,No finding,top_1pct,0.031676024198532104
117,layer4,xgrad_cam,No finding,entropy,14.83790397644043
117,layer4,xgrad_cam,No finding,top_1pct,0.039828334003686905
118,layer3,grad_cam,No finding,entropy,15.123437881469727
118,layer3,grad_cam,No finding,top_1pct,0.03582260012626648
118,layer3,grad_cam_plus_plus,No finding,entropy,15.429656982421875
118,layer3,grad_cam_plus_plus,No finding,top_1pct,0.04675508290529251
118,layer3,xgrad_cam,No finding,entropy,15.060171127319336
118,layer3,xgrad_cam,No finding,top_1pct,0.078231081366539
118,layer4,grad_cam,No finding,entropy,14.920714378356934
118,layer4,grad_cam,No finding,top_1pct,0.03531111404299736
118,layer4,grad_cam_plus_plus,No finding,entropy,15.152761459350586
118,layer4,grad_cam_plus_plus,No finding,top_1pct,0.029520954936742783
118,layer4,xgrad_cam,No finding,entropy,14.92071533203125
118,layer4,xgrad_cam,No finding,top_1pct,0.03531111404299736
119,layer3,grad_cam,No finding,entropy,15.297876358032227
119,layer3,grad_cam,No finding,top_1pct,0.027259401977062225
119,layer3,grad_cam_plus_plus,No finding,entropy,15.34583854675293
119,layer3,grad_cam_plus_plus,No finding,top_1pct,0.05508500337600708
119,layer3,xgrad_cam,No finding,entropy,14.586932182312012
119,layer3,xgrad_cam,No finding,top_1pct,0.10703204572200775
119,layer4,grad_cam,No finding,entropy,14.36693000793457
119,layer4,grad_cam,No finding,top_1pct,0.04810453951358795
119,layer4,grad_cam_plus_plus,No finding,entropy,14.74060344696045
119,layer4,grad_cam_plus_plus,No finding,top_1pct,0.04228934645652771
119,layer4,xgrad_cam,No finding,entropy,14.366931915283203
119,layer4,xgrad_cam,No finding,top_1pct,0.04810454323887825
120,layer3,grad_cam,No finding,entropy,14.523014068603516
120,layer3,grad_cam,No finding,top_1pct,0.06519998610019684
120,layer3,grad_cam_plus_plus,No finding,entropy,15.582448959350586
120,layer3,grad_cam_plus_plus,No finding,top_1pct,0.017176061868667603
120,layer3,xgrad_cam,No finding,entropy,14.952326774597168
120,layer3,xgrad_cam,No finding,top_1pct,0.05748656764626503
120,layer4,grad_cam,No finding,entropy,14.863824844360352
120,layer4,grad_cam,No finding,top_1pct,0.03392760828137398
120,layer4,grad_cam_plus_plus,No finding,entropy,15.053352355957031
120,layer4,grad_cam_plus_plus,No finding,top_1pct,0.03131644427776337
120,layer4,xgrad_cam,No finding,entropy,14.863824844360352
120,layer4,xgrad_cam,No finding,top_1pct,0.033927612006664276
121,layer3,grad_cam,Aortic enlargement,pointing_game,0.0
121,layer3,grad_cam,Aortic enlargement,energy_box,0.015182138420641422
121,layer3,grad_cam,Aortic enlargement,iou,0.0
121,layer3,grad_cam,Aortic enlargement,distance,2.3386495066286503
121,layer3,grad_cam_plus_plus,Aortic enlargement,pointing_game,0.0
121,layer3,grad_cam_plus_plus,Aortic enlargement,energy_box,0.014459236524999142
121,layer3,grad_cam_plus_plus,Aortic enlargement,iou,0.018305012956261635
121,layer3,grad_cam_plus_plus,Aortic enlargement,distance,2.3386495066286503
121,layer3,xgrad_cam,Aortic enlargement,pointing_game,0.0
121,layer3,xgrad_cam,Aortic enlargement,energy_box,0.013258401304483414
121,layer3,xgrad_cam,Aortic enlargement,iou,0.0
121,layer3,xgrad_cam,Aortic enlargement,distance,2.31410857805118
121,layer4,grad_cam,Aortic enlargement,pointing_game,0.0
121,layer4,grad_cam,Aortic enlargement,energy_box,0.01899787038564682
121,layer4,grad_cam,Aortic enlargement,iou,0.04152706637978554
121,layer4,grad_cam,Aortic enlargement,distance,1.3828593156225106
121,layer4,grad_cam_plus_plus,Aortic enlargement,pointing_game,0.0
121,layer4,grad_cam_plus_plus,Aortic enlargement,energy_box,0.021253637969493866
121,layer4,grad_cam_plus_plus,Aortic enlargement,iou,0.03982214257121086
121,layer4,grad_cam_plus_plus,Aortic enlargement,distance,0.6060729699565958
121,layer4,xgrad_cam,Aortic enlargement,pointing_game,0.0
121,layer4,xgrad_cam,Aortic enlargement,energy_box,0.01899786852300167
121,layer4,xgrad_cam,Aortic enlargement,iou,0.04152706637978554
121,layer4,xgrad_cam,Aortic enlargement,distance,1.3828593156225106
121,layer3,grad_cam,Cardiomegaly,pointing_game,0.0
121,layer3,grad_cam,Cardiomegaly,energy_box,0.050449639558792114
121,layer3,grad_cam,Cardiomegaly,iou,0.003294892841950059
121,layer3,grad_cam,Cardiomegaly,distance,0.6406392737500244
121,layer3,grad_cam_plus_plus,Cardiomegaly,pointing_game,0.0
121,layer3,grad_cam_plus_plus,Cardiomegaly,energy_box,0.03977785259485245
121,layer3,grad_cam_plus_plus,Cardiomegaly,iou,0.032025232911109924
121,layer3,grad_cam_plus_plus,Cardiomegaly,distance,1.682444739338068
121,layer3,xgrad_cam,Cardiomegaly,pointing_game,0.0
121,layer3,xgrad_cam,Cardiomegaly,energy_box,0.049880072474479675
121,layer3,xgrad_cam,Cardiomegaly,iou,0.03450315445661545
121,layer3,xgrad_cam,Cardiomegaly,distance,0.6406392737500244
121,layer4,grad_cam,Cardiomegaly,pointing_game,0.0
121,layer4,grad_cam,Cardiomegaly,energy_box,0.02681126445531845
121,layer4,grad_cam,Cardiomegaly,iou,0.02455379068851471
121,layer4,grad_cam,Cardiomegaly,distance,0.6715437236779295
121,layer4,grad_cam_plus_plus,Cardiomegaly,pointing_game,0.0
121,layer4,grad_cam_plus_plus,Cardiomegaly,energy_box,0.0676565021276474
121,layer4,grad_cam_plus_plus,Cardiomegaly,iou,0.12910710275173187
121,layer4,grad_cam_plus_plus,Cardiomegaly,distance,0.6002796591245588
121,layer4,xgrad_cam,Cardiomegaly,pointing_game,0.0
121,layer4,xgrad_cam,Cardiomegaly,energy_box,0.0268112625926733
121,layer4,xgrad_cam,Cardiomegaly,iou,0.02455379068851471
121,layer4,xgrad_cam,Cardiomegaly,distance,0.6715437236779295
121,layer3,grad_cam,ILD,pointing_game,0.0
121,layer3,grad_cam,ILD,energy_box,0.06313744932413101
121,layer3,grad_cam,ILD,iou,0.03135523572564125
121,layer3,grad_cam,ILD,distance,1.0015611126346806
121,layer3,grad_cam_plus_plus,ILD,pointing_game,0.0
121,layer3,grad_cam_plus_plus,ILD,energy_box,0.0839625671505928
121,layer3,grad_cam_plus_plus,ILD,iou,0.07968488335609436
121,layer3,grad_cam_plus_plus,ILD,distance,0.8127631254337923
121,layer3,xgrad_cam,ILD,pointing_game,0.0
121,layer3,xgrad_cam,ILD,energy_box,0.054548230022192
121,layer3,xgrad_cam,ILD,iou,0.007076350040733814
121,layer3,xgrad_cam,ILD,distance,0.9979841107848708
121,layer4,grad_cam,ILD,pointing_game,0.0
121,layer4,grad_cam,ILD,energy_box,0.0
121,layer4,grad_cam,ILD,iou,0.0
121,layer4,grad_cam,ILD,distance,1.5564127761625066
121,layer4,grad_cam_plus_plus,ILD,pointing_game,0.0
121,layer4,grad_cam_plus_plus,ILD,energy_box,0.11408521234989166
121,layer4,grad_cam_plus_plus,ILD,iou,0.18614135682582855
121,layer4,grad_cam_plus_plus,ILD,distance,1.5564127761625066
121,layer4,xgrad_cam,ILD,pointing_game,0.0
121,layer4,xgrad_cam,ILD,energy_box,0.0
121,layer4,xgrad_cam,ILD,iou,0.0
121,layer4,xgrad_cam,ILD,distance,1.5564127761625066
121,layer3,grad_cam,Nodule/Mass,pointing_game,0.0
121,layer3,grad_cam,Nodule/Mass,energy_box,0.0
121,layer3,grad_cam,Nodule/Mass,iou,0.0
121,layer3,grad_cam,Nodule/Mass,distance,5.089271597078943
121,layer3,grad_cam_plus_plus,Nodule/Mass,pointing_game,0.0
121,layer3,grad_cam_plus_plus,Nodule/Mass,energy_box,0.002801592694595456
121,layer3,grad_cam_plus_plus,Nodule/Mass,iou,0.0033253920264542103
121,layer3,grad_cam_plus_plus,Nodule/Mass,distance,5.308655010958548
121,layer3,xgrad_cam,Nodule/Mass,pointing_game,0.0
121,layer3,xgrad_cam,Nodule/Mass,energy_box,0.0
121,layer3,xgrad_cam,Nodule/Mass,iou,0.0
121,layer3,xgrad_cam,Nodule/Mass,distance,5.089271597078943
121,layer4,grad_cam,Nodule/Mass,pointing_game,0.0
121,layer4,grad_cam,Nodule/Mass,energy_box,0.0
121,layer4,grad_cam,Nodule/Mass,iou,0.0
121,layer4,grad_cam,Nodule/Mass,distance,7.322316215505101
121,layer4,grad_cam_plus_plus,Nodule/Mass,pointing_game,0.0
121,layer4,grad_cam_plus_plus,Nodule/Mass,energy_box,0.00564575893804431
121,layer4,grad_cam_plus_plus,Nodule/Mass,iou,0.015268669463694096
121,layer4,grad_cam_plus_plus,Nodule/Mass,distance,1.112188391933946
121,layer4,xgrad_cam,Nodule/Mass,pointing_game,0.0
121,layer4,xgrad_cam,Nodule/Mass,energy_box,0.0
121,layer4,xgrad_cam,Nodule/Mass,iou,0.0
121,layer4,xgrad_cam,Nodule/Mass,distance,7.322316215505101
122,layer3,grad_cam,No finding,entropy,14.496034622192383
122,layer3,grad_cam,No finding,top_1pct,0.063320592045784
122,layer3,grad_cam_plus_plus,No finding,entropy,15.575521469116211
122,layer3,grad_cam_plus_plus,No finding,top_1pct,0.017682183533906937
122,layer3,xgrad_cam,No finding,entropy,14.876335144042969
122,layer3,xgrad_cam,No finding,top_1pct,0.05267235264182091
122,layer4,grad_cam,No finding,entropy,14.643192291259766
122,layer4,grad_cam,No finding,top_1pct,0.044836148619651794
122,layer4,grad_cam_plus_plus,No finding,entropy,14.977569580078125
122,layer4,grad_cam_plus_plus,No finding,top_1pct,0.03866979107260704
122,layer4,xgrad_cam,No finding,entropy,14.643194198608398
122,layer4,xgrad_cam,No finding,top_1pct,0.04483615234494209
123,layer3,grad_cam,Consolidation,pointing_game,0.0
123,layer3,grad_cam,Consolidation,energy_box,3.0251771022449248e-05
123,layer3,grad_cam,Consolidation,iou,0.0
123,layer3,grad_cam,Consolidation,distance,3.362777849955112
123,layer3,grad_cam_plus_plus,Consolidation,pointing_game,0.0
123,layer3,grad_cam_plus_plus,Consolidation,energy_box,0.008927827700972557
123,layer3,grad_cam_plus_plus,Consolidation,iou,0.009334791451692581
123,layer3,grad_cam_plus_plus,Consolidation,distance,6.0600167186279394
123,layer3,xgrad_cam,Consolidation,pointing_game,0.0
123,layer3,xgrad_cam,Consolidation,energy_box,0.0
123,layer3,xgrad_cam,Consolidation,iou,0.0
123,layer3,xgrad_cam,Consolidation,distance,3.362777849955112
123,layer4,grad_cam,Consolidation,pointing_game,0.0
123,layer4,grad_cam,Consolidation,energy_box,0.0
123,layer4,grad_cam,Consolidation,iou,0.0
123,layer4,grad_cam,Consolidation,distance,4.182299006888932
123,layer4,grad_cam_plus_plus,Consolidation,pointing_game,0.0
123,layer4,grad_cam_plus_plus,Consolidation,energy_box,0.0243204478174448
123,layer4,grad_cam_plus_plus,Consolidation,iou,0.0570966862142086
123,layer4,grad_cam_plus_plus,Consolidation,distance,1.114213304107449
123,layer4,xgrad_cam,Consolidation,pointing_game,0.0
123,layer4,xgrad_cam,Consolidation,energy_box,0.0
123,layer4,xgrad_cam,Consolidation,iou,0.0
123,layer4,xgrad_cam,Consolidation,distance,4.182299006888932
123,layer3,grad_cam,Infiltration,pointing_game,0.0
123,layer3,grad_cam,Infiltration,energy_box,0.0012703771935775876
123,layer3,grad_cam,Infiltration,iou,0.0
123,layer3,grad_cam,Infiltration,distance,4.608282381799337
123,layer3,grad_cam_plus_plus,Infiltration,pointing_game,0.0
123,layer3,grad_cam_plus_plus,Infiltration,energy_box,0.005236446391791105
123,layer3,grad_cam_plus_plus,Infiltration,iou,0.006958276964724064
123,layer3,grad_cam_plus_plus,Infiltration,distance,8.243958947668997
123,layer3,xgrad_cam,Infiltration,pointing_game,0.0
123,layer3,xgrad_cam,Infiltration,energy_box,0.0
123,layer3,xgrad_cam,Infiltration,iou,0.0
123,layer3,xgrad_cam,Infiltration,distance,4.608282381799337
123,layer4,grad_cam,Infiltration,pointing_game,0.0
123,layer4,grad_cam,Infiltration,energy_box,0.0
123,layer4,grad_cam,Infiltration,iou,0.0
123,layer4,grad_cam,Infiltration,distance,5.660658655033559
123,layer4,grad_cam_plus_plus,Infiltration,pointing_game,0.0
123,layer4,grad_cam_plus_plus,Infiltration,energy_box,0.011933933012187481
123,layer4,grad_cam_plus_plus,Infiltration,iou,0.034934498369693756
123,layer4,grad_cam_plus_plus,Infiltration,distance,1.6599220494328824
123,layer4,xgrad_cam,Infiltration,pointing_game,0.0
123,layer4,xgrad_cam,Infiltration,energy_box,0.0
123,layer4,xgrad_cam,Infiltration,iou,0.0
123,layer4,xgrad_cam,Infiltration,distance,5.660658655033559
123,layer3,grad_cam,Nodule/Mass,pointing_game,0.0
123,layer3,grad_cam,Nodule/Mass,energy_box,0.00030976394191384315
123,layer3,grad_cam,Nodule/Mass,iou,0.0
123,layer3,grad_cam,Nodule/Mass,distance,4.490330812291541
123,layer3,grad_cam_plus_plus,Nodule/Mass,pointing_game,0.0
123,layer3,grad_cam_plus_plus,Nodule/Mass,energy_box,0.007359013892710209
123,layer3,grad_cam_plus_plus,Nodule/Mass,iou,0.008381826803088188
123,layer3,grad_cam_plus_plus,Nodule/Mass,distance,7.229388785085126
123,layer3,xgrad_cam,Nodule/Mass,pointing_game,0.0
123,layer3,xgrad_cam,Nodule/Mass,energy_box,0.0
123,layer3,xgrad_cam,Nodule/Mass,iou,0.0
123,layer3,xgrad_cam,Nodule/Mass,distance,4.230520595499271
123,layer4,grad_cam,Nodule/Mass,pointing_game,0.0
123,layer4,grad_cam,Nodule/Mass,energy_box,0.0
123,layer4,grad_cam,Nodule/Mass,iou,0.0
123,layer4,grad_cam,Nodule/Mass,distance,4.37477303444846
123,layer4,grad_cam_plus_plus,Nodule/Mass,pointing_game,0.0
123,layer4,grad_cam_plus_plus,Nodule/Mass,energy_box,0.01837686263024807
123,layer4,grad_cam_plus_plus,Nodule/Mass,iou,0.04401201382279396
123,layer4,grad_cam_plus_plus,Nodule/Mass,distance,1.4501425504256422
123,layer4,xgrad_cam,Nodule/Mass,pointing_game,0.0
123,layer4,xgrad_cam,Nodule/Mass,energy_box,0.0
123,layer4,xgrad_cam,Nodule/Mass,iou,0.0
123,layer4,xgrad_cam,Nodule/Mass,distance,4.37477303444846
124,layer3,grad_cam,Aortic enlargement,pointing_game,0.0
124,layer3,grad_cam,Aortic enlargement,energy_box,0.01918734796345234
124,layer3,grad_cam,Aortic enlargement,iou,0.0
124,layer3,grad_cam,Aortic enlargement,distance,3.775692293798683
124,layer3,grad_cam_plus_plus,Aortic enlargement,pointing_game,0.0
124,layer3,grad_cam_plus_plus,Aortic enlargement,energy_box,0.015705183148384094
124,layer3,grad_cam_plus_plus,Aortic enlargement,iou,0.0
124,layer3,grad_cam_plus_plus,Aortic enlargement,distance,3.775692293798683
124,layer3,xgrad_cam,Aortic enlargement,pointing_game,0.0
124,layer3,xgrad_cam,Aortic enlargement,energy_box,0.019643118605017662
124,layer3,xgrad_cam,Aortic enlargement,iou,0.0
124,layer3,xgrad_cam,Aortic enlargement,distance,3.775692293798683
124,layer4,grad_cam,Aortic enlargement,pointing_game,0.0
124,layer4,grad_cam,Aortic enlargement,energy_box,0.02265232242643833
124,layer4,grad_cam,Aortic enlargement,iou,0.03318607807159424
124,layer4,grad_cam,Aortic enlargement,distance,1.1924847005103805
124,layer4,grad_cam_plus_plus,Aortic enlargement,pointing_game,0.0
124,layer4,grad_cam_plus_plus,Aortic enlargement,energy_box,0.019427673891186714
124,layer4,grad_cam_plus_plus,Aortic enlargement,iou,0.03409179300069809
124,layer4,grad_cam_plus_plus,Aortic enlargement,distance,3.662290201220651
124,layer4,xgrad_cam,Aortic enlargement,pointing_game,0.0
124,layer4,xgrad_cam,Aortic enlargement,energy_box,0.02265232428908348
124,layer4,xgrad_cam,Aortic enlargement,iou,0.03318607807159424
124,layer4,xgrad_cam,Aortic enlargement,distance,1.1924847005103805
124,layer3,grad_cam,Cardiomegaly,pointing_game,0.0
124,layer3,grad_cam,Cardiomegaly,energy_box,0.11481489986181259
124,layer3,grad_cam,Cardiomegaly,iou,0.13904353976249695
124,layer3,grad_cam,Cardiomegaly,distance,0.2839717153534994
124,layer3,grad_cam_plus_plus,Cardiomegaly,pointing_game,0.0
124,layer3,grad_cam_plus_plus,Cardiomegaly,energy_box,0.07561453431844711
124,layer3,grad_cam_plus_plus,Cardiomegaly,iou,0.08178403973579407
124,layer3,grad_cam_plus_plus,Cardiomegaly,distance,1.6745741305469546
124,layer3,xgrad_cam,Cardiomegaly,pointing_game,0.0
124,layer3,xgrad_cam,Cardiomegaly,energy_box,0.10486859083175659
124,layer3,xgrad_cam,Cardiomegaly,iou,0.12436138838529587
124,layer3,xgrad_cam,Cardiomegaly,distance,0.4204472743791953
124,layer4,grad_cam,Cardiomegaly,pointing_game,1.0
124,layer4,grad_cam,Cardiomegaly,energy_box,0.1635405719280243
124,layer4,grad_cam,Cardiomegaly,iou,0.31766918301582336
124,layer4,grad_cam,Cardiomegaly,distance,0.2096406861329172
124,layer4,grad_cam_plus_plus,Cardiomegaly,pointing_game,1.0
124,layer4,grad_cam_plus_plus,Cardiomegaly,energy_box,0.1334669142961502
124,layer4,grad_cam_plus_plus,Cardiomegaly,iou,0.24943310022354126
124,layer4,grad_cam_plus_plus,Cardiomegaly,distance,0.2096406861329172
124,layer4,xgrad_cam,Cardiomegaly,pointing_game,1.0
124,layer4,xgrad_cam,Cardiomegaly,energy_box,0.1635405719280243
124,layer4,xgrad_cam,Cardiomegaly,iou,0.31766918301582336
124,layer4,xgrad_cam,Cardiomegaly,distance,0.2096406861329172
124,layer3,grad_cam,Nodule/Mass,pointing_game,0.0
124,layer3,grad_cam,Nodule/Mass,energy_box,0.017402956262230873
124,layer3,grad_cam,Nodule/Mass,iou,0.005854800809174776
124,layer3,grad_cam,Nodule/Mass,distance,1.5961625157166681
124,layer3,grad_cam_plus_plus,Nodule/Mass,pointing_game,0.0
124,layer3,grad_cam_plus_plus,Nodule/Mass,energy_box,0.005424323957413435
124,layer3,grad_cam_plus_plus,Nodule/Mass,iou,0.012335707433521748
124,layer3,grad_cam_plus_plus,Nodule/Mass,distance,7.185115590231015
124,layer3,xgrad_cam,Nodule/Mass,pointing_game,0.0
124,layer3,xgrad_cam,Nodule/Mass,energy_box,0.016796482726931572
124,layer3,xgrad_cam,Nodule/Mass,iou,0.054448872804641724
124,layer3,xgrad_cam,Nodule/Mass,distance,1.5961625157166681
124,layer4,grad_cam,Nodule/Mass,pointing_game,0.0
124,layer4,grad_cam,Nodule/Mass,energy_box,0.0
124,layer4,grad_cam,Nodule/Mass,iou,0.0
124,layer4,grad_cam,Nodule/Mass,distance,8.258982765731835
124,layer4,grad_cam_plus_plus,Nodule/Mass,pointing_game,0.0
124,layer4,grad_cam_plus_plus,Nodule/Mass,energy_box,0.005065551493316889
124,layer4,grad_cam_plus_plus,Nodule/Mass,iou,0.0055263158865273
124,layer4,grad_cam_plus_plus,Nodule/Mass,distance,6.536546684796549
124,layer4,xgrad_cam,Nodule/Mass,pointing_game,0.0
124,layer4,xgrad_cam,Nodule/Mass,energy_box,0.0
124,layer4,xgrad_cam,Nodule/Mass,iou,0.0
124,layer4,xgrad_cam,Nodule/Mass,distance,8.258982765731835
124,layer3,grad_cam,Pleural thickening,pointing_game,0.0
124,layer3,grad_cam,Pleural thickening,energy_box,0.0003152820863761008
124,layer3,grad_cam,Pleural thickening,iou,0.0
124,layer3,grad_cam,Pleural thickening,distance,3.340336626075042
124,layer3,grad_cam_plus_plus,Pleural thickening,pointing_game,0.0
124,layer3,grad_cam_plus_plus,Pleural thickening,energy_box,0.003925033379346132
124,layer3,grad_cam_plus_plus,Pleural thickening,iou,0.0
124,layer3,grad_cam_plus_plus,Pleural thickening,distance,3.2148797798634114
124,layer3,xgrad_cam,Pleural thickening,pointing_game,0.0
124,layer3,xgrad_cam,Pleural thickening,energy_box,0.00027941158623434603
124,layer3,xgrad_cam,Pleural thickening,iou,0.0
124,layer3,xgrad_cam,Pleural thickening,distance,3.340336626075042
124,layer4,grad_cam,Pleural thickening,pointing_game,0.0
124,layer4,grad_cam,Pleural thickening,energy_box,0.0
124,layer4,grad_cam,Pleural thickening,iou,0.0
124,layer4,grad_cam,Pleural thickening,distance,4.250635616325659
124,layer4,grad_cam_plus_plus,Pleural thickening,pointing_game,0.0
124,layer4,grad_cam_plus_plus,Pleural thickening,energy_box,0.003698062850162387
124,layer4,grad_cam_plus_plus,Pleural thickening,iou,0.0
124,layer4,grad_cam_plus_plus,Pleural thickening,distance,3.3020279438761393
124,layer4,xgrad_cam,Pleural thickening,pointing_game,0.0
124,layer4,xgrad_cam,Pleural thickening,energy_box,0.0
124,layer4,xgrad_cam,Pleural thickening,iou,0.0
124,layer4,xgrad_cam,Pleural thickening,distance,4.250635616325659
125,layer3,grad_cam,Lung Opacity,pointing_game,0.0
125,layer3,grad_cam,Lung Opacity,energy_box,0.012337420135736465
125,layer3,grad_cam,Lung Opacity,iou,0.0
125,layer3,grad_cam,Lung Opacity,distance,1.7534836131943752
125,layer3,grad_cam_plus_plus,Lung Opacity,pointing_game,0.0
125,layer3,grad_cam_plus_plus,Lung Opacity,energy_box,0.013914897106587887
125,layer3,grad_cam_plus_plus,Lung Opacity,iou,0.01973271183669567
125,layer3,grad_cam_plus_plus,Lung Opacity,distance,5.70229297151177
125,layer3,xgrad_cam,Lung Opacity,pointing_game,0.0
125,layer3,xgrad_cam,Lung Opacity,energy_box,0.019065622240304947
125,layer3,xgrad_cam,Lung Opacity,iou,0.008206330239772797
125,layer3,xgrad_cam,Lung Opacity,distance,0.6639748367108602
125,layer4,grad_cam,Lung Opacity,pointing_game,0.0
125,layer4,grad_cam,Lung Opacity,energy_box,0.024758566170930862
125,layer4,grad_cam,Lung Opacity,iou,0.03452663868665695
125,layer4,grad_cam,Lung Opacity,distance,1.2911479574231997
125,layer4,grad_cam_plus_plus,Lung Opacity,pointing_game,0.0
125,layer4,grad_cam_plus_plus,Lung Opacity,energy_box,0.019568007439374924
125,layer4,grad_cam_plus_plus,Lung Opacity,iou,0.049624282866716385
125,layer4,grad_cam_plus_plus,Lung Opacity,distance,1.2911479574231997
125,layer4,xgrad_cam,Lung Opacity,pointing_game,0.0
125,layer4,xgrad_cam,Lung Opacity,energy_box,0.024758564308285713
125,layer4,xgrad_cam,Lung Opacity,iou,0.03452663868665695
125,layer4,xgrad_cam,Lung Opacity,distance,1.2911479574231997
125,layer3,grad_cam,Pleural effusion,pointing_game,1.0
125,layer3,grad_cam,Pleural effusion,energy_box,0.243080735206604
125,layer3,grad_cam,Pleural effusion,iou,0.18099947273731232
125,layer3,grad_cam,Pleural effusion,distance,0.44075588906474117
125,layer3,grad_cam_plus_plus,Pleural effusion,pointing_game,0.0
125,layer3,grad_cam_plus_plus,Pleural effusion,energy_box,0.12643089890480042
125,layer3,grad_cam_plus_plus,Pleural effusion,iou,0.14023526012897491
125,layer3,grad_cam_plus_plus,Pleural effusion,distance,1.028256660968555
125,layer3,xgrad_cam,Pleural effusion,pointing_game,1.0
125,layer3,xgrad_cam,Pleural effusion,energy_box,0.22595225274562836
125,layer3,xgrad_cam,Pleural effusion,iou,0.24587537348270416
125,layer3,xgrad_cam,Pleural effusion,distance,0.16409411099967824
125,layer4,grad_cam,Pleural effusion,pointing_game,1.0
125,layer4,grad_cam,Pleural effusion,energy_box,0.2476339340209961
125,layer4,grad_cam,Pleural effusion,iou,0.262481689453125
125,layer4,grad_cam,Pleural effusion,distance,0.34489682706454633
125,layer4,grad_cam_plus_plus,Pleural effusion,pointing_game,1.0
125,layer4,grad_cam_plus_plus,Pleural effusion,energy_box,0.1834702044725418
125,layer4,grad_cam_plus_plus,Pleural effusion,iou,0.28376150131225586
125,layer4,grad_cam_plus_plus,Pleural effusion,distance,0.3402039098283122
125,layer4,xgrad_cam,Pleural effusion,pointing_game,1.0
125,layer4,xgrad_cam,Pleural effusion,energy_box,0.24763396382331848
125,layer4,xgrad_cam,Pleural effusion,iou,0.262481689453125
125,layer4,xgrad_cam,Pleural effusion,distance,0.34489682706454633
126,layer3,grad_cam,No finding,entropy,14.993699073791504
126,layer3,grad_cam,No finding,top_1pct,0.04436394199728966
126,layer3,grad_cam_plus_plus,No finding,entropy,15.587065696716309
126,layer3,grad_cam_plus_plus,No finding,top_1pct,0.017853986471891403
126,layer3,xgrad_cam,No finding,entropy,15.210224151611328
126,layer3,xgrad_cam,No finding,top_1pct,0.03355041518807411
126,layer4,grad_cam,No finding,entropy,14.842599868774414
126,layer4,grad_cam,No finding,top_1pct,0.03953928127884865
126,layer4,grad_cam_plus_plus,No finding,entropy,15.085921287536621
126,layer4,grad_cam_plus_plus,No finding,top_1pct,0.03388761356472969
126,layer4,xgrad_cam,No finding,entropy,14.842598915100098
126,layer4,xgrad_cam,No finding,top_1pct,0.03953928127884865
127,layer3,grad_cam,No finding,entropy,15.278719902038574
127,layer3,grad_cam,No finding,top_1pct,0.0441325344145298
127,layer3,grad_cam_plus_plus,No finding,entropy,15.406264305114746
127,layer3,grad_cam_plus_plus,No finding,top_1pct,0.04894563928246498
127,layer3,xgrad_cam,No finding,entropy,14.946633338928223
127,layer3,xgrad_cam,No finding,top_1pct,0.08714032918214798
127,layer4,grad_cam,No finding,entropy,14.482892990112305
127,layer4,grad_cam,No finding,top_1pct,0.0451296828687191
127,layer4,grad_cam_plus_plus,No finding,entropy,14.798624038696289
127,layer4,grad_cam_plus_plus,No finding,top_1pct,0.039583969861269
127,layer4,xgrad_cam,No finding,entropy,14.482892036437988
127,layer4,xgrad_cam,No finding,top_1pct,0.0451296865940094
128,layer3,grad_cam,No finding,entropy,14.827019691467285
128,layer3,grad_cam,No finding,top_1pct,0.04091358184814453
128,layer3,grad_cam_plus_plus,No finding,entropy,15.58888053894043
128,layer3,grad_cam_plus_plus,No finding,top_1pct,0.016659611836075783
128,layer3,xgrad_cam,No finding,entropy,15.048809051513672
128,layer3,xgrad_cam,No finding,top_1pct,0.03435882553458214
128,layer4,grad_cam,No finding,entropy,14.710188865661621
128,layer4,grad_cam,No finding,top_1pct,0.04418852925300598
128,layer4,grad_cam_plus_plus,No finding,entropy,15.059856414794922
128,layer4,grad_cam_plus_plus,No finding,top_1pct,0.03629227355122566
128,layer4,xgrad_cam,No finding,entropy,14.710190773010254
128,layer4,xgrad_cam,No finding,top_1pct,0.04418852925300598
129,layer3,grad_cam,No finding,entropy,14.834508895874023
129,layer3,grad_cam,No finding,top_1pct,0.04575759917497635
129,layer3,grad_cam_plus_plus,No finding,entropy,15.581148147583008
129,layer3,grad_cam_plus_plus,No finding,top_1pct,0.020190952345728874
129,layer3,xgrad_cam,No finding,entropy,14.986634254455566
129,layer3,xgrad_cam,No finding,top_1pct,0.04432643577456474
129,layer4,grad_cam,No finding,entropy,14.468921661376953
129,layer4,grad_cam,No finding,top_1pct,0.04485047981142998
129,layer4,grad_cam_plus_plus,No finding,entropy,14.81764030456543
129,layer4,grad_cam_plus_plus,No finding,top_1pct,0.037835005670785904
129,layer4,xgrad_cam,No finding,entropy,14.468921661376953
129,layer4,xgrad_cam,No finding,top_1pct,0.04485047608613968
130,layer3,grad_cam,Aortic enlargement,pointing_game,0.0
130,layer3,grad_cam,Aortic enlargement,energy_box,0.014456105418503284
130,layer3,grad_cam,Aortic enlargement,iou,0.0
130,layer3,grad_cam,Aortic enlargement,distance,3.4224453294296775
130,layer3,grad_cam_plus_plus,Aortic enlargement,pointing_game,0.0
130,layer3,grad_cam_plus_plus,Aortic enlargement,energy_box,0.00847314577549696
130,layer3,grad_cam_plus_plus,Aortic enlargement,iou,0.008691453374922276
130,layer3,grad_cam_plus_plus,Aortic enlargement,distance,3.12062902230339
130,layer3,xgrad_cam,Aortic enlargement,pointing_game,0.0
130,layer3,xgrad_cam,Aortic enlargement,energy_box,0.014385449700057507
130,layer3,xgrad_cam,Aortic enlargement,iou,0.0
130,layer3,xgrad_cam,Aortic enlargement,distance,3.457549914162437
130,layer4,grad_cam,Aortic enlargement,pointing_game,0.0
130,layer4,grad_cam,Aortic enlargement,energy_box,0.017374597489833832
130,layer4,grad_cam,Aortic enlargement,iou,0.05570630356669426
130,layer4,grad_cam,Aortic enlargement,distance,1.7615117763866557
130,layer4,grad_cam_plus_plus,Aortic enlargement,pointing_game,0.0
130,layer4,grad_cam_plus_plus,Aortic enlargement,energy_box,0.014066072180867195
130,layer4,grad_cam_plus_plus,Aortic enlargement,iou,0.040029652416706085
130,layer4,grad_cam_plus_plus,Aortic enlargement,distance,1.7514133192401262
130,layer4,xgrad_cam,Aortic enlargement,pointing_game,0.0
130,layer4,xgrad_cam,Aortic enlargement,energy_box,0.017374597489833832
130,layer4,xgrad_cam,Aortic enlargement,iou,0.05570630356669426
130,layer4,xgrad_cam,Aortic enlargement,distance,1.7615117763866557
130,layer3,grad_cam,Cardiomegaly,pointing_game,1.0
130,layer3,grad_cam,Cardiomegaly,energy_box,0.15701903402805328
130,layer3,grad_cam,Cardiomegaly,iou,0.26208969950675964
130,layer3,grad_cam,Cardiomegaly,distance,0.3386067466259355
130,layer3,grad_cam_plus_plus,Cardiomegaly,pointing_game,0.0
130,layer3,grad_cam_plus_plus,Cardiomegaly,energy_box,0.052983324974775314
130,layer3,grad_cam_plus_plus,Cardiomegaly,iou,0.07196500152349472
130,layer3,grad_cam_plus_plus,Cardiomegaly,distance,1.2233338529940259
130,layer3,xgrad_cam,Cardiomegaly,pointing_game,0.0
130,layer3,xgrad_cam,Cardiomegaly,energy_box,0.10849902033805847
130,layer3,xgrad_cam,Cardiomegaly,iou,0.2521618902683258
130,layer3,xgrad_cam,Cardiomegaly,distance,0.231134961709458
130,layer4,grad_cam,Cardiomegaly,pointing_game,0.0
130,layer4,grad_cam,Cardiomegaly,energy_box,0.1551835685968399
130,layer4,grad_cam,Cardiomegaly,iou,0.26954755187034607
130,layer4,grad_cam,Cardiomegaly,distance,0.18531194236109144
130,layer4,grad_cam_plus_plus,Cardiomegaly,pointing_game,0.0
130,layer4,grad_cam_plus_plus,Cardiomegaly,energy_box,0.12584732472896576
130,layer4,grad_cam_plus_plus,Cardiomegaly,iou,0.2832224369049072
130,layer4,grad_cam_plus_plus,Cardiomegaly,distance,0.19322234288310317
130,layer4,xgrad_cam,Cardiomegaly,pointing_game,0.0
130,layer4,xgrad_cam,Cardiomegaly,energy_box,0.1551835536956787
130,layer4,xgrad_cam,Cardiomegaly,iou,0.26954755187034607
130,layer4,xgrad_cam,Cardiomegaly,distance,0.18531194236109144
131,layer3,grad_cam,No finding,entropy,14.659469604492188
131,layer3,grad_cam,No finding,top_1pct,0.0569080226123333
131,layer3,grad_cam_plus_plus,No finding,entropy,15.580564498901367
131,layer3,grad_cam_plus_plus,No finding,top_1pct,0.02047232910990715
131,layer3,xgrad_cam,No finding,entropy,15.00494384765625
131,layer3,xgrad_cam,No finding,top_1pct,0.04711861535906792
131,layer4,grad_cam,No finding,entropy,14.746759414672852
131,layer4,grad_cam,No finding,top_1pct,0.03753387928009033
131,layer4,grad_cam_plus_plus,No finding,entropy,14.98442268371582
131,layer4,grad_cam_plus_plus,No finding,top_1pct,0.03445311263203621
131,layer4,xgrad_cam,No finding,entropy,14.746759414672852
131,layer4,xgrad_cam,No finding,top_1pct,0.03753387928009033
132,layer3,grad_cam,No finding,entropy,14.950483322143555
132,layer3,grad_cam,No finding,top_1pct,0.042583346366882324
132,layer3,grad_cam_plus_plus,No finding,entropy,15.579019546508789
132,layer3,grad_cam_plus_plus,No finding,top_1pct,0.01659574545919895
132,layer3,xgrad_cam,No finding,entropy,14.908979415893555
132,layer3,xgrad_cam,No finding,top_1pct,0.04601587355136871
132,layer4,grad_cam,No finding,entropy,14.556021690368652
132,layer4,grad_cam,No finding,top_1pct,0.0452471561729908
132,layer4,grad_cam_plus_plus,No finding,entropy,15.002074241638184
132,layer4,grad_cam_plus_plus,No finding,top_1pct,0.037957195192575455
132,layer4,xgrad_cam,No finding,entropy,14.556020736694336
132,layer4,xgrad_cam,No finding,top_1pct,0.0452471561729908
133,layer3,grad_cam,No finding,entropy,14.43995189666748
133,layer3,grad_cam,No finding,top_1pct,0.06397736817598343
133,layer3,grad_cam_plus_plus,No finding,entropy,15.576202392578125
133,layer3,grad_cam_plus_plus,No finding,top_1pct,0.02065366320312023
133,layer3,xgrad_cam,No finding,entropy,14.675786972045898
133,layer3,xgrad_cam,No finding,top_1pct,0.05235477164387703
133,layer4,grad_cam,No finding,entropy,14.56488037109375
133,layer4,grad_cam,No finding,top_1pct,0.041168972849845886
133,layer4,grad_cam_plus_plus,No finding,entropy,14.871196746826172
133,layer4,grad_cam_plus_plus,No finding,top_1pct,0.03548451513051987
133,layer4,xgrad_cam,No finding,entropy,14.56488037109375
133,layer4,xgrad_cam,No finding,top_1pct,0.04116896912455559
134,layer3,grad_cam,Aortic enlargement,pointing_game,0.0
134,layer3,grad_cam,Aortic enlargement,energy_box,0.0035921488888561726
134,layer3,grad_cam,Aortic enlargement,iou,0.0
134,layer3,grad_cam,Aortic enlargement,distance,5.94271365341203
134,layer3,grad_cam_plus_plus,Aortic enlargement,pointing_game,0.0
134,layer3,grad_cam_plus_plus,Aortic enlargement,energy_box,0.007885363884270191
134,layer3,grad_cam_plus_plus,Aortic enlargement,iou,0.004688977263867855
134,layer3,grad_cam_plus_plus,Aortic enlargement,distance,5.94271365341203
134,layer3,xgrad_cam,Aortic enlargement,pointing_game,0.0
134,layer3,xgrad_cam,Aortic enlargement,energy_box,0.0
134,layer3,xgrad_cam,Aortic enlargement,iou,0.0
134,layer3,xgrad_cam,Aortic enlargement,distance,5.94271365341203
134,layer4,grad_cam,Aortic enlargement,pointing_game,0.0
134,layer4,grad_cam,Aortic enlargement,energy_box,0.00360213965177536
134,layer4,grad_cam,Aortic enlargement,iou,0.0
134,layer4,grad_cam,Aortic enlargement,distance,3.24412105393916
134,layer4,grad_cam_plus_plus,Aortic enlargement,pointing_game,0.0
134,layer4,grad_cam_plus_plus,Aortic enlargement,energy_box,0.013105102814733982
134,layer4,grad_cam_plus_plus,Aortic enlargement,iou,0.015488049946725368
134,layer4,grad_cam_plus_plus,Aortic enlargement,distance,2.0008718763543545
134,layer4,xgrad_cam,Aortic enlargement,pointing_game,0.0
134,layer4,xgrad_cam,Aortic enlargement,energy_box,0.003602140350267291
134,layer4,xgrad_cam,Aortic enlargement,iou,0.0
134,layer4,xgrad_cam,Aortic enlargement,distance,3.24412105393916
135,layer3,grad_cam,No finding,entropy,15.075078964233398
135,layer3,grad_cam,No finding,top_1pct,0.03851370885968208
135,layer3,grad_cam_plus_plus,No finding,entropy,15.583005905151367
135,layer3,grad_cam_plus_plus,No finding,top_1pct,0.019513830542564392
135,layer3,xgrad_cam,No finding,entropy,15.193479537963867
135,layer3,xgrad_cam,No finding,top_1pct,0.03575519099831581
135,layer4,grad_cam,No finding,entropy,14.838428497314453
135,layer4,grad_cam,No finding,top_1pct,0.03282865136861801
135,layer4,grad_cam_plus_plus,No finding,entropy,15.024795532226562
135,layer4,grad_cam_plus_plus,No finding,top_1pct,0.03125731647014618
135,layer4,xgrad_cam,No finding,entropy,14.838428497314453
135,layer4,xgrad_cam,No finding,top_1pct,0.03282865136861801
136,layer3,grad_cam,No finding,entropy,15.12009048461914
136,layer3,grad_cam,No finding,top_1pct,0.03696953132748604
136,layer3,grad_cam_plus_plus,No finding,entropy,15.58427619934082
136,layer3,grad_cam_plus_plus,No finding,top_1pct,0.017500517889857292
136,layer3,xgrad_cam,No finding,entropy,15.240152359008789
136,layer3,xgrad_cam,No finding,top_1pct,0.03503777086734772
136,layer4,grad_cam,No finding,entropy,15.157906532287598
136,layer4,grad_cam,No finding,top_1pct,0.028517955914139748
136,layer4,grad_cam_plus_plus,No finding,entropy,15.285758972167969
136,layer4,grad_cam_plus_plus,No finding,top_1pct,0.025983884930610657
136,layer4,xgrad_cam,No finding,entropy,15.157907485961914
136,layer4,xgrad_cam,No finding,top_1pct,0.028517955914139748
137,layer3,grad_cam,No finding,entropy,14.558671951293945
137,layer3,grad_cam,No finding,top_1pct,0.0597662515938282
137,layer3,grad_cam_plus_plus,No finding,entropy,15.56117057800293
137,layer3,grad_cam_plus_plus,No finding,top_1pct,0.023760976269841194
137,layer3,xgrad_cam,No finding,entropy,15.217053413391113
137,layer3,xgrad_cam,No finding,top_1pct,0.03803746774792671
137,layer4,grad_cam,No finding,entropy,14.971364974975586
137,layer4,grad_cam,No finding,top_1pct,0.029328983277082443
137,layer4,grad_cam_plus_plus,No finding,entropy,15.103604316711426
137,layer4,grad_cam_plus_plus,No finding,top_1pct,0.029203329235315323
137,layer4,xgrad_cam,No finding,entropy,14.971365928649902
137,layer4,xgrad_cam,No finding,top_1pct,0.029328985139727592
138,layer3,grad_cam,No finding,entropy,14.884103775024414
138,layer3,grad_cam,No finding,top_1pct,0.039196427911520004
138,layer3,grad_cam_plus_plus,No finding,entropy,15.583395004272461
138,layer3,grad_cam_plus_plus,No finding,top_1pct,0.01691131852567196
138,layer3,xgrad_cam,No finding,entropy,15.054834365844727
138,layer3,xgrad_cam,No finding,top_1pct,0.033921051770448685
138,layer4,grad_cam,No finding,entropy,15.014860153198242
138,layer4,grad_cam,No finding,top_1pct,0.0328407920897007
138,layer4,grad_cam_plus_plus,No finding,entropy,15.223413467407227
138,layer4,grad_cam_plus_plus,No finding,top_1pct,0.028820648789405823
138,layer4,xgrad_cam,No finding,entropy,15.014860153198242
138,layer4,xgrad_cam,No finding,top_1pct,0.0328407920897007
139,layer3,grad_cam,Aortic enlargement,pointing_game,0.0
139,layer3,grad_cam,Aortic enlargement,energy_box,0.02490435540676117
139,layer3,grad_cam,Aortic enlargement,iou,0.0
139,layer3,grad_cam,Aortic enlargement,distance,1.0383867573403402
139,layer3,grad_cam_plus_plus,Aortic enlargement,pointing_game,0.0
139,layer3,grad_cam_plus_plus,Aortic enlargement,energy_box,0.021960288286209106
139,layer3,grad_cam_plus_plus,Aortic enlargement,iou,0.014886859804391861
139,layer3,grad_cam_plus_plus,Aortic enlargement,distance,2.094552588876794
139,layer3,xgrad_cam,Aortic enlargement,pointing_game,0.0
139,layer3,xgrad_cam,Aortic enlargement,energy_box,0.029228312894701958
139,layer3,xgrad_cam,Aortic enlargement,iou,0.0
139,layer3,xgrad_cam,Aortic enlargement,distance,1.0383867573403402
139,layer4,grad_cam,Aortic enlargement,pointing_game,0.0
139,layer4,grad_cam,Aortic enlargement,energy_box,0.04754502326250076
139,layer4,grad_cam,Aortic enlargement,iou,0.061699893325567245
139,layer4,grad_cam,Aortic enlargement,distance,0.9072763757828566
139,layer4,grad_cam_plus_plus,Aortic enlargement,pointing_game,0.0
139,layer4,grad_cam_plus_plus,Aortic enlargement,energy_box,0.033624906092882156
139,layer4,grad_cam_plus_plus,Aortic enlargement,iou,0.07452409714460373
139,layer4,grad_cam_plus_plus,Aortic enlargement,distance,0.9007359530736103
139,layer4,xgrad_cam,Aortic enlargement,pointing_game,0.0
139,layer4,xgrad_cam,Aortic enlargement,energy_box,0.04754502698779106
139,layer4,xgrad_cam,Aortic enlargement,iou,0.061699893325567245
139,layer4,xgrad_cam,Aortic enlargement,distance,0.9072763757828566
139,layer3,grad_cam,Cardiomegaly,pointing_game,0.0
139,layer3,grad_cam,Cardiomegaly,energy_box,0.11099325120449066
139,layer3,grad_cam,Cardiomegaly,iou,0.12899543344974518
139,layer3,grad_cam,Cardiomegaly,distance,0.23446932494306463
139,layer3,grad_cam_plus_plus,Cardiomegaly,pointing_game,0.0
139,layer3,grad_cam_plus_plus,Cardiomegaly,energy_box,0.06467825174331665
139,layer3,grad_cam_plus_plus,Cardiomegaly,iou,0.06923520565032959
139,layer3,grad_cam_plus_plus,Cardiomegaly,distance,1.3027698456233099
139,layer3,xgrad_cam,Cardiomegaly,pointing_game,0.0
139,layer3,xgrad_cam,Cardiomegaly,energy_box,0.10690850764513016
139,layer3,xgrad_cam,Cardiomegaly,iou,0.09035004675388336
139,layer3,xgrad_cam,Cardiomegaly,distance,0.2434168976171442
139,layer4,grad_cam,Cardiomegaly,pointing_game,0.0
139,layer4,grad_cam,Cardiomegaly,energy_box,0.1573566198348999
139,layer4,grad_cam,Cardiomegaly,iou,0.2301299273967743
139,layer4,grad_cam,Cardiomegaly,distance,0.30755075605791576
139,layer4,grad_cam_plus_plus,Cardiomegaly,pointing_game,0.0
139,layer4,grad_cam_plus_plus,Cardiomegaly,energy_box,0.12575210630893707
139,layer4,grad_cam_plus_plus,Cardiomegaly,iou,0.2957536280155182
139,layer4,grad_cam_plus_plus,Cardiomegaly,distance,0.30633547016840496
139,layer4,xgrad_cam,Cardiomegaly,pointing_game,0.0
139,layer4,xgrad_cam,Cardiomegaly,energy_box,0.1573566198348999
139,layer4,xgrad_cam,Cardiomegaly,iou,0.2301299273967743
139,layer4,xgrad_cam,Cardiomegaly,distance,0.30755075605791576
139,layer3,grad_cam,Pleural thickening,pointing_game,0.0
139,layer3,grad_cam,Pleural thickening,energy_box,0.0
139,layer3,grad_cam,Pleural thickening,iou,0.0
139,layer3,grad_cam,Pleural thickening,distance,3.5388353011539606
139,layer3,grad_cam_plus_plus,Pleural thickening,pointing_game,0.0
139,layer3,grad_cam_plus_plus,Pleural thickening,energy_box,0.003619997063651681
139,layer3,grad_cam_plus_plus,Pleural thickening,iou,0.0
139,layer3,grad_cam_plus_plus,Pleural thickening,distance,5.168504691561982
139,layer3,xgrad_cam,Pleural thickening,pointing_game,0.0
139,layer3,xgrad_cam,Pleural thickening,energy_box,0.0002360863727517426
139,layer3,xgrad_cam,Pleural thickening,iou,0.0
139,layer3,xgrad_cam,Pleural thickening,distance,4.495172948410067
139,layer4,grad_cam,Pleural thickening,pointing_game,0.0
139,layer4,grad_cam,Pleural thickening,energy_box,0.0
139,layer4,grad_cam,Pleural thickening,iou,0.0
139,layer4,grad_cam,Pleural thickening,distance,4.886649459986899
139,layer4,grad_cam_plus_plus,Pleural thickening,pointing_game,0.0
139,layer4,grad_cam_plus_plus,Pleural thickening,energy_box,0.004517162684351206
139,layer4,grad_cam_plus_plus,Pleural thickening,iou,0.0
139,layer4,grad_cam_plus_plus,Pleural thickening,distance,3.2322765266368556
139,layer4,xgrad_cam,Pleural thickening,pointing_game,0.0
139,layer4,xgrad_cam,Pleural thickening,energy_box,0.0
139,layer4,xgrad_cam,Pleural thickening,iou,0.0
139,layer4,xgrad_cam,Pleural thickening,distance,4.886649459986899
140,layer3,grad_cam,No finding,entropy,14.803329467773438
140,layer3,grad_cam,No finding,top_1pct,0.050480734556913376
140,layer3,grad_cam_plus_plus,No finding,entropy,15.575806617736816
140,layer3,grad_cam_plus_plus,No finding,top_1pct,0.019721798598766327
140,layer3,xgrad_cam,No finding,entropy,15.167902946472168
140,layer3,xgrad_cam,No finding,top_1pct,0.04010678455233574
140,layer4,grad_cam,No finding,entropy,15.018980026245117
140,layer4,grad_cam,No finding,top_1pct,0.029188208281993866
140,layer4,grad_cam_plus_plus,No finding,entropy,15.17452621459961
140,layer4,grad_cam_plus_plus,No finding,top_1pct,0.027107683941721916
140,layer4,xgrad_cam,No finding,entropy,15.018980026245117
140,layer4,xgrad_cam,No finding,top_1pct,0.029188208281993866
141,layer3,grad_cam,No finding,entropy,15.302522659301758
141,layer3,grad_cam,No finding,top_1pct,0.04040899872779846
141,layer3,grad_cam_plus_plus,No finding,entropy,15.367000579833984
141,layer3,grad_cam_plus_plus,No finding,top_1pct,0.052323099225759506
141,layer3,xgrad_cam,No finding,entropy,14.816452980041504
141,layer3,xgrad_cam,No finding,top_1pct,0.09414935857057571
141,layer4,grad_cam,No finding,entropy,14.641883850097656
141,layer4,grad_cam,No finding,top_1pct,0.04249950870871544
141,layer4,grad_cam_plus_plus,No finding,entropy,14.854408264160156
141,layer4,grad_cam_plus_plus,No finding,top_1pct,0.039446596056222916
141,layer4,xgrad_cam,No finding,entropy,14.64188289642334
141,layer4,xgrad_cam,No finding,top_1pct,0.04249950498342514
142,layer3,grad_cam,Calcification,pointing_game,0.0
142,layer3,grad_cam,Calcification,energy_box,0.00262377574108541
142,layer3,grad_cam,Calcification,iou,0.0
142,layer3,grad_cam,Calcification,distance,7.254075346724751
142,layer3,grad_cam_plus_plus,Calcification,pointing_game,0.0
142,layer3,grad_cam_plus_plus,Calcification,energy_box,0.0040652016177773476
142,layer3,grad_cam_plus_plus,Calcification,iou,0.004990753717720509
142,layer3,grad_cam_plus_plus,Calcification,distance,2.6479585758267166
142,layer3,xgrad_cam,Calcification,pointing_game,0.0
142,layer3,xgrad_cam,Calcification,energy_box,0.001578550785779953
142,layer3,xgrad_cam,Calcification,iou,0.0
142,layer3,xgrad_cam,Calcification,distance,7.254075346724751
142,layer4,grad_cam,Calcification,pointing_game,0.0
142,layer4,grad_cam,Calcification,energy_box,0.0
142,layer4,grad_cam,Calcification,iou,0.0
142,layer4,grad_cam,Calcification,distance,7.330802562293443
142,layer4,grad_cam_plus_plus,Calcification,pointing_game,0.0
142,layer4,grad_cam_plus_plus,Calcification,energy_box,0.00836893916130066
142,layer4,grad_cam_plus_plus,Calcification,iou,0.02388211339712143
142,layer4,grad_cam_plus_plus,Calcification,distance,2.5725169556613423
142,layer4,xgrad_cam,Calcification,pointing_game,0.0
142,layer4,xgrad_cam,Calcification,energy_box,0.0
142,layer4,xgrad_cam,Calcification,iou,0.0
142,layer4,xgrad_cam,Calcification,distance,7.330802562293443
142,layer3,grad_cam,Nodule/Mass,pointing_game,0.0
142,layer3,grad_cam,Nodule/Mass,energy_box,8.187734783859923e-05
142,layer3,grad_cam,Nodule/Mass,iou,0.0
142,layer3,grad_cam,Nodule/Mass,distance,3.569168207059845
142,layer3,grad_cam_plus_plus,Nodule/Mass,pointing_game,0.0
142,layer3,grad_cam_plus_plus,Nodule/Mass,energy_box,0.02231457829475403
142,layer3,grad_cam_plus_plus,Nodule/Mass,iou,0.025908390060067177
142,layer3,grad_cam_plus_plus,Nodule/Mass,distance,1.7562640244786005
142,layer3,xgrad_cam,Nodule/Mass,pointing_game,0.0
142,layer3,xgrad_cam,Nodule/Mass,energy_box,0.00014635833213105798
142,layer3,xgrad_cam,Nodule/Mass,iou,0.0
142,layer3,xgrad_cam,Nodule/Mass,distance,3.569168207059845
142,layer4,grad_cam,Nodule/Mass,pointing_game,0.0
142,layer4,grad_cam,Nodule/Mass,energy_box,0.0
142,layer4,grad_cam,Nodule/Mass,iou,0.0
142,layer4,grad_cam,Nodule/Mass,distance,2.9184006164669736
142,layer4,grad_cam_plus_plus,Nodule/Mass,pointing_game,0.0
142,layer4,grad_cam_plus_plus,Nodule/Mass,energy_box,0.03434750437736511
142,layer4,grad_cam_plus_plus,Nodule/Mass,iou,0.04820198938250542
142,layer4,grad_cam_plus_plus,Nodule/Mass,distance,1.051757696711999
142,layer4,xgrad_cam,Nodule/Mass,pointing_game,0.0
142,layer4,xgrad_cam,Nodule/Mass,energy_box,0.0
142,layer4,xgrad_cam,Nodule/Mass,iou,0.0
142,layer4,xgrad_cam,Nodule/Mass,distance,2.9184006164669736
143,layer3,grad_cam,No finding,entropy,15.099225997924805
143,layer3,grad_cam,No finding,top_1pct,0.03300875797867775
143,layer3,grad_cam_plus_plus,No finding,entropy,15.58016300201416
143,layer3,grad_cam_plus_plus,No finding,top_1pct,0.019538257271051407
143,layer3,xgrad_cam,No finding,entropy,15.175859451293945
143,layer3,xgrad_cam,No finding,top_1pct,0.03672992065548897
143,layer4,grad_cam,No finding,entropy,14.777081489562988
143,layer4,grad_cam,No finding,top_1pct,0.03347517177462578
143,layer4,grad_cam_plus_plus,No finding,entropy,15.078739166259766
143,layer4,grad_cam_plus_plus,No finding,top_1pct,0.030049730092287064
143,layer4,xgrad_cam,No finding,entropy,14.777082443237305
143,layer4,xgrad_cam,No finding,top_1pct,0.03347517177462578
144,layer3,grad_cam,Pleural effusion,pointing_game,0.0
144,layer3,grad_cam,Pleural effusion,energy_box,1.6509080751347938e-06
144,layer3,grad_cam,Pleural effusion,iou,0.0
144,layer3,grad_cam,Pleural effusion,distance,16.10730294319905
144,layer3,grad_cam_plus_plus,Pleural effusion,pointing_game,0.0
144,layer3,grad_cam_plus_plus,Pleural effusion,energy_box,0.0006506828940473497
144,layer3,grad_cam_plus_plus,Pleural effusion,iou,0.0
144,layer3,grad_cam_plus_plus,Pleural effusion,distance,25.21514179225162
144,layer3,xgrad_cam,Pleural effusion,pointing_game,0.0
144,layer3,xgrad_cam,Pleural effusion,energy_box,0.00024111318634822965
144,layer3,xgrad_cam,Pleural effusion,iou,0.0
144,layer3,xgrad_cam,Pleural effusion,distance,5.26331033118006
144,layer4,grad_cam,Pleural effusion,pointing_game,0.0
144,layer4,grad_cam,Pleural effusion,energy_box,0.0007406110526062548
144,layer4,grad_cam,Pleural effusion,iou,0.0
144,layer4,grad_cam,Pleural effusion,distance,10.508808843022065
144,layer4,grad_cam_plus_plus,Pleural effusion,pointing_game,0.0
144,layer4,grad_cam_plus_plus,Pleural effusion,energy_box,0.0007046008831821382
144,layer4,grad_cam_plus_plus,Pleural effusion,iou,0.0
144,layer4,grad_cam_plus_plus,Pleural effusion,distance,12.503466070389978
144,layer4,xgrad_cam,Pleural effusion,pointing_game,0.0
144,layer4,xgrad_cam,Pleural effusion,energy_box,0.0007406118675135076
144,layer4,xgrad_cam,Pleural effusion,iou,0.0
144,layer4,xgrad_cam,Pleural effusion,distance,10.508808843022065
144,layer3,grad_cam,Pleural thickening,pointing_game,0.0
144,layer3,grad_cam,Pleural thickening,energy_box,0.0
144,layer3,grad_cam,Pleural thickening,iou,0.0
144,layer3,grad_cam,Pleural thickening,distance,6.012169163811757
144,layer3,grad_cam_plus_plus,Pleural thickening,pointing_game,0.0
144,layer3,grad_cam_plus_plus,Pleural thickening,energy_box,0.002433117711916566
144,layer3,grad_cam_plus_plus,Pleural thickening,iou,0.003178142011165619
144,layer3,grad_cam_plus_plus,Pleural thickening,distance,10.329068674118377
144,layer3,xgrad_cam,Pleural thickening,pointing_game,0.0
144,layer3,xgrad_cam,Pleural thickening,energy_box,0.0007791432435624301
144,layer3,xgrad_cam,Pleural thickening,iou,0.0
144,layer3,xgrad_cam,Pleural thickening,distance,4.869707235162943
144,layer4,grad_cam,Pleural thickening,pointing_game,0.0
144,layer4,grad_cam,Pleural thickening,energy_box,0.0025727185420691967
144,layer4,grad_cam,Pleural thickening,iou,0.0
144,layer4,grad_cam,Pleural thickening,distance,4.220428068720237
144,layer4,grad_cam_plus_plus,Pleural thickening,pointing_game,0.0
144,layer4,grad_cam_plus_plus,Pleural thickening,energy_box,0.0018602057825773954
144,layer4,grad_cam_plus_plus,Pleural thickening,iou,0.0
144,layer4,grad_cam_plus_plus,Pleural thickening,distance,5.3667878602860695
144,layer4,xgrad_cam,Pleural thickening,pointing_game,0.0
144,layer4,xgrad_cam,Pleural thickening,energy_box,0.002572719007730484
144,layer4,xgrad_cam,Pleural thickening,iou,0.0
144,layer4,xgrad_cam,Pleural thickening,distance,4.220428068720237
144,layer3,grad_cam,Pulmonary fibrosis,pointing_game,0.0
144,layer3,grad_cam,Pulmonary fibrosis,energy_box,0.001036354573443532
144,layer3,grad_cam,Pulmonary fibrosis,iou,0.0
144,layer3,grad_cam,Pulmonary fibrosis,distance,5.421302828159304
144,layer3,grad_cam_plus_plus,Pulmonary fibrosis,pointing_game,0.0
144,layer3,grad_cam_plus_plus,Pulmonary fibrosis,energy_box,0.0020493243355304003
144,layer3,grad_cam_plus_plus,Pulmonary fibrosis,iou,0.00010370754171162844
144,layer3,grad_cam_plus_plus,Pulmonary fibrosis,distance,9.087452737045988
144,layer3,xgrad_cam,Pulmonary fibrosis,pointing_game,0.0
144,layer3,xgrad_cam,Pulmonary fibrosis,energy_box,0.0004043158842250705
144,layer3,xgrad_cam,Pulmonary fibrosis,iou,0.0
144,layer3,xgrad_cam,Pulmonary fibrosis,distance,2.532414104606516
144,layer4,grad_cam,Pulmonary fibrosis,pointing_game,0.0
144,layer4,grad_cam,Pulmonary fibrosis,energy_box,0.0
144,layer4,grad_cam,Pulmonary fibrosis,iou,0.0
144,layer4,grad_cam,Pulmonary fibrosis,distance,8.44675998727311
144,layer4,grad_cam_plus_plus,Pulmonary fibrosis,pointing_game,0.0
144,layer4,grad_cam_plus_plus,Pulmonary fibrosis,energy_box,0.002215716289356351
144,layer4,grad_cam_plus_plus,Pulmonary fibrosis,iou,0.0
144,layer4,grad_cam_plus_plus,Pulmonary fibrosis,distance,7.120703716548197
144,layer4,xgrad_cam,Pulmonary fibrosis,pointing_game,0.0
144,layer4,xgrad_cam,Pulmonary fibrosis,energy_box,0.0
144,layer4,xgrad_cam,Pulmonary fibrosis,iou,0.0
144,layer4,xgrad_cam,Pulmonary fibrosis,distance,8.44675998727311
145,layer3,grad_cam,Aortic enlargement,pointing_game,0.0
145,layer3,grad_cam,Aortic enlargement,energy_box,0.011753567494452
145,layer3,grad_cam,Aortic enlargement,iou,0.0
145,layer3,grad_cam,Aortic enlargement,distance,3.214590099364616
145,layer3,grad_cam_plus_plus,Aortic enlargement,pointing_game,0.0
145,layer3,grad_cam_plus_plus,Aortic enlargement,energy_box,0.019148077815771103
145,layer3,grad_cam_plus_plus,Aortic enlargement,iou,0.026552174240350723
145,layer3,grad_cam_plus_plus,Aortic enlargement,distance,2.510927140210787
145,layer3,xgrad_cam,Aortic enlargement,pointing_game,0.0
145,layer3,xgrad_cam,Aortic enlargement,energy_box,0.0
145,layer3,xgrad_cam,Aortic enlargement,iou,0.0
145,layer3,xgrad_cam,Aortic enlargement,distance,1.982797552084429
145,layer4,grad_cam,Aortic enlargement,pointing_game,0.0
145,layer4,grad_cam,Aortic enlargement,energy_box,0.001962363952770829
145,layer4,grad_cam,Aortic enlargement,iou,0.0
145,layer4,grad_cam,Aortic enlargement,distance,2.002441670666806
145,layer4,grad_cam_plus_plus,Aortic enlargement,pointing_game,0.0
145,layer4,grad_cam_plus_plus,Aortic enlargement,energy_box,0.027182096615433693
145,layer4,grad_cam_plus_plus,Aortic enlargement,iou,0.05844338238239288
145,layer4,grad_cam_plus_plus,Aortic enlargement,distance,1.4928873030792738
145,layer4,xgrad_cam,Aortic enlargement,pointing_game,0.0
145,layer4,xgrad_cam,Aortic enlargement,energy_box,0.001962362788617611
145,layer4,xgrad_cam,Aortic enlargement,iou,0.0
145,layer4,xgrad_cam,Aortic enlargement,distance,2.002441670666806
145,layer3,grad_cam,Cardiomegaly,pointing_game,0.0
145,layer3,grad_cam,Cardiomegaly,energy_box,0.0563274547457695
145,layer3,grad_cam,Cardiomegaly,iou,0.06332313269376755
145,layer3,grad_cam,Cardiomegaly,distance,0.6719757602391995
145,layer3,grad_cam_plus_plus,Cardiomegaly,pointing_game,0.0
145,layer3,grad_cam_plus_plus,Cardiomegaly,energy_box,0.0510827973484993
145,layer3,grad_cam_plus_plus,Cardiomegaly,iou,0.04868272319436073
145,layer3,grad_cam_plus_plus,Cardiomegaly,distance,1.2592791772997123
145,layer3,xgrad_cam,Cardiomegaly,pointing_game,0.0
145,layer3,xgrad_cam,Cardiomegaly,energy_box,0.045935723930597305
145,layer3,xgrad_cam,Cardiomegaly,iou,0.014124293811619282
145,layer3,xgrad_cam,Cardiomegaly,distance,1.4991902828503325
145,layer4,grad_cam,Cardiomegaly,pointing_game,0.0
145,layer4,grad_cam,Cardiomegaly,energy_box,0.04593893885612488
145,layer4,grad_cam,Cardiomegaly,iou,0.0
145,layer4,grad_cam,Cardiomegaly,distance,0.8426214874428637
145,layer4,grad_cam_plus_plus,Cardiomegaly,pointing_game,0.0
145,layer4,grad_cam_plus_plus,Cardiomegaly,energy_box,0.10134047269821167
145,layer4,grad_cam_plus_plus,Cardiomegaly,iou,0.1865062713623047
145,layer4,grad_cam_plus_plus,Cardiomegaly,distance,0.2775868142591906
145,layer4,xgrad_cam,Cardiomegaly,pointing_game,0.0
145,layer4,xgrad_cam,Cardiomegaly,energy_box,0.04593892768025398
145,layer4,xgrad_cam,Cardiomegaly,iou,0.0
145,layer4,xgrad_cam,Cardiomegaly,distance,0.8426214874428637
146,layer3,grad_cam,No finding,entropy,14.809412002563477
146,layer3,grad_cam,No finding,top_1pct,0.04763953760266304
146,layer3,grad_cam_plus_plus,No finding,entropy,15.586999893188477
146,layer3,grad_cam_plus_plus,No finding,top_1pct,0.017188409343361855
146,layer3,xgrad_cam,No finding,entropy,15.096338272094727
146,layer3,xgrad_cam,No finding,top_1pct,0.040472596883773804
146,layer4,grad_cam,No finding,entropy,14.919185638427734
146,layer4,grad_cam,No finding,top_1pct,0.0362342931330204
146,layer4,grad_cam_plus_plus,No finding,entropy,15.118583679199219
146,layer4,grad_cam_plus_plus,No finding,top_1pct,0.03249957785010338
146,layer4,xgrad_cam,No finding,entropy,14.919187545776367
146,layer4,xgrad_cam,No finding,top_1pct,0.0362342931330204
147,layer3,grad_cam,No finding,entropy,14.682588577270508
147,layer3,grad_cam,No finding,top_1pct,0.06711902469396591
147,layer3,grad_cam_plus_plus,No finding,entropy,15.582890510559082
147,layer3,grad_cam_plus_plus,No finding,top_1pct,0.016462981700897217
147,layer3,xgrad_cam,No finding,entropy,14.801392555236816
147,layer3,xgrad_cam,No finding,top_1pct,0.06628243625164032
147,layer4,grad_cam,No finding,entropy,14.323885917663574
147,layer4,grad_cam,No finding,top_1pct,0.054958708584308624
147,layer4,grad_cam_plus_plus,No finding,entropy,14.92831802368164
147,layer4,grad_cam_plus_plus,No finding,top_1pct,0.039307624101638794
147,layer4,xgrad_cam,No finding,entropy,14.32388687133789
147,layer4,xgrad_cam,No finding,top_1pct,0.05495871230959892
148,layer3,grad_cam,No finding,entropy,14.957486152648926
148,layer3,grad_cam,No finding,top_1pct,0.03722609207034111
148,layer3,grad_cam_plus_plus,No finding,entropy,15.577482223510742
148,layer3,grad_cam_plus_plus,No finding,top_1pct,0.020072629675269127
148,layer3,xgrad_cam,No finding,entropy,15.102080345153809
148,layer3,xgrad_cam,No finding,top_1pct,0.0315357968211174
148,layer4,grad_cam,No finding,entropy,14.565274238586426
148,layer4,grad_cam,No finding,top_1pct,0.044220536947250366
148,layer4,grad_cam_plus_plus,No finding,entropy,15.029313087463379
148,layer4,grad_cam_plus_plus,No finding,top_1pct,0.03702984005212784
148,layer4,xgrad_cam,No finding,entropy,14.565275192260742
148,layer4,xgrad_cam,No finding,top_1pct,0.044220536947250366
149,layer3,grad_cam,No finding,entropy,14.84921646118164
149,layer3,grad_cam,No finding,top_1pct,0.04833238199353218
149,layer3,grad_cam_plus_plus,No finding,entropy,15.52756118774414
149,layer3,grad_cam_plus_plus,No finding,top_1pct,0.03139389678835869
149,layer3,xgrad_cam,No finding,entropy,15.245882987976074
149,layer3,xgrad_cam,No finding,top_1pct,0.04091750457882881
149,layer4,grad_cam,No finding,entropy,14.747507095336914
149,layer4,grad_cam,No finding,top_1pct,0.038304246962070465
149,layer4,grad_cam_plus_plus,No finding,entropy,15.00002384185791
149,layer4,grad_cam_plus_plus,No finding,top_1pct,0.03519062325358391
149,layer4,xgrad_cam,No finding,entropy,14.747506141662598
149,layer4,xgrad_cam,No finding,top_1pct,0.03830424323678017
150,layer3,grad_cam,Aortic enlargement,pointing_game,0.0
150,layer3,grad_cam,Aortic enlargement,energy_box,0.06326057761907578
150,layer3,grad_cam,Aortic enlargement,iou,0.10460489243268967
150,layer3,grad_cam,Aortic enlargement,distance,4.662617784875018
150,layer3,grad_cam_plus_plus,Aortic enlargement,pointing_game,0.0
150,layer3,grad_cam_plus_plus,Aortic enlargement,energy_box,0.015737513080239296
150,layer3,grad_cam_plus_plus,Aortic enlargement,iou,0.018002813681960106
150,layer3,grad_cam_plus_plus,Aortic enlargement,distance,3.906544857655746
150,layer3,xgrad_cam,Aortic enlargement,pointing_game,0.0
150,layer3,xgrad_cam,Aortic enlargement,energy_box,0.065732441842556
150,layer3,xgrad_cam,Aortic enlargement,iou,0.11056645214557648
150,layer3,xgrad_cam,Aortic enlargement,distance,4.662617784875018
150,layer4,grad_cam,Aortic enlargement,pointing_game,0.0
150,layer4,grad_cam,Aortic enlargement,energy_box,0.020951179787516594
150,layer4,grad_cam,Aortic enlargement,iou,0.04247509315609932
150,layer4,grad_cam,Aortic enlargement,distance,0.8247605211464605
150,layer4,grad_cam_plus_plus,Aortic enlargement,pointing_game,0.0
150,layer4,grad_cam_plus_plus,Aortic enlargement,energy_box,0.022340623661875725
150,layer4,grad_cam_plus_plus,Aortic enlargement,iou,0.07218921929597855
150,layer4,grad_cam_plus_plus,Aortic enlargement,distance,0.8182901043776721
150,layer4,xgrad_cam,Aortic enlargement,pointing_game,0.0
150,layer4,xgrad_cam,Aortic enlargement,energy_box,0.020951176062226295
150,layer4,xgrad_cam,Aortic enlargement,iou,0.04247509315609932
150,layer4,xgrad_cam,Aortic enlargement,distance,0.8247605211464605
150,layer3,grad_cam,Cardiomegaly,pointing_game,1.0
150,layer3,grad_cam,Cardiomegaly,energy_box,0.20209655165672302
150,layer3,grad_cam,Cardiomegaly,iou,0.2849462330341339
150,layer3,grad_cam,Cardiomegaly,distance,0.12979349475904184
150,layer3,grad_cam_plus_plus,Cardiomegaly,pointing_game,0.0
150,layer3,grad_cam_plus_plus,Cardiomegaly,energy_box,0.0598098486661911
150,layer3,grad_cam_plus_plus,Cardiomegaly,iou,0.06075216829776764
150,layer3,grad_cam_plus_plus,Cardiomegaly,distance,1.151805204129497
150,layer3,xgrad_cam,Cardiomegaly,pointing_game,1.0
150,layer3,xgrad_cam,Cardiomegaly,energy_box,0.14105761051177979
150,layer3,xgrad_cam,Cardiomegaly,iou,0.2562747597694397
150,layer3,xgrad_cam,Cardiomegaly,distance,0.12979349475904184
150,layer4,grad_cam,Cardiomegaly,pointing_game,0.0
150,layer4,grad_cam,Cardiomegaly,energy_box,0.1594102680683136
150,layer4,grad_cam,Cardiomegaly,iou,0.32300105690956116
150,layer4,grad_cam,Cardiomegaly,distance,0.1820173693431705
150,layer4,grad_cam_plus_plus,Cardiomegaly,pointing_game,0.0
150,layer4,grad_cam_plus_plus,Cardiomegaly,energy_box,0.13647648692131042
150,layer4,grad_cam_plus_plus,Cardiomegaly,iou,0.3313947021961212
150,layer4,grad_cam_plus_plus,Cardiomegaly,distance,0.1820173693431705
150,layer4,xgrad_cam,Cardiomegaly,pointing_game,0.0
150,layer4,xgrad_cam,Cardiomegaly,energy_box,0.1594102382659912
150,layer4,xgrad_cam,Cardiomegaly,iou,0.32300105690956116
150,layer4,xgrad_cam,Cardiomegaly,distance,0.1820173693431705
150,layer3,grad_cam,Pleural thickening,pointing_game,0.0
150,layer3,grad_cam,Pleural thickening,energy_box,0.02225843444466591
150,layer3,grad_cam,Pleural thickening,iou,0.0
150,layer3,grad_cam,Pleural thickening,distance,3.4872719226561952
150,layer3,grad_cam_plus_plus,Pleural thickening,pointing_game,0.0
150,layer3,grad_cam_plus_plus,Pleural thickening,energy_box,0.009999112226068974
150,layer3,grad_cam_plus_plus,Pleural thickening,iou,0.0
150,layer3,grad_cam_plus_plus,Pleural thickening,distance,3.8769254810341782
150,layer3,xgrad_cam,Pleural thickening,pointing_game,0.0
150,layer3,xgrad_cam,Pleural thickening,energy_box,0.02320718765258789
150,layer3,xgrad_cam,Pleural thickening,iou,0.004766444209963083
150,layer3,xgrad_cam,Pleural thickening,distance,3.4872719226561952
150,layer4,grad_cam,Pleural thickening,pointing_game,0.0
150,layer4,grad_cam,Pleural thickening,energy_box,0.00037662862450815737
150,layer4,grad_cam,Pleural thickening,iou,0.0
150,layer4,grad_cam,Pleural thickening,distance,2.006513792573534
150,layer4,grad_cam_plus_plus,Pleural thickening,pointing_game,0.0
150,layer4,grad_cam_plus_plus,Pleural thickening,energy_box,0.011508848518133163
150,layer4,grad_cam_plus_plus,Pleural thickening,iou,0.0
150,layer4,grad_cam_plus_plus,Pleural thickening,distance,4.260082995257729
150,layer4,xgrad_cam,Pleural thickening,pointing_game,0.0
150,layer4,xgrad_cam,Pleural thickening,energy_box,0.0003766304871533066
150,layer4,xgrad_cam,Pleural thickening,iou,0.0
150,layer4,xgrad_cam,Pleural thickening,distance,2.006513792573534
151,layer3,grad_cam,No finding,entropy,15.044181823730469
151,layer3,grad_cam,No finding,top_1pct,0.03343455493450165
151,layer3,grad_cam_plus_plus,No finding,entropy,15.581486701965332
151,layer3,grad_cam_plus_plus,No finding,top_1pct,0.01694052666425705
151,layer3,xgrad_cam,No finding,entropy,15.201977729797363
151,layer3,xgrad_cam,No finding,top_1pct,0.036936137825250626
151,layer4,grad_cam,No finding,entropy,14.320788383483887
151,layer4,grad_cam,No finding,top_1pct,0.05562640726566315
151,layer4,grad_cam_plus_plus,No finding,entropy,14.780723571777344
151,layer4,grad_cam_plus_plus,No finding,top_1pct,0.04590219631791115
151,layer4,xgrad_cam,No finding,entropy,14.32078742980957
151,layer4,xgrad_cam,No finding,top_1pct,0.055626410990953445
152,layer3,grad_cam,No finding,entropy,14.90192699432373
152,layer3,grad_cam,No finding,top_1pct,0.043338339775800705
152,layer3,grad_cam_plus_plus,No finding,entropy,15.584487915039062
152,layer3,grad_cam_plus_plus,No finding,top_1pct,0.016072135418653488
152,layer3,xgrad_cam,No finding,entropy,15.035163879394531
152,layer3,xgrad_cam,No finding,top_1pct,0.04897810146212578
152,layer4,grad_cam,No finding,entropy,14.654417991638184
152,layer4,grad_cam,No finding,top_1pct,0.04438915103673935
152,layer4,grad_cam_plus_plus,No finding,entropy,15.014616012573242
152,layer4,grad_cam_plus_plus,No finding,top_1pct,0.03733498975634575
152,layer4,xgrad_cam,No finding,entropy,14.654417037963867
152,layer4,xgrad_cam,No finding,top_1pct,0.04438914731144905
153,layer3,grad_cam,No finding,entropy,14.908540725708008
153,layer3,grad_cam,No finding,top_1pct,0.03651241213083267
153,layer3,grad_cam_plus_plus,No finding,entropy,15.586633682250977
153,layer3,grad_cam_plus_plus,No finding,top_1pct,0.01761685684323311
153,layer3,xgrad_cam,No finding,entropy,15.207826614379883
153,layer3,xgrad_cam,No finding,top_1pct,0.033098332583904266
153,layer4,grad_cam,No finding,entropy,14.65293025970459
153,layer4,grad_cam,No finding,top_1pct,0.04535524174571037
153,layer4,grad_cam_plus_plus,No finding,entropy,15.068408966064453
153,layer4,grad_cam_plus_plus,No finding,top_1pct,0.037815116345882416
153,layer4,xgrad_cam,No finding,entropy,14.652929306030273
153,layer4,xgrad_cam,No finding,top_1pct,0.045355238020420074
154,layer3,grad_cam,Aortic enlargement,pointing_game,0.0
154,layer3,grad_cam,Aortic enlargement,energy_box,0.008204655721783638
154,layer3,grad_cam,Aortic enlargement,iou,0.0
154,layer3,grad_cam,Aortic enlargement,distance,2.0792553814360506
154,layer3,grad_cam_plus_plus,Aortic enlargement,pointing_game,0.0
154,layer3,grad_cam_plus_plus,Aortic enlargement,energy_box,0.010237197391688824
154,layer3,grad_cam_plus_plus,Aortic enlargement,iou,0.0066100419498980045
154,layer3,grad_cam_plus_plus,Aortic enlargement,distance,5.53095637071805
154,layer3,xgrad_cam,Aortic enlargement,pointing_game,0.0
154,layer3,xgrad_cam,Aortic enlargement,energy_box,0.007761887740343809
154,layer3,xgrad_cam,Aortic enlargement,iou,0.0
154,layer3,xgrad_cam,Aortic enlargement,distance,2.0792553814360506
154,layer4,grad_cam,Aortic enlargement,pointing_game,0.0
154,layer4,grad_cam,Aortic enlargement,energy_box,0.025498151779174805
154,layer4,grad_cam,Aortic enlargement,iou,0.04741807281970978
154,layer4,grad_cam,Aortic enlargement,distance,0.8039038736890107
154,layer4,grad_cam_plus_plus,Aortic enlargement,pointing_game,0.0
154,layer4,grad_cam_plus_plus,Aortic enlargement,energy_box,0.01935524493455887
154,layer4,grad_cam_plus_plus,Aortic enlargement,iou,0.04667302966117859
154,layer4,grad_cam_plus_plus,Aortic enlargement,distance,1.6194923742121892
154,layer4,xgrad_cam,Aortic enlargement,pointing_game,0.0
154,layer4,xgrad_cam,Aortic enlargement,energy_box,0.025498151779174805
154,layer4,xgrad_cam,Aortic enlargement,iou,0.04741807281970978
154,layer4,xgrad_cam,Aortic enlargement,distance,0.8039038736890107
154,layer3,grad_cam,Cardiomegaly,pointing_game,0.0
154,layer3,grad_cam,Cardiomegaly,energy_box,0.01628889888525009
154,layer3,grad_cam,Cardiomegaly,iou,0.0
154,layer3,grad_cam,Cardiomegaly,distance,0.7834805760411078
154,layer3,grad_cam_plus_plus,Cardiomegaly,pointing_game,0.0
154,layer3,grad_cam_plus_plus,Cardiomegaly,energy_box,0.03666656091809273
154,layer3,grad_cam_plus_plus,Cardiomegaly,iou,0.028359955176711082
154,layer3,grad_cam_plus_plus,Cardiomegaly,distance,1.636957349284657
154,layer3,xgrad_cam,Cardiomegaly,pointing_game,0.0
154,layer3,xgrad_cam,Cardiomegaly,energy_box,0.012286246754229069
154,layer3,xgrad_cam,Cardiomegaly,iou,0.0
154,layer3,xgrad_cam,Cardiomegaly,distance,0.7834805760411078
154,layer4,grad_cam,Cardiomegaly,pointing_game,0.0
154,layer4,grad_cam,Cardiomegaly,energy_box,0.02121000364422798
154,layer4,grad_cam,Cardiomegaly,iou,0.006586906965821981
154,layer4,grad_cam,Cardiomegaly,distance,0.7632804119822811
154,layer4,grad_cam_plus_plus,Cardiomegaly,pointing_game,0.0
154,layer4,grad_cam_plus_plus,Cardiomegaly,energy_box,0.07872934639453888
154,layer4,grad_cam_plus_plus,Cardiomegaly,iou,0.13418033719062805
154,layer4,grad_cam_plus_plus,Cardiomegaly,distance,0.4483367204832216
154,layer4,xgrad_cam,Cardiomegaly,pointing_game,0.0
154,layer4,xgrad_cam,Cardiomegaly,energy_box,0.02121000364422798
154,layer4,xgrad_cam,Cardiomegaly,iou,0.006586906965821981
154,layer4,xgrad_cam,Cardiomegaly,distance,0.7632804119822811
154,layer3,grad_cam,Pleural thickening,pointing_game,0.0
154,layer3,grad_cam,Pleural thickening,energy_box,1.433293391528423e-06
154,layer3,grad_cam,Pleural thickening,iou,0.0
154,layer3,grad_cam,Pleural thickening,distance,3.6075043962722773
154,layer3,grad_cam_plus_plus,Pleural thickening,pointing_game,0.0
154,layer3,grad_cam_plus_plus,Pleural thickening,energy_box,0.001423884998075664
154,layer3,grad_cam_plus_plus,Pleural thickening,iou,0.0018458812264725566
154,layer3,grad_cam_plus_plus,Pleural thickening,distance,12.07883766091318
154,layer3,xgrad_cam,Pleural thickening,pointing_game,0.0
154,layer3,xgrad_cam,Pleural thickening,energy_box,4.114003968425095e-05
154,layer3,xgrad_cam,Pleural thickening,iou,0.0
154,layer3,xgrad_cam,Pleural thickening,distance,6.607599086394242
154,layer4,grad_cam,Pleural thickening,pointing_game,0.0
154,layer4,grad_cam,Pleural thickening,energy_box,0.0
154,layer4,grad_cam,Pleural thickening,iou,0.0
154,layer4,grad_cam,Pleural thickening,distance,7.239342455417379
154,layer4,grad_cam_plus_plus,Pleural thickening,pointing_game,0.0
154,layer4,grad_cam_plus_plus,Pleural thickening,energy_box,0.0006981034530326724
154,layer4,grad_cam_plus_plus,Pleural thickening,iou,0.0
154,layer4,grad_cam_plus_plus,Pleural thickening,distance,5.2495657393830095
154,layer4,xgrad_cam,Pleural thickening,pointing_game,0.0
154,layer4,xgrad_cam,Pleural thickening,energy_box,0.0
154,layer4,xgrad_cam,Pleural thickening,iou,0.0
154,layer4,xgrad_cam,Pleural thickening,distance,7.239342455417379
155,layer3,grad_cam,No finding,entropy,14.653371810913086
155,layer3,grad_cam,No finding,top_1pct,0.06052691861987114
155,layer3,grad_cam_plus_plus,No finding,entropy,15.586343765258789
155,layer3,grad_cam_plus_plus,No finding,top_1pct,0.0164057407528162
155,layer3,xgrad_cam,No finding,entropy,15.138477325439453
155,layer3,xgrad_cam,No finding,top_1pct,0.04406245797872543
155,layer4,grad_cam,No finding,entropy,14.615640640258789
155,layer4,grad_cam,No finding,top_1pct,0.04336366429924965
155,layer4,grad_cam_plus_plus,No finding,entropy,14.975618362426758
155,layer4,grad_cam_plus_plus,No finding,top_1pct,0.03821682929992676
155,layer4,xgrad_cam,No finding,entropy,14.615640640258789
155,layer4,xgrad_cam,No finding,top_1pct,0.04336366802453995
156,layer3,grad_cam,No finding,entropy,15.115917205810547
156,layer3,grad_cam,No finding,top_1pct,0.040370941162109375
156,layer3,grad_cam_plus_plus,No finding,entropy,15.582759857177734
156,layer3,grad_cam_plus_plus,No finding,top_1pct,0.020677311345934868
156,layer3,xgrad_cam,No finding,entropy,15.243122100830078
156,layer3,xgrad_cam,No finding,top_1pct,0.03620987385511398
156,layer4,grad_cam,No finding,entropy,14.922699928283691
156,layer4,grad_cam,No finding,top_1pct,0.031858041882514954
156,layer4,grad_cam_plus_plus,No finding,entropy,15.109084129333496
156,layer4,grad_cam_plus_plus,No finding,top_1pct,0.02986033447086811
156,layer4,xgrad_cam,No finding,entropy,14.922700881958008
156,layer4,xgrad_cam,No finding,top_1pct,0.031858041882514954
157,layer3,grad_cam,No finding,entropy,15.056767463684082
157,layer3,grad_cam,No finding,top_1pct,0.03938237205147743
157,layer3,grad_cam_plus_plus,No finding,entropy,15.58848762512207
157,layer3,grad_cam_plus_plus,No finding,top_1pct,0.016239237040281296
157,layer3,xgrad_cam,No finding,entropy,14.920781135559082
157,layer3,xgrad_cam,No finding,top_1pct,0.04761005938053131
157,layer4,grad_cam,No finding,entropy,14.220842361450195
157,layer4,grad_cam,No finding,top_1pct,0.0586753748357296
157,layer4,grad_cam_plus_plus,No finding,entropy,14.912830352783203
157,layer4,grad_cam_plus_plus,No finding,top_1pct,0.042112648487091064
157,layer4,xgrad_cam,No finding,entropy,14.220844268798828
157,layer4,xgrad_cam,No finding,top_1pct,0.058675382286310196
158,layer3,grad_cam,No finding,entropy,14.87625503540039
158,layer3,grad_cam,No finding,top_1pct,0.036332082003355026
158,layer3,grad_cam_plus_plus,No finding,entropy,15.585199356079102
158,layer3,grad_cam_plus_plus,No finding,top_1pct,0.01617571711540222
158,layer3,xgrad_cam,No finding,entropy,14.734315872192383
158,layer3,xgrad_cam,No finding,top_1pct,0.04543670266866684
158,layer4,grad_cam,No finding,entropy,14.15921688079834
158,layer4,grad_cam,No finding,top_1pct,0.05756830796599388
158,layer4,grad_cam_plus_plus,No finding,entropy,14.987290382385254
158,layer4,grad_cam_plus_plus,No finding,top_1pct,0.04033096507191658
158,layer4,xgrad_cam,No finding,entropy,14.159215927124023
158,layer4,xgrad_cam,No finding,top_1pct,0.05756830796599388
159,layer3,grad_cam,Cardiomegaly,pointing_game,1.0
159,layer3,grad_cam,Cardiomegaly,energy_box,0.20972618460655212
159,layer3,grad_cam,Cardiomegaly,iou,0.20944112539291382
159,layer3,grad_cam,Cardiomegaly,distance,0.15445876470277123
159,layer3,grad_cam_plus_plus,Cardiomegaly,pointing_game,0.0
159,layer3,grad_cam_plus_plus,Cardiomegaly,energy_box,0.11127018183469772
159,layer3,grad_cam_plus_plus,Cardiomegaly,iou,0.1033034697175026
159,layer3,grad_cam_plus_plus,Cardiomegaly,distance,0.9179848308545878
159,layer3,xgrad_cam,Cardiomegaly,pointing_game,1.0
159,layer3,xgrad_cam,Cardiomegaly,energy_box,0.2308684140443802
159,layer3,xgrad_cam,Cardiomegaly,iou,0.187569722533226
159,layer3,xgrad_cam,Cardiomegaly,distance,0.15445876470277123
159,layer4,grad_cam,Cardiomegaly,pointing_game,1.0
159,layer4,grad_cam,Cardiomegaly,energy_box,0.3879843056201935
159,layer4,grad_cam,Cardiomegaly,iou,0.40745070576667786
159,layer4,grad_cam,Cardiomegaly,distance,0.08404961468018232
159,layer4,grad_cam_plus_plus,Cardiomegaly,pointing_game,0.0
159,layer4,grad_cam_plus_plus,Cardiomegaly,energy_box,0.17464616894721985
159,layer4,grad_cam_plus_plus,Cardiomegaly,iou,0.22123955190181732
159,layer4,grad_cam_plus_plus,Cardiomegaly,distance,0.293473913917734
159,layer4,xgrad_cam,Cardiomegaly,pointing_game,1.0
159,layer4,xgrad_cam,Cardiomegaly,energy_box,0.38798433542251587
159,layer4,xgrad_cam,Cardiomegaly,iou,0.40745070576667786
159,layer4,xgrad_cam,Cardiomegaly,distance,0.08404961468018232
159,layer3,grad_cam,Consolidation,pointing_game,0.0
159,layer3,grad_cam,Consolidation,energy_box,0.11135711520910263
159,layer3,grad_cam,Consolidation,iou,0.10162794589996338
159,layer3,grad_cam,Consolidation,distance,0.4548947676860187
159,layer3,grad_cam_plus_plus,Consolidation,pointing_game,0.0
159,layer3,grad_cam_plus_plus,Consolidation,energy_box,0.07203497737646103
159,layer3,grad_cam_plus_plus,Consolidation,iou,0.08100306987762451
159,layer3,grad_cam_plus_plus,Consolidation,distance,1.0883346921901182
159,layer3,xgrad_cam,Consolidation,pointing_game,0.0
159,layer3,xgrad_cam,Consolidation,energy_box,0.12578868865966797
159,layer3,xgrad_cam,Consolidation,iou,0.09806405007839203
159,layer3,xgrad_cam,Consolidation,distance,0.4548947676860187
159,layer4,grad_cam,Consolidation,pointing_game,0.0
159,layer4,grad_cam,Consolidation,energy_box,0.0
159,layer4,grad_cam,Consolidation,iou,0.0
159,layer4,grad_cam,Consolidation,distance,2.266399938415372
159,layer4,grad_cam_plus_plus,Consolidation,pointing_game,0.0
159,layer4,grad_cam_plus_plus,Consolidation,energy_box,0.04649743810296059
159,layer4,grad_cam_plus_plus,Consolidation,iou,0.0
159,layer4,grad_cam_plus_plus,Consolidation,distance,1.3270614438076722
159,layer4,xgrad_cam,Consolidation,pointing_game,0.0
159,layer4,xgrad_cam,Consolidation,energy_box,0.0
159,layer4,xgrad_cam,Consolidation,iou,0.0
159,layer4,xgrad_cam,Consolidation,distance,2.266399938415372
159,layer3,grad_cam,ILD,pointing_game,0.0
159,layer3,grad_cam,ILD,energy_box,0.28385940194129944
159,layer3,grad_cam,ILD,iou,0.11430330574512482
159,layer3,grad_cam,ILD,distance,0.44881679806981634
159,layer3,grad_cam_plus_plus,ILD,pointing_game,0.0
159,layer3,grad_cam_plus_plus,ILD,energy_box,0.2895852029323578
159,layer3,grad_cam_plus_plus,ILD,iou,0.22246640920639038
159,layer3,grad_cam_plus_plus,ILD,distance,0.7016019353881784
159,layer3,xgrad_cam,ILD,pointing_game,0.0
159,layer3,xgrad_cam,ILD,energy_box,0.31118229031562805
159,layer3,xgrad_cam,ILD,iou,0.033022016286849976
159,layer3,xgrad_cam,ILD,distance,0.45490449187605475
159,layer4,grad_cam,ILD,pointing_game,0.0
159,layer4,grad_cam,ILD,energy_box,0.5211490392684937
159,layer4,grad_cam,ILD,iou,0.022798553109169006
159,layer4,grad_cam,ILD,distance,0.41623549594584514
159,layer4,grad_cam_plus_plus,ILD,pointing_game,1.0
159,layer4,grad_cam_plus_plus,ILD,energy_box,0.49462154507637024
159,layer4,grad_cam_plus_plus,ILD,iou,0.3252184987068176
159,layer4,grad_cam_plus_plus,ILD,distance,0.17549883888796522
159,layer4,xgrad_cam,ILD,pointing_game,0.0
159,layer4,xgrad_cam,ILD,energy_box,0.5211488604545593
159,layer4,xgrad_cam,ILD,iou,0.022798553109169006
159,layer4,xgrad_cam,ILD,distance,0.41623549594584514
159,layer3,grad_cam,Pulmonary fibrosis,pointing_game,0.0
159,layer3,grad_cam,Pulmonary fibrosis,energy_box,0.09066758304834366
159,layer3,grad_cam,Pulmonary fibrosis,iou,0.012279568240046501
159,layer3,grad_cam,Pulmonary fibrosis,distance,0.886315022540124
159,layer3,grad_cam_plus_plus,Pulmonary fibrosis,pointing_game,0.0
159,layer3,grad_cam_plus_plus,Pulmonary fibrosis,energy_box,0.10315687209367752
159,layer3,grad_cam_plus_plus,Pulmonary fibrosis,iou,0.08969207108020782
159,layer3,grad_cam_plus_plus,Pulmonary fibrosis,distance,0.915656605937643
159,layer3,xgrad_cam,Pulmonary fibrosis,pointing_game,0.0
159,layer3,xgrad_cam,Pulmonary fibrosis,energy_box,0.03958544507622719
159,layer3,xgrad_cam,Pulmonary fibrosis,iou,0.0
159,layer3,xgrad_cam,Pulmonary fibrosis,distance,1.6531373012887975
159,layer4,grad_cam,Pulmonary fibrosis,pointing_game,0.0
159,layer4,grad_cam,Pulmonary fibrosis,energy_box,0.08055812120437622
159,layer4,grad_cam,Pulmonary fibrosis,iou,0.0
159,layer4,grad_cam,Pulmonary fibrosis,distance,1.6868530844954444
159,layer4,grad_cam_plus_plus,Pulmonary fibrosis,pointing_game,0.0
159,layer4,grad_cam_plus_plus,Pulmonary fibrosis,energy_box,0.056584350764751434
159,layer4,grad_cam_plus_plus,Pulmonary fibrosis,iou,0.0003965631185565144
159,layer4,grad_cam_plus_plus,Pulmonary fibrosis,distance,0.8637342061127038
159,layer4,xgrad_cam,Pulmonary fibrosis,pointing_game,0.0
159,layer4,xgrad_cam,Pulmonary fibrosis,energy_box,0.08055809885263443
159,layer4,xgrad_cam,Pulmonary fibrosis,iou,0.0
159,layer4,xgrad_cam,Pulmonary fibrosis,distance,1.6868530844954444
160,layer3,grad_cam,No finding,entropy,14.705013275146484
160,layer3,grad_cam,No finding,top_1pct,0.06377065926790237
160,layer3,grad_cam_plus_plus,No finding,entropy,15.58181095123291
160,layer3,grad_cam_plus_plus,No finding,top_1pct,0.018452050164341927
160,layer3,xgrad_cam,No finding,entropy,15.038424491882324
160,layer3,xgrad_cam,No finding,top_1pct,0.03974757343530655
160,layer4,grad_cam,No finding,entropy,14.712098121643066
160,layer4,grad_cam,No finding,top_1pct,0.04114682227373123
160,layer4,grad_cam_plus_plus,No finding,entropy,14.99213981628418
160,layer4,grad_cam_plus_plus,No finding,top_1pct,0.035638533532619476
160,layer4,xgrad_cam,No finding,entropy,14.71209716796875
160,layer4,xgrad_cam,No finding,top_1pct,0.04114682227373123
161,layer3,grad_cam,No finding,entropy,14.560999870300293
161,layer3,grad_cam,No finding,top_1pct,0.06881552189588547
161,layer3,grad_cam_plus_plus,No finding,entropy,15.574786186218262
161,layer3,grad_cam_plus_plus,No finding,top_1pct,0.024670185521245003
161,layer3,xgrad_cam,No finding,entropy,15.144780158996582
161,layer3,xgrad_cam,No finding,top_1pct,0.06115057319402695
161,layer4,grad_cam,No finding,entropy,14.795087814331055
161,layer4,grad_cam,No finding,top_1pct,0.04159946367144585
161,layer4,grad_cam_plus_plus,No finding,entropy,15.028240203857422
161,layer4,grad_cam_plus_plus,No finding,top_1pct,0.03631213307380676
161,layer4,xgrad_cam,No finding,entropy,14.795087814331055
161,layer4,xgrad_cam,No finding,top_1pct,0.04159945994615555
162,layer3,grad_cam,Aortic enlargement,pointing_game,0.0
162,layer3,grad_cam,Aortic enlargement,energy_box,0.08063437789678574
162,layer3,grad_cam,Aortic enlargement,iou,0.04991394281387329
162,layer3,grad_cam,Aortic enlargement,distance,2.298903194350904
162,layer3,grad_cam_plus_plus,Aortic enlargement,pointing_game,0.0
162,layer3,grad_cam_plus_plus,Aortic enlargement,energy_box,0.017583929002285004
162,layer3,grad_cam_plus_plus,Aortic enlargement,iou,0.03476553037762642
162,layer3,grad_cam_plus_plus,Aortic enlargement,distance,1.014274443996797
162,layer3,xgrad_cam,Aortic enlargement,pointing_game,0.0
162,layer3,xgrad_cam,Aortic enlargement,energy_box,0.06963258236646652
162,layer3,xgrad_cam,Aortic enlargement,iou,0.00713501637801528
162,layer3,xgrad_cam,Aortic enlargement,distance,2.318781472125699
162,layer4,grad_cam,Aortic enlargement,pointing_game,0.0
162,layer4,grad_cam,Aortic enlargement,energy_box,0.038303788751363754
162,layer4,grad_cam,Aortic enlargement,iou,0.07905497401952744
162,layer4,grad_cam,Aortic enlargement,distance,0.5013677564441212
162,layer4,grad_cam_plus_plus,Aortic enlargement,pointing_game,0.0
162,layer4,grad_cam_plus_plus,Aortic enlargement,energy_box,0.023368295282125473
162,layer4,grad_cam_plus_plus,Aortic enlargement,iou,0.04745122790336609
162,layer4,grad_cam_plus_plus,Aortic enlargement,distance,1.7929351647375082
162,layer4,xgrad_cam,Aortic enlargement,pointing_game,0.0
162,layer4,xgrad_cam,Aortic enlargement,energy_box,0.03830379620194435
162,layer4,xgrad_cam,Aortic enlargement,iou,0.07905497401952744
162,layer4,xgrad_cam,Aortic enlargement,distance,0.5013677564441212
163,layer3,grad_cam,No finding,entropy,15.163719177246094
163,layer3,grad_cam,No finding,top_1pct,0.04100561887025833
163,layer3,grad_cam_plus_plus,No finding,entropy,15.578636169433594
163,layer3,grad_cam_plus_plus,No finding,top_1pct,0.020648635923862457
163,layer3,xgrad_cam,No finding,entropy,15.245369911193848
163,layer3,xgrad_cam,No finding,top_1pct,0.04004049301147461
163,layer4,grad_cam,No finding,entropy,14.965126037597656
163,layer4,grad_cam,No finding,top_1pct,0.032331328839063644
163,layer4,grad_cam_plus_plus,No finding,entropy,15.098712921142578
163,layer4,grad_cam_plus_plus,No finding,top_1pct,0.03133271634578705
163,layer4,xgrad_cam,No finding,entropy,14.965127944946289
163,layer4,xgrad_cam,No finding,top_1pct,0.03233133256435394
164,layer3,grad_cam,No finding,entropy,15.164453506469727
164,layer3,grad_cam,No finding,top_1pct,0.03757905960083008
164,layer3,grad_cam_plus_plus,No finding,entropy,15.580009460449219
164,layer3,grad_cam_plus_plus,No finding,top_1pct,0.019281169399619102
164,layer3,xgrad_cam,No finding,entropy,15.304585456848145
164,layer3,xgrad_cam,No finding,top_1pct,0.03266900032758713
164,layer4,grad_cam,No finding,entropy,14.763603210449219
164,layer4,grad_cam,No finding,top_1pct,0.03522203862667084
164,layer4,grad_cam_plus_plus,No finding,entropy,14.95930290222168
164,layer4,grad_cam_plus_plus,No finding,top_1pct,0.033237721771001816
164,layer4,xgrad_cam,No finding,entropy,14.763603210449219
164,layer4,xgrad_cam,No finding,top_1pct,0.03522203862667084
165,layer3,grad_cam,No finding,entropy,15.25847053527832
165,layer3,grad_cam,No finding,top_1pct,0.04972817748785019
165,layer3,grad_cam_plus_plus,No finding,entropy,15.337099075317383
165,layer3,grad_cam_plus_plus,No finding,top_1pct,0.055409714579582214
165,layer3,xgrad_cam,No finding,entropy,14.714468002319336
165,layer3,xgrad_cam,No finding,top_1pct,0.09983453154563904
165,layer4,grad_cam,No finding,entropy,14.367240905761719
165,layer4,grad_cam,No finding,top_1pct,0.04766310006380081
165,layer4,grad_cam_plus_plus,No finding,entropy,14.690482139587402
165,layer4,grad_cam_plus_plus,No finding,top_1pct,0.04292072728276253
165,layer4,xgrad_cam,No finding,entropy,14.367241859436035
165,layer4,xgrad_cam,No finding,top_1pct,0.04766310751438141
166,layer3,grad_cam,No finding,entropy,14.84312629699707
166,layer3,grad_cam,No finding,top_1pct,0.04330562800168991
166,layer3,grad_cam_plus_plus,No finding,entropy,15.589469909667969
166,layer3,grad_cam_plus_plus,No finding,top_1pct,0.0168832428753376
166,layer3,xgrad_cam,No finding,entropy,15.034698486328125
166,layer3,xgrad_cam,No finding,top_1pct,0.04363132640719414
166,layer4,grad_cam,No finding,entropy,14.937665939331055
166,layer4,grad_cam,No finding,top_1pct,0.034465596079826355
166,layer4,grad_cam_plus_plus,No finding,entropy,15.143025398254395
166,layer4,grad_cam_plus_plus,No finding,top_1pct,0.031096668913960457
166,layer4,xgrad_cam,No finding,entropy,14.937665939331055
166,layer4,xgrad_cam,No finding,top_1pct,0.03446559980511665
167,layer3,grad_cam,No finding,entropy,14.85268497467041
167,layer3,grad_cam,No finding,top_1pct,0.046051494777202606
167,layer3,grad_cam_plus_plus,No finding,entropy,15.569580078125
167,layer3,grad_cam_plus_plus,No finding,top_1pct,0.020747018977999687
167,layer3,xgrad_cam,No finding,entropy,15.06751823425293
167,layer3,xgrad_cam,No finding,top_1pct,0.039691802114248276
167,layer4,grad_cam,No finding,entropy,14.91024112701416
167,layer4,grad_cam,No finding,top_1pct,0.032066505402326584
167,layer4,grad_cam_plus_plus,No finding,entropy,15.101491928100586
167,layer4,grad_cam_plus_plus,No finding,top_1pct,0.029781853780150414
167,layer4,xgrad_cam,No finding,entropy,14.910240173339844
167,layer4,xgrad_cam,No finding,top_1pct,0.032066505402326584
168,layer3,grad_cam,No finding,entropy,15.274672508239746
168,layer3,grad_cam,No finding,top_1pct,0.030318954959511757
168,layer3,grad_cam_plus_plus,No finding,entropy,15.561558723449707
168,layer3,grad_cam_plus_plus,No finding,top_1pct,0.024187719449400902
168,layer3,xgrad_cam,No finding,entropy,15.315622329711914
168,layer3,xgrad_cam,No finding,top_1pct,0.03062707930803299
168,layer4,grad_cam,No finding,entropy,14.815958023071289
168,layer4,grad_cam,No finding,top_1pct,0.03713412210345268
168,layer4,grad_cam_plus_plus,No finding,entropy,15.154943466186523
168,layer4,grad_cam_plus_plus,No finding,top_1pct,0.031453296542167664
168,layer4,xgrad_cam,No finding,entropy,14.815958976745605
168,layer4,xgrad_cam,No finding,top_1pct,0.03713412210345268
169,layer3,grad_cam,No finding,entropy,14.761194229125977
169,layer3,grad_cam,No finding,top_1pct,0.045834269374608994
169,layer3,grad_cam_plus_plus,No finding,entropy,15.57822036743164
169,layer3,grad_cam_plus_plus,No finding,top_1pct,0.020904524251818657
169,layer3,xgrad_cam,No finding,entropy,15.047454833984375
169,layer3,xgrad_cam,No finding,top_1pct,0.0405343659222126
169,layer4,grad_cam,No finding,entropy,14.752931594848633
169,layer4,grad_cam,No finding,top_1pct,0.0367579385638237
169,layer4,grad_cam_plus_plus,No finding,entropy,14.953243255615234
169,layer4,grad_cam_plus_plus,No finding,top_1pct,0.03429564833641052
169,layer4,xgrad_cam,No finding,entropy,14.75293254852295
169,layer4,xgrad_cam,No finding,top_1pct,0.0367579385638237
170,layer3,grad_cam,No finding,entropy,14.932775497436523
170,layer3,grad_cam,No finding,top_1pct,0.04858703166246414
170,layer3,grad_cam_plus_plus,No finding,entropy,15.525272369384766
170,layer3,grad_cam_plus_plus,No finding,top_1pct,0.031983278691768646
170,layer3,xgrad_cam,No finding,entropy,15.330523490905762
170,layer3,xgrad_cam,No finding,top_1pct,0.041463423520326614
170,layer4,grad_cam,No finding,entropy,14.945703506469727
170,layer4,grad_cam,No finding,top_1pct,0.03390905633568764
170,layer4,grad_cam_plus_plus,No finding,entropy,15.085870742797852
170,layer4,grad_cam_plus_plus,No finding,top_1pct,0.03193722292780876
170,layer4,xgrad_cam,No finding,entropy,14.945704460144043
170,layer4,xgrad_cam,No finding,top_1pct,0.03390905633568764
171,layer3,grad_cam,No finding,entropy,14.651527404785156
171,layer3,grad_cam,No finding,top_1pct,0.055578913539648056
171,layer3,grad_cam_plus_plus,No finding,entropy,15.574966430664062
171,layer3,grad_cam_plus_plus,No finding,top_1pct,0.02169899456202984
171,layer3,xgrad_cam,No finding,entropy,15.141277313232422
171,layer3,xgrad_cam,No finding,top_1pct,0.038699984550476074
171,layer4,grad_cam,No finding,entropy,14.857274055480957
171,layer4,grad_cam,No finding,top_1pct,0.03189736604690552
171,layer4,grad_cam_plus_plus,No finding,entropy,15.043594360351562
171,layer4,grad_cam_plus_plus,No finding,top_1pct,0.030273588374257088
171,layer4,xgrad_cam,No finding,entropy,14.857274055480957
171,layer4,xgrad_cam,No finding,top_1pct,0.03189736604690552
172,layer3,grad_cam,No finding,entropy,14.716225624084473
172,layer3,grad_cam,No finding,top_1pct,0.04652153700590134
172,layer3,grad_cam_plus_plus,No finding,entropy,15.585098266601562
172,layer3,grad_cam_plus_plus,No finding,top_1pct,0.017123838886618614
172,layer3,xgrad_cam,No finding,entropy,14.99946403503418
172,layer3,xgrad_cam,No finding,top_1pct,0.040329623967409134
172,layer4,grad_cam,No finding,entropy,15.138681411743164
172,layer4,grad_cam,No finding,top_1pct,0.031057169660925865
172,layer4,grad_cam_plus_plus,No finding,entropy,15.245698928833008
172,layer4,grad_cam_plus_plus,No finding,top_1pct,0.02885507419705391
172,layer4,xgrad_cam,No finding,entropy,15.138683319091797
172,layer4,xgrad_cam,No finding,top_1pct,0.031057177111506462
173,layer3,grad_cam,No finding,entropy,15.331897735595703
173,layer3,grad_cam,No finding,top_1pct,0.04179149493575096
173,layer3,grad_cam_plus_plus,No finding,entropy,15.403931617736816
173,layer3,grad_cam_plus_plus,No finding,top_1pct,0.04972664639353752
173,layer3,xgrad_cam,No finding,entropy,14.779818534851074
173,layer3,xgrad_cam,No finding,top_1pct,0.09941718727350235
173,layer4,grad_cam,No finding,entropy,14.268478393554688
173,layer4,grad_cam,No finding,top_1pct,0.05088462680578232
173,layer4,grad_cam_plus_plus,No finding,entropy,14.689008712768555
173,layer4,grad_cam_plus_plus,No finding,top_1pct,0.04550192505121231
173,layer4,xgrad_cam,No finding,entropy,14.268478393554688
173,layer4,xgrad_cam,No finding,top_1pct,0.05088462308049202
174,layer3,grad_cam,No finding,entropy,14.953035354614258
174,layer3,grad_cam,No finding,top_1pct,0.050150156021118164
174,layer3,grad_cam_plus_plus,No finding,entropy,15.575965881347656
174,layer3,grad_cam_plus_plus,No finding,top_1pct,0.021129978820681572
174,layer3,xgrad_cam,No finding,entropy,15.219058990478516
174,layer3,xgrad_cam,No finding,top_1pct,0.03935715928673744
174,layer4,grad_cam,No finding,entropy,14.947050094604492
174,layer4,grad_cam,No finding,top_1pct,0.030829232186079025
174,layer4,grad_cam_plus_plus,No finding,entropy,15.130533218383789
174,layer4,grad_cam_plus_plus,No finding,top_1pct,0.028972171247005463
174,layer4,xgrad_cam,No finding,entropy,14.947050094604492
174,layer4,xgrad_cam,No finding,top_1pct,0.030829228460788727
175,layer3,grad_cam,No finding,entropy,15.213247299194336
175,layer3,grad_cam,No finding,top_1pct,0.034164514392614365
175,layer3,grad_cam_plus_plus,No finding,entropy,15.575035095214844
175,layer3,grad_cam_plus_plus,No finding,top_1pct,0.017144059762358665
175,layer3,xgrad_cam,No finding,entropy,14.902105331420898
175,layer3,xgrad_cam,No finding,top_1pct,0.05139217898249626
175,layer4,grad_cam,No finding,entropy,13.253961563110352
175,layer4,grad_cam,No finding,top_1pct,0.15517443418502808
175,layer4,grad_cam_plus_plus,No finding,entropy,15.338127136230469
175,layer4,grad_cam_plus_plus,No finding,top_1pct,0.03718985989689827
175,layer4,xgrad_cam,No finding,entropy,13.253961563110352
175,layer4,xgrad_cam,No finding,top_1pct,0.15517443418502808
176,layer3,grad_cam,Cardiomegaly,pointing_game,0.0
176,layer3,grad_cam,Cardiomegaly,energy_box,0.23172174394130707
176,layer3,grad_cam,Cardiomegaly,iou,0.07980239391326904
176,layer3,grad_cam,Cardiomegaly,distance,0.9429188510743725
176,layer3,grad_cam_plus_plus,Cardiomegaly,pointing_game,0.0
176,layer3,grad_cam_plus_plus,Cardiomegaly,energy_box,0.16048915684223175
176,layer3,grad_cam_plus_plus,Cardiomegaly,iou,0.12366461753845215
176,layer3,grad_cam_plus_plus,Cardiomegaly,distance,0.7013598053639318
176,layer3,xgrad_cam,Cardiomegaly,pointing_game,0.0
176,layer3,xgrad_cam,Cardiomegaly,energy_box,0.2363499104976654
176,layer3,xgrad_cam,Cardiomegaly,iou,0.13508032262325287
176,layer3,xgrad_cam,Cardiomegaly,distance,0.9429188510743725
176,layer4,grad_cam,Cardiomegaly,pointing_game,1.0
176,layer4,grad_cam,Cardiomegaly,energy_box,0.30673736333847046
176,layer4,grad_cam,Cardiomegaly,iou,0.36870047450065613
176,layer4,grad_cam,Cardiomegaly,distance,0.1889125391954842
176,layer4,grad_cam_plus_plus,Cardiomegaly,pointing_game,0.0
176,layer4,grad_cam_plus_plus,Cardiomegaly,energy_box,0.22759856283664703
176,layer4,grad_cam_plus_plus,Cardiomegaly,iou,0.3705970346927643
176,layer4,grad_cam_plus_plus,Cardiomegaly,distance,1.2343089684509219
176,layer4,xgrad_cam,Cardiomegaly,pointing_game,1.0
176,layer4,xgrad_cam,Cardiomegaly,energy_box,0.30673736333847046
176,layer4,xgrad_cam,Cardiomegaly,iou,0.36870047450065613
176,layer4,xgrad_cam,Cardiomegaly,distance,0.1889125391954842
176,layer3,grad_cam,Other lesion,pointing_game,0.0
176,layer3,grad_cam,Other lesion,energy_box,0.018303243443369865
176,layer3,grad_cam,Other lesion,iou,0.0
176,layer3,grad_cam,Other lesion,distance,3.7145578278058826
176,layer3,grad_cam_plus_plus,Other lesion,pointing_game,0.0
176,layer3,grad_cam_plus_plus,Other lesion,energy_box,0.02504546567797661
176,layer3,grad_cam_plus_plus,Other lesion,iou,0.031082982197403908
176,layer3,grad_cam_plus_plus,Other lesion,distance,3.7032243759783663
176,layer3,xgrad_cam,Other lesion,pointing_game,0.0
176,layer3,xgrad_cam,Other lesion,energy_box,0.0025195633061230183
176,layer3,xgrad_cam,Other lesion,iou,0.0
176,layer3,xgrad_cam,Other lesion,distance,2.277011747766023
176,layer4,grad_cam,Other lesion,pointing_game,0.0
176,layer4,grad_cam,Other lesion,energy_box,0.0013614818453788757
176,layer4,grad_cam,Other lesion,iou,0.0
176,layer4,grad_cam,Other lesion,distance,2.1516887822159756
176,layer4,grad_cam_plus_plus,Other lesion,pointing_game,0.0
176,layer4,grad_cam_plus_plus,Other lesion,energy_box,0.023836521431803703
176,layer4,grad_cam_plus_plus,Other lesion,iou,0.027845650911331177
176,layer4,grad_cam_plus_plus,Other lesion,distance,3.4556851572295577
176,layer4,xgrad_cam,Other lesion,pointing_game,0.0
176,layer4,xgrad_cam,Other lesion,energy_box,0.0013614885974675417
176,layer4,xgrad_cam,Other lesion,iou,0.0
176,layer4,xgrad_cam,Other lesion,distance,2.1516887822159756
176,layer3,grad_cam,Pleural effusion,pointing_game,0.0
176,layer3,grad_cam,Pleural effusion,energy_box,0.006695312913507223
176,layer3,grad_cam,Pleural effusion,iou,0.0
176,layer3,grad_cam,Pleural effusion,distance,7.754255635991263
176,layer3,grad_cam_plus_plus,Pleural effusion,pointing_game,0.0
176,layer3,grad_cam_plus_plus,Pleural effusion,energy_box,0.0058523062616586685
176,layer3,grad_cam_plus_plus,Pleural effusion,iou,0.004683007951825857
176,layer3,grad_cam_plus_plus,Pleural effusion,distance,0.8800807382993874
176,layer3,xgrad_cam,Pleural effusion,pointing_game,0.0
176,layer3,xgrad_cam,Pleural effusion,energy_box,0.002783707110211253
176,layer3,xgrad_cam,Pleural effusion,iou,0.0
176,layer3,xgrad_cam,Pleural effusion,distance,7.754255635991263
176,layer4,grad_cam,Pleural effusion,pointing_game,0.0
176,layer4,grad_cam,Pleural effusion,energy_box,0.00031949757249094546
176,layer4,grad_cam,Pleural effusion,iou,0.0
176,layer4,grad_cam,Pleural effusion,distance,3.882417237340258
176,layer4,grad_cam_plus_plus,Pleural effusion,pointing_game,0.0
176,layer4,grad_cam_plus_plus,Pleural effusion,energy_box,0.0036197532899677753
176,layer4,grad_cam_plus_plus,Pleural effusion,iou,0.0
176,layer4,grad_cam_plus_plus,Pleural effusion,distance,4.693162166495812
176,layer4,xgrad_cam,Pleural effusion,pointing_game,0.0
176,layer4,xgrad_cam,Pleural effusion,energy_box,0.0003194973978679627
176,layer4,xgrad_cam,Pleural effusion,iou,0.0
176,layer4,xgrad_cam,Pleural effusion,distance,3.882417237340258
176,layer3,grad_cam,Pleural thickening,pointing_game,0.0
176,layer3,grad_cam,Pleural thickening,energy_box,0.0056045763194561005
176,layer3,grad_cam,Pleural thickening,iou,0.0
176,layer3,grad_cam,Pleural thickening,distance,7.754255635991263
176,layer3,grad_cam_plus_plus,Pleural thickening,pointing_game,0.0
176,layer3,grad_cam_plus_plus,Pleural thickening,energy_box,0.005968452896922827
176,layer3,grad_cam_plus_plus,Pleural thickening,iou,0.0048947627656161785
176,layer3,grad_cam_plus_plus,Pleural thickening,distance,6.874400855883902
176,layer3,xgrad_cam,Pleural thickening,pointing_game,0.0
176,layer3,xgrad_cam,Pleural thickening,energy_box,0.007046778220683336
176,layer3,xgrad_cam,Pleural thickening,iou,0.011861784383654594
176,layer3,xgrad_cam,Pleural thickening,distance,6.325827707790172
176,layer4,grad_cam,Pleural thickening,pointing_game,0.0
176,layer4,grad_cam,Pleural thickening,energy_box,0.006563456729054451
176,layer4,grad_cam,Pleural thickening,iou,0.01349262148141861
176,layer4,grad_cam,Pleural thickening,distance,7.4930140760911765
176,layer4,grad_cam_plus_plus,Pleural thickening,pointing_game,0.0
176,layer4,grad_cam_plus_plus,Pleural thickening,energy_box,0.005250661168247461
176,layer4,grad_cam_plus_plus,Pleural thickening,iou,0.0
176,layer4,grad_cam_plus_plus,Pleural thickening,distance,6.03379537810801
176,layer4,xgrad_cam,Pleural thickening,pointing_game,0.0
176,layer4,xgrad_cam,Pleural thickening,energy_box,0.006563459523022175
176,layer4,xgrad_cam,Pleural thickening,iou,0.01349262148141861
176,layer4,xgrad_cam,Pleural thickening,distance,7.4930140760911765
177,layer3,grad_cam,No finding,entropy,14.909529685974121
177,layer3,grad_cam,No finding,top_1pct,0.04403871297836304
177,layer3,grad_cam_plus_plus,No finding,entropy,15.583051681518555
177,layer3,grad_cam_plus_plus,No finding,top_1pct,0.01849508285522461
177,layer3,xgrad_cam,No finding,entropy,14.63087272644043
177,layer3,xgrad_cam,No finding,top_1pct,0.05658552423119545
177,layer4,grad_cam,No finding,entropy,14.234378814697266
177,layer4,grad_cam,No finding,top_1pct,0.05940035358071327
177,layer4,grad_cam_plus_plus,No finding,entropy,14.930723190307617
177,layer4,grad_cam_plus_plus,No finding,top_1pct,0.04345943406224251
177,layer4,xgrad_cam,No finding,entropy,14.234378814697266
177,layer4,xgrad_cam,No finding,top_1pct,0.05940035358071327
178,layer3,grad_cam,Cardiomegaly,pointing_game,1.0
178,layer3,grad_cam,Cardiomegaly,energy_box,0.09097103774547577
178,layer3,grad_cam,Cardiomegaly,iou,0.11957484483718872
178,layer3,grad_cam,Cardiomegaly,distance,0.09682110304912686
178,layer3,grad_cam_plus_plus,Cardiomegaly,pointing_game,0.0
178,layer3,grad_cam_plus_plus,Cardiomegaly,energy_box,0.05514490604400635
178,layer3,grad_cam_plus_plus,Cardiomegaly,iou,0.04746494069695473
178,layer3,grad_cam_plus_plus,Cardiomegaly,distance,1.5081613277220742
178,layer3,xgrad_cam,Cardiomegaly,pointing_game,0.0
178,layer3,xgrad_cam,Cardiomegaly,energy_box,0.10472047328948975
178,layer3,xgrad_cam,Cardiomegaly,iou,0.1407979428768158
178,layer3,xgrad_cam,Cardiomegaly,distance,0.2422968331584696
178,layer4,grad_cam,Cardiomegaly,pointing_game,1.0
178,layer4,grad_cam,Cardiomegaly,energy_box,0.12210120260715485
178,layer4,grad_cam,Cardiomegaly,iou,0.1613539308309555
178,layer4,grad_cam,Cardiomegaly,distance,0.08476634395048123
178,layer4,grad_cam_plus_plus,Cardiomegaly,pointing_game,1.0
178,layer4,grad_cam_plus_plus,Cardiomegaly,energy_box,0.140468567609787
178,layer4,grad_cam_plus_plus,Cardiomegaly,iou,0.4188515245914459
178,layer4,grad_cam_plus_plus,Cardiomegaly,distance,0.08476634395048123
178,layer4,xgrad_cam,Cardiomegaly,pointing_game,1.0
178,layer4,xgrad_cam,Cardiomegaly,energy_box,0.12210120260715485
178,layer4,xgrad_cam,Cardiomegaly,iou,0.1613539308309555
178,layer4,xgrad_cam,Cardiomegaly,distance,0.08476634395048123
178,layer3,grad_cam,Lung Opacity,pointing_game,0.0
178,layer3,grad_cam,Lung Opacity,energy_box,0.02284286357462406
178,layer3,grad_cam,Lung Opacity,iou,0.014625228941440582
178,layer3,grad_cam,Lung Opacity,distance,3.625832563725936
178,layer3,grad_cam_plus_plus,Lung Opacity,pointing_game,0.0
178,layer3,grad_cam_plus_plus,Lung Opacity,energy_box,0.01754276268184185
178,layer3,grad_cam_plus_plus,Lung Opacity,iou,0.007945850491523743
178,layer3,grad_cam_plus_plus,Lung Opacity,distance,3.4014082021865306
178,layer3,xgrad_cam,Lung Opacity,pointing_game,0.0
178,layer3,xgrad_cam,Lung Opacity,energy_box,0.017808644101023674
178,layer3,xgrad_cam,Lung Opacity,iou,0.012061233632266521
178,layer3,xgrad_cam,Lung Opacity,distance,2.3784970037310798
178,layer4,grad_cam,Lung Opacity,pointing_game,0.0
178,layer4,grad_cam,Lung Opacity,energy_box,0.027947917580604553
178,layer4,grad_cam,Lung Opacity,iou,0.017424242570996284
178,layer4,grad_cam,Lung Opacity,distance,1.584422818613801
178,layer4,grad_cam_plus_plus,Lung Opacity,pointing_game,0.0
178,layer4,grad_cam_plus_plus,Lung Opacity,energy_box,0.017256680876016617
178,layer4,grad_cam_plus_plus,Lung Opacity,iou,4.773269756697118e-05
178,layer4,grad_cam_plus_plus,Lung Opacity,distance,2.4406888236281614
178,layer4,xgrad_cam,Lung Opacity,pointing_game,0.0
178,layer4,xgrad_cam,Lung Opacity,energy_box,0.027947919443249702
178,layer4,xgrad_cam,Lung Opacity,iou,0.017424242570996284
178,layer4,xgrad_cam,Lung Opacity,distance,1.584422818613801
178,layer3,grad_cam,Pleural thickening,pointing_game,0.0
178,layer3,grad_cam,Pleural thickening,energy_box,0.049395643174648285
178,layer3,grad_cam,Pleural thickening,iou,0.021063189953565598
178,layer3,grad_cam,Pleural thickening,distance,1.2788161740695467
178,layer3,grad_cam_plus_plus,Pleural thickening,pointing_game,0.0
178,layer3,grad_cam_plus_plus,Pleural thickening,energy_box,0.05339248478412628
178,layer3,grad_cam_plus_plus,Pleural thickening,iou,0.027056818827986717
178,layer3,grad_cam_plus_plus,Pleural thickening,distance,0.9240384120178844
178,layer3,xgrad_cam,Pleural thickening,pointing_game,0.0
178,layer3,xgrad_cam,Pleural thickening,energy_box,0.06045617163181305
178,layer3,xgrad_cam,Pleural thickening,iou,0.042153049260377884
178,layer3,xgrad_cam,Pleural thickening,distance,0.27508918307774377
178,layer4,grad_cam,Pleural thickening,pointing_game,0.0
178,layer4,grad_cam,Pleural thickening,energy_box,0.15535210072994232
178,layer4,grad_cam,Pleural thickening,iou,0.24371014535427094
178,layer4,grad_cam,Pleural thickening,distance,0.742612543506017
178,layer4,grad_cam_plus_plus,Pleural thickening,pointing_game,0.0
178,layer4,grad_cam_plus_plus,Pleural thickening,energy_box,0.07913178950548172
178,layer4,grad_cam_plus_plus,Pleural thickening,iou,0.12228309363126755
178,layer4,grad_cam_plus_plus,Pleural thickening,distance,0.742612543506017
178,layer4,xgrad_cam,Pleural thickening,pointing_game,0.0
178,layer4,xgrad_cam,Pleural thickening,energy_box,0.15535208582878113
178,layer4,xgrad_cam,Pleural thickening,iou,0.24371014535427094
178,layer4,xgrad_cam,Pleural thickening,distance,0.742612543506017
178,layer3,grad_cam,Pulmonary fibrosis,pointing_game,0.0
178,layer3,grad_cam,Pulmonary fibrosis,energy_box,0.016491860151290894
178,layer3,grad_cam,Pulmonary fibrosis,iou,0.008113590069115162
178,layer3,grad_cam,Pulmonary fibrosis,distance,1.923561191714606
178,layer3,grad_cam_plus_plus,Pulmonary fibrosis,pointing_game,0.0
178,layer3,grad_cam_plus_plus,Pulmonary fibrosis,energy_box,0.01655513048171997
178,layer3,grad_cam_plus_plus,Pulmonary fibrosis,iou,0.007372278720140457
178,layer3,grad_cam_plus_plus,Pulmonary fibrosis,distance,2.0343834198399167
178,layer3,xgrad_cam,Pulmonary fibrosis,pointing_game,0.0
178,layer3,xgrad_cam,Pulmonary fibrosis,energy_box,0.04514271765947342
178,layer3,xgrad_cam,Pulmonary fibrosis,iou,0.04155567288398743
178,layer3,xgrad_cam,Pulmonary fibrosis,distance,1.5450521224559701
178,layer4,grad_cam,Pulmonary fibrosis,pointing_game,0.0
178,layer4,grad_cam,Pulmonary fibrosis,energy_box,0.08452070504426956
178,layer4,grad_cam,Pulmonary fibrosis,iou,0.21259599924087524
178,layer4,grad_cam,Pulmonary fibrosis,distance,0.46598491254340657
178,layer4,grad_cam_plus_plus,Pulmonary fibrosis,pointing_game,0.0
178,layer4,grad_cam_plus_plus,Pulmonary fibrosis,energy_box,0.02941032126545906
178,layer4,grad_cam_plus_plus,Pulmonary fibrosis,iou,0.0575883574783802
178,layer4,grad_cam_plus_plus,Pulmonary fibrosis,distance,0.46598491254340657
178,layer4,xgrad_cam,Pulmonary fibrosis,pointing_game,0.0
178,layer4,xgrad_cam,Pulmonary fibrosis,energy_box,0.08452070504426956
178,layer4,xgrad_cam,Pulmonary fibrosis,iou,0.21259599924087524
178,layer4,xgrad_cam,Pulmonary fibrosis,distance,0.46598491254340657
179,layer3,grad_cam,No finding,entropy,14.878820419311523
179,layer3,grad_cam,No finding,top_1pct,0.052762724459171295
179,layer3,grad_cam_plus_plus,No finding,entropy,15.578103065490723
179,layer3,grad_cam_plus_plus,No finding,top_1pct,0.01783209666609764
179,layer3,xgrad_cam,No finding,entropy,14.673938751220703
179,layer3,xgrad_cam,No finding,top_1pct,0.06548187136650085
179,layer4,grad_cam,No finding,entropy,14.23234748840332
179,layer4,grad_cam,No finding,top_1pct,0.055469051003456116
179,layer4,grad_cam_plus_plus,No finding,entropy,14.993825912475586
179,layer4,grad_cam_plus_plus,No finding,top_1pct,0.03767476603388786
179,layer4,xgrad_cam,No finding,entropy,14.23234748840332
179,layer4,xgrad_cam,No finding,top_1pct,0.055469054728746414
180,layer3,grad_cam,Aortic enlargement,pointing_game,0.0
180,layer3,grad_cam,Aortic enlargement,energy_box,0.0
180,layer3,grad_cam,Aortic enlargement,iou,0.0
180,layer3,grad_cam,Aortic enlargement,distance,3.384201908203856
180,layer3,grad_cam_plus_plus,Aortic enlargement,pointing_game,0.0
180,layer3,grad_cam_plus_plus,Aortic enlargement,energy_box,0.00519384304061532
180,layer3,grad_cam_plus_plus,Aortic enlargement,iou,0.0
180,layer3,grad_cam_plus_plus,Aortic enlargement,distance,6.931485527134155
180,layer3,xgrad_cam,Aortic enlargement,pointing_game,0.0
180,layer3,xgrad_cam,Aortic enlargement,energy_box,0.0
180,layer3,xgrad_cam,Aortic enlargement,iou,0.0
180,layer3,xgrad_cam,Aortic enlargement,distance,3.384201908203856
180,layer4,grad_cam,Aortic enlargement,pointing_game,0.0
180,layer4,grad_cam,Aortic enlargement,energy_box,0.00022323025041259825
180,layer4,grad_cam,Aortic enlargement,iou,0.0
180,layer4,grad_cam,Aortic enlargement,distance,2.705669650364275
180,layer4,grad_cam_plus_plus,Aortic enlargement,pointing_game,0.0
180,layer4,grad_cam_plus_plus,Aortic enlargement,energy_box,0.013188348151743412
180,layer4,grad_cam_plus_plus,Aortic enlargement,iou,0.024808401241898537
180,layer4,grad_cam_plus_plus,Aortic enlargement,distance,1.7887353243599515
180,layer4,xgrad_cam,Aortic enlargement,pointing_game,0.0
180,layer4,xgrad_cam,Aortic enlargement,energy_box,0.00022323035227600485
180,layer4,xgrad_cam,Aortic enlargement,iou,0.0
180,layer4,xgrad_cam,Aortic enlargement,distance,2.705669650364275
180,layer3,grad_cam,ILD,pointing_game,0.0
180,layer3,grad_cam,ILD,energy_box,0.12743939459323883
180,layer3,grad_cam,ILD,iou,0.14056910574436188
180,layer3,grad_cam,ILD,distance,1.2149552114326072
180,layer3,grad_cam_plus_plus,ILD,pointing_game,0.0
180,layer3,grad_cam_plus_plus,ILD,energy_box,0.10849440842866898
180,layer3,grad_cam_plus_plus,ILD,iou,0.09861789643764496
180,layer3,grad_cam_plus_plus,ILD,distance,1.4954345149359478
180,layer3,xgrad_cam,ILD,pointing_game,1.0
180,layer3,xgrad_cam,ILD,energy_box,0.16712255775928497
180,layer3,xgrad_cam,ILD,iou,0.07027818262577057
180,layer3,xgrad_cam,ILD,distance,0.4073194688185326
180,layer4,grad_cam,ILD,pointing_game,0.0
180,layer4,grad_cam,ILD,energy_box,0.10730644315481186
180,layer4,grad_cam,ILD,iou,0.0
180,layer4,grad_cam,ILD,distance,0.7192006791095449
180,layer4,grad_cam_plus_plus,ILD,pointing_game,0.0
180,layer4,grad_cam_plus_plus,ILD,energy_box,0.16913989186286926
180,layer4,grad_cam_plus_plus,ILD,iou,0.24250485002994537
180,layer4,grad_cam_plus_plus,ILD,distance,0.42572746505695763
180,layer4,xgrad_cam,ILD,pointing_game,0.0
180,layer4,xgrad_cam,ILD,energy_box,0.10730654001235962
180,layer4,xgrad_cam,ILD,iou,0.0
180,layer4,xgrad_cam,ILD,distance,0.7192006791095449
180,layer3,grad_cam,Other lesion,pointing_game,1.0
180,layer3,grad_cam,Other lesion,energy_box,0.1026587262749672
180,layer3,grad_cam,Other lesion,iou,0.0781954899430275
180,layer3,grad_cam,Other lesion,distance,0.429308002763989
180,layer3,grad_cam_plus_plus,Other lesion,pointing_game,0.0
180,layer3,grad_cam_plus_plus,Other lesion,energy_box,0.09338822215795517
180,layer3,grad_cam_plus_plus,Other lesion,iou,0.06323102861642838
180,layer3,grad_cam_plus_plus,Other lesion,distance,1.2149552114326072
180,layer3,xgrad_cam,Other lesion,pointing_game,1.0
180,layer3,xgrad_cam,Other lesion,energy_box,0.12207207083702087
180,layer3,xgrad_cam,Other lesion,iou,0.06203589215874672
180,layer3,xgrad_cam,Other lesion,distance,0.429308002763989
180,layer4,grad_cam,Other lesion,pointing_game,0.0
180,layer4,grad_cam,Other lesion,energy_box,0.1678527444601059
180,layer4,grad_cam,Other lesion,iou,0.0665283352136612
180,layer4,grad_cam,Other lesion,distance,0.514546142472176
180,layer4,grad_cam_plus_plus,Other lesion,pointing_game,1.0
180,layer4,grad_cam_plus_plus,Other lesion,energy_box,0.14489240944385529
180,layer4,grad_cam_plus_plus,Other lesion,iou,0.2570655941963196
180,layer4,grad_cam_plus_plus,Other lesion,distance,0.18935940359995562
180,layer4,xgrad_cam,Other lesion,pointing_game,0.0
180,layer4,xgrad_cam,Other lesion,energy_box,0.1678527295589447
180,layer4,xgrad_cam,Other lesion,iou,0.0665283352136612
180,layer4,xgrad_cam,Other lesion,distance,0.514546142472176
180,layer3,grad_cam,Pleural effusion,pointing_game,0.0
180,layer3,grad_cam,Pleural effusion,energy_box,0.0036526238545775414
180,layer3,grad_cam,Pleural effusion,iou,0.0
180,layer3,grad_cam,Pleural effusion,distance,4.582176277204647
180,layer3,grad_cam_plus_plus,Pleural effusion,pointing_game,0.0
180,layer3,grad_cam_plus_plus,Pleural effusion,energy_box,0.0040176804177463055
180,layer3,grad_cam_plus_plus,Pleural effusion,iou,0.004453891888260841
180,layer3,grad_cam_plus_plus,Pleural effusion,distance,3.9117484172732198
180,layer3,xgrad_cam,Pleural effusion,pointing_game,0.0
180,layer3,xgrad_cam,Pleural effusion,energy_box,0.008278240449726582
180,layer3,xgrad_cam,Pleural effusion,iou,0.0
180,layer3,xgrad_cam,Pleural effusion,distance,1.5964081301680297
180,layer4,grad_cam,Pleural effusion,pointing_game,0.0
180,layer4,grad_cam,Pleural effusion,energy_box,0.011852070689201355
180,layer4,grad_cam,Pleural effusion,iou,0.022627925500273705
180,layer4,grad_cam,Pleural effusion,distance,2.8905123564271182
180,layer4,grad_cam_plus_plus,Pleural effusion,pointing_game,0.0
180,layer4,grad_cam_plus_plus,Pleural effusion,energy_box,0.002875993959605694
180,layer4,grad_cam_plus_plus,Pleural effusion,iou,0.0
180,layer4,grad_cam_plus_plus,Pleural effusion,distance,5.553396112021421
180,layer4,xgrad_cam,Pleural effusion,pointing_game,0.0
180,layer4,xgrad_cam,Pleural effusion,energy_box,0.011852070689201355
180,layer4,xgrad_cam,Pleural effusion,iou,0.022627925500273705
180,layer4,xgrad_cam,Pleural effusion,distance,2.8905123564271182
180,layer3,grad_cam,Pleural thickening,pointing_game,0.0
180,layer3,grad_cam,Pleural thickening,energy_box,0.001767501700669527
180,layer3,grad_cam,Pleural thickening,iou,0.0
180,layer3,grad_cam,Pleural thickening,distance,4.358309376000671
180,layer3,grad_cam_plus_plus,Pleural thickening,pointing_game,0.0
180,layer3,grad_cam_plus_plus,Pleural thickening,energy_box,0.004079730249941349
180,layer3,grad_cam_plus_plus,Pleural thickening,iou,0.005056018475443125
180,layer3,grad_cam_plus_plus,Pleural thickening,distance,3.9117484172732198
180,layer3,xgrad_cam,Pleural thickening,pointing_game,0.0
180,layer3,xgrad_cam,Pleural thickening,energy_box,0.006664917338639498
180,layer3,xgrad_cam,Pleural thickening,iou,0.0
180,layer3,xgrad_cam,Pleural thickening,distance,1.2904366246031067
180,layer4,grad_cam,Pleural thickening,pointing_game,0.0
180,layer4,grad_cam,Pleural thickening,energy_box,0.009967094287276268
180,layer4,grad_cam,Pleural thickening,iou,0.0
180,layer4,grad_cam,Pleural thickening,distance,1.1784637750132532
180,layer4,grad_cam_plus_plus,Pleural thickening,pointing_game,0.0
180,layer4,grad_cam_plus_plus,Pleural thickening,energy_box,0.0026874279137700796
180,layer4,grad_cam_plus_plus,Pleural thickening,iou,0.003545470768585801
180,layer4,grad_cam_plus_plus,Pleural thickening,distance,4.277332764170491
180,layer4,xgrad_cam,Pleural thickening,pointing_game,0.0
180,layer4,xgrad_cam,Pleural thickening,energy_box,0.009967095218598843
180,layer4,xgrad_cam,Pleural thickening,iou,0.0
180,layer4,xgrad_cam,Pleural thickening,distance,1.1784637750132532
180,layer3,grad_cam,Pulmonary fibrosis,pointing_game,0.0
180,layer3,grad_cam,Pulmonary fibrosis,energy_box,0.157405823469162
180,layer3,grad_cam,Pulmonary fibrosis,iou,0.13097405433654785
180,layer3,grad_cam,Pulmonary fibrosis,distance,1.2647996534535781
180,layer3,grad_cam_plus_plus,Pulmonary fibrosis,pointing_game,0.0
180,layer3,grad_cam_plus_plus,Pulmonary fibrosis,energy_box,0.10099055618047714
180,layer3,grad_cam_plus_plus,Pulmonary fibrosis,iou,0.1090216264128685
180,layer3,grad_cam_plus_plus,Pulmonary fibrosis,distance,1.739533434553136
180,layer3,xgrad_cam,Pulmonary fibrosis,pointing_game,1.0
180,layer3,xgrad_cam,Pulmonary fibrosis,energy_box,0.10565032064914703
180,layer3,xgrad_cam,Pulmonary fibrosis,iou,0.030380895361304283
180,layer3,xgrad_cam,Pulmonary fibrosis,distance,0.4397084544130002
180,layer4,grad_cam,Pulmonary fibrosis,pointing_game,0.0
180,layer4,grad_cam,Pulmonary fibrosis,energy_box,0.15265141427516937
180,layer4,grad_cam,Pulmonary fibrosis,iou,0.17184492945671082
180,layer4,grad_cam,Pulmonary fibrosis,distance,0.514546142472176
180,layer4,grad_cam_plus_plus,Pulmonary fibrosis,pointing_game,1.0
180,layer4,grad_cam_plus_plus,Pulmonary fibrosis,energy_box,0.1368282437324524
180,layer4,grad_cam_plus_plus,Pulmonary fibrosis,iou,0.18886390328407288
180,layer4,grad_cam_plus_plus,Pulmonary fibrosis,distance,0.2854870908419542
180,layer4,xgrad_cam,Pulmonary fibrosis,pointing_game,0.0
180,layer4,xgrad_cam,Pulmonary fibrosis,energy_box,0.15265141427516937
180,layer4,xgrad_cam,Pulmonary fibrosis,iou,0.17184492945671082
180,layer4,xgrad_cam,Pulmonary fibrosis,distance,0.514546142472176
181,layer3,grad_cam,Cardiomegaly,pointing_game,0.0
181,layer3,grad_cam,Cardiomegaly,energy_box,0.11409327387809753
181,layer3,grad_cam,Cardiomegaly,iou,0.08602619916200638
181,layer3,grad_cam,Cardiomegaly,distance,1.7167446605187164
181,layer3,grad_cam_plus_plus,Cardiomegaly,pointing_game,0.0
181,layer3,grad_cam_plus_plus,Cardiomegaly,energy_box,0.06211133673787117
181,layer3,grad_cam_plus_plus,Cardiomegaly,iou,0.052033666521310806
181,layer3,grad_cam_plus_plus,Cardiomegaly,distance,1.3995063587004646
181,layer3,xgrad_cam,Cardiomegaly,pointing_game,0.0
181,layer3,xgrad_cam,Cardiomegaly,energy_box,0.11686121672391891
181,layer3,xgrad_cam,Cardiomegaly,iou,0.07313691824674606
181,layer3,xgrad_cam,Cardiomegaly,distance,1.7167446605187164
181,layer4,grad_cam,Cardiomegaly,pointing_game,0.0
181,layer4,grad_cam,Cardiomegaly,energy_box,0.07172119617462158
181,layer4,grad_cam,Cardiomegaly,iou,0.035776201635599136
181,layer4,grad_cam,Cardiomegaly,distance,0.5367826050022588
181,layer4,grad_cam_plus_plus,Cardiomegaly,pointing_game,1.0
181,layer4,grad_cam_plus_plus,Cardiomegaly,energy_box,0.13787433505058289
181,layer4,grad_cam_plus_plus,Cardiomegaly,iou,0.28215843439102173
181,layer4,grad_cam_plus_plus,Cardiomegaly,distance,0.1855460755005994
181,layer4,xgrad_cam,Cardiomegaly,pointing_game,0.0
181,layer4,xgrad_cam,Cardiomegaly,energy_box,0.07172118872404099
181,layer4,xgrad_cam,Cardiomegaly,iou,0.035776201635599136
181,layer4,xgrad_cam,Cardiomegaly,distance,0.5367826050022588
182,layer3,grad_cam,No finding,entropy,14.897705078125
182,layer3,grad_cam,No finding,top_1pct,0.053527627140283585
182,layer3,grad_cam_plus_plus,No finding,entropy,15.587629318237305
182,layer3,grad_cam_plus_plus,No finding,top_1pct,0.01656394451856613
182,layer3,xgrad_cam,No finding,entropy,14.589085578918457
182,layer3,xgrad_cam,No finding,top_1pct,0.07150565832853317
182,layer4,grad_cam,No finding,entropy,14.124344825744629
182,layer4,grad_cam,No finding,top_1pct,0.06234510987997055
182,layer4,grad_cam_plus_plus,No finding,entropy,14.759990692138672
182,layer4,grad_cam_plus_plus,No finding,top_1pct,0.047425366938114166
182,layer4,xgrad_cam,No finding,entropy,14.124343872070312
182,layer4,xgrad_cam,No finding,top_1pct,0.06234510987997055
183,layer3,grad_cam,No finding,entropy,14.571904182434082
183,layer3,grad_cam,No finding,top_1pct,0.05941401794552803
183,layer3,grad_cam_plus_plus,No finding,entropy,15.575709342956543
183,layer3,grad_cam_plus_plus,No finding,top_1pct,0.020659321919083595
183,layer3,xgrad_cam,No finding,entropy,14.887823104858398
183,layer3,xgrad_cam,No finding,top_1pct,0.04631907120347023
183,layer4,grad_cam,No finding,entropy,14.488330841064453
183,layer4,grad_cam,No finding,top_1pct,0.04298125207424164
183,layer4,grad_cam_plus_plus,No finding,entropy,14.829296112060547
183,layer4,grad_cam_plus_plus,No finding,top_1pct,0.037613220512866974
183,layer4,xgrad_cam,No finding,entropy,14.488330841064453
183,layer4,xgrad_cam,No finding,top_1pct,0.04298124834895134
184,layer3,grad_cam,Aortic enlargement,pointing_game,0.0
184,layer3,grad_cam,Aortic enlargement,energy_box,0.0
184,layer3,grad_cam,Aortic enlargement,iou,0.0
184,layer3,grad_cam,Aortic enlargement,distance,3.621026585762087
184,layer3,grad_cam_plus_plus,Aortic enlargement,pointing_game,0.0
184,layer3,grad_cam_plus_plus,Aortic enlargement,energy_box,0.014167983084917068
184,layer3,grad_cam_plus_plus,Aortic enlargement,iou,0.004768680315464735
184,layer3,grad_cam_plus_plus,Aortic enlargement,distance,1.2263978752888423
184,layer3,xgrad_cam,Aortic enlargement,pointing_game,0.0
184,layer3,xgrad_cam,Aortic enlargement,energy_box,0.0
184,layer3,xgrad_cam,Aortic enlargement,iou,0.0
184,layer3,xgrad_cam,Aortic enlargement,distance,1.7155047664705918
184,layer4,grad_cam,Aortic enlargement,pointing_game,0.0
184,layer4,grad_cam,Aortic enlargement,energy_box,0.0019273681100457907
184,layer4,grad_cam,Aortic enlargement,iou,0.0
184,layer4,grad_cam,Aortic enlargement,distance,2.242539205315127
184,layer4,grad_cam_plus_plus,Aortic enlargement,pointing_game,0.0
184,layer4,grad_cam_plus_plus,Aortic enlargement,energy_box,0.02335778996348381
184,layer4,grad_cam_plus_plus,Aortic enlargement,iou,0.04065335914492607
184,layer4,grad_cam_plus_plus,Aortic enlargement,distance,1.396034285003801
184,layer4,xgrad_cam,Aortic enlargement,pointing_game,0.0
184,layer4,xgrad_cam,Aortic enlargement,energy_box,0.0019273679936304688
184,layer4,xgrad_cam,Aortic enlargement,iou,0.0
184,layer4,xgrad_cam,Aortic enlargement,distance,2.242539205315127
184,layer3,grad_cam,Cardiomegaly,pointing_game,1.0
184,layer3,grad_cam,Cardiomegaly,energy_box,0.2522296607494354
184,layer3,grad_cam,Cardiomegaly,iou,0.29083484411239624
184,layer3,grad_cam,Cardiomegaly,distance,0.06520794067446074
184,layer3,grad_cam_plus_plus,Cardiomegaly,pointing_game,0.0
184,layer3,grad_cam_plus_plus,Cardiomegaly,energy_box,0.0829915851354599
184,layer3,grad_cam_plus_plus,Cardiomegaly,iou,0.07222738862037659
184,layer3,grad_cam_plus_plus,Cardiomegaly,distance,0.8779441151290237
184,layer3,xgrad_cam,Cardiomegaly,pointing_game,1.0
184,layer3,xgrad_cam,Cardiomegaly,energy_box,0.22187162935733795
184,layer3,xgrad_cam,Cardiomegaly,iou,0.30493369698524475
184,layer3,xgrad_cam,Cardiomegaly,distance,0.1424471913217995
184,layer4,grad_cam,Cardiomegaly,pointing_game,1.0
184,layer4,grad_cam,Cardiomegaly,energy_box,0.22394441068172455
184,layer4,grad_cam,Cardiomegaly,iou,0.40363752841949463
184,layer4,grad_cam,Cardiomegaly,distance,0.3713026723973171
184,layer4,grad_cam_plus_plus,Cardiomegaly,pointing_game,1.0
184,layer4,grad_cam_plus_plus,Cardiomegaly,energy_box,0.16399730741977692
184,layer4,grad_cam_plus_plus,Cardiomegaly,iou,0.35200291872024536
184,layer4,grad_cam_plus_plus,Cardiomegaly,distance,0.14559015547932241
184,layer4,xgrad_cam,Cardiomegaly,pointing_game,1.0
184,layer4,xgrad_cam,Cardiomegaly,energy_box,0.22394439578056335
184,layer4,xgrad_cam,Cardiomegaly,iou,0.40363752841949463
184,layer4,xgrad_cam,Cardiomegaly,distance,0.3713026723973171
185,layer3,grad_cam,No finding,entropy,14.988848686218262
185,layer3,grad_cam,No finding,top_1pct,0.040248945355415344
185,layer3,grad_cam_plus_plus,No finding,entropy,15.589133262634277
185,layer3,grad_cam_plus_plus,No finding,top_1pct,0.016429420560598373
185,layer3,xgrad_cam,No finding,entropy,15.070243835449219
185,layer3,xgrad_cam,No finding,top_1pct,0.03737599030137062
185,layer4,grad_cam,No finding,entropy,15.137552261352539
185,layer4,grad_cam,No finding,top_1pct,0.030502617359161377
185,layer4,grad_cam_plus_plus,No finding,entropy,15.270463943481445
185,layer4,grad_cam_plus_plus,No finding,top_1pct,0.02757999673485756
185,layer4,xgrad_cam,No finding,entropy,15.137552261352539
185,layer4,xgrad_cam,No finding,top_1pct,0.030502619221806526
186,layer3,grad_cam,No finding,entropy,15.204951286315918
186,layer3,grad_cam,No finding,top_1pct,0.03860482946038246
186,layer3,grad_cam_plus_plus,No finding,entropy,15.586225509643555
186,layer3,grad_cam_plus_plus,No finding,top_1pct,0.017183518037199974
186,layer3,xgrad_cam,No finding,entropy,15.017435073852539
186,layer3,xgrad_cam,No finding,top_1pct,0.04935360327363014
186,layer4,grad_cam,No finding,entropy,14.556951522827148
186,layer4,grad_cam,No finding,top_1pct,0.05089535564184189
186,layer4,grad_cam_plus_plus,No finding,entropy,15.008811950683594
186,layer4,grad_cam_plus_plus,No finding,top_1pct,0.038992989808321
186,layer4,xgrad_cam,No finding,entropy,14.556950569152832
186,layer4,xgrad_cam,No finding,top_1pct,0.05089534819126129
187,layer3,grad_cam,Aortic enlargement,pointing_game,0.0
187,layer3,grad_cam,Aortic enlargement,energy_box,0.014537591487169266
187,layer3,grad_cam,Aortic enlargement,iou,0.0
187,layer3,grad_cam,Aortic enlargement,distance,3.1449844343322773
187,layer3,grad_cam_plus_plus,Aortic enlargement,pointing_game,0.0
187,layer3,grad_cam_plus_plus,Aortic enlargement,energy_box,0.007841425016522408
187,layer3,grad_cam_plus_plus,Aortic enlargement,iou,0.0017576237441971898
187,layer3,grad_cam_plus_plus,Aortic enlargement,distance,2.7006838116457397
187,layer3,xgrad_cam,Aortic enlargement,pointing_game,0.0
187,layer3,xgrad_cam,Aortic enlargement,energy_box,0.009513719007372856
187,layer3,xgrad_cam,Aortic enlargement,iou,0.0
187,layer3,xgrad_cam,Aortic enlargement,distance,3.1449844343322773
187,layer4,grad_cam,Aortic enlargement,pointing_game,0.0
187,layer4,grad_cam,Aortic enlargement,energy_box,0.017592761665582657
187,layer4,grad_cam,Aortic enlargement,iou,0.03801335021853447
187,layer4,grad_cam,Aortic enlargement,distance,0.7306931198917037
187,layer4,grad_cam_plus_plus,Aortic enlargement,pointing_game,0.0
187,layer4,grad_cam_plus_plus,Aortic enlargement,energy_box,0.010466190986335278
187,layer4,grad_cam_plus_plus,Aortic enlargement,iou,0.02646220661699772
187,layer4,grad_cam_plus_plus,Aortic enlargement,distance,2.578175982991667
187,layer4,xgrad_cam,Aortic enlargement,pointing_game,0.0
187,layer4,xgrad_cam,Aortic enlargement,energy_box,0.017592761665582657
187,layer4,xgrad_cam,Aortic enlargement,iou,0.03801335021853447
187,layer4,xgrad_cam,Aortic enlargement,distance,0.7306931198917037
187,layer3,grad_cam,Consolidation,pointing_game,1.0
187,layer3,grad_cam,Consolidation,energy_box,0.118327297270298
187,layer3,grad_cam,Consolidation,iou,0.12157276272773743
187,layer3,grad_cam,Consolidation,distance,0.15871036853528214
187,layer3,grad_cam_plus_plus,Consolidation,pointing_game,0.0
187,layer3,grad_cam_plus_plus,Consolidation,energy_box,0.05090057849884033
187,layer3,grad_cam_plus_plus,Consolidation,iou,0.05112766847014427
187,layer3,grad_cam_plus_plus,Consolidation,distance,1.4594290754594814
187,layer3,xgrad_cam,Consolidation,pointing_game,1.0
187,layer3,xgrad_cam,Consolidation,energy_box,0.09360051155090332
187,layer3,xgrad_cam,Consolidation,iou,0.09605816751718521
187,layer3,xgrad_cam,Consolidation,distance,0.15871036853528214
187,layer4,grad_cam,Consolidation,pointing_game,1.0
187,layer4,grad_cam,Consolidation,energy_box,0.16421474516391754
187,layer4,grad_cam,Consolidation,iou,0.12314286082983017
187,layer4,grad_cam,Consolidation,distance,0.36269944883554583
187,layer4,grad_cam_plus_plus,Consolidation,pointing_game,0.0
187,layer4,grad_cam_plus_plus,Consolidation,energy_box,0.08576859533786774
187,layer4,grad_cam_plus_plus,Consolidation,iou,0.20277833938598633
187,layer4,grad_cam_plus_plus,Consolidation,distance,0.8587748880819244
187,layer4,xgrad_cam,Consolidation,pointing_game,1.0
187,layer4,xgrad_cam,Consolidation,energy_box,0.16421477496623993
187,layer4,xgrad_cam,Consolidation,iou,0.12314286082983017
187,layer4,xgrad_cam,Consolidation,distance,0.36269944883554583
187,layer3,grad_cam,Lung Opacity,pointing_game,1.0
187,layer3,grad_cam,Lung Opacity,energy_box,0.06623966991901398
187,layer3,grad_cam,Lung Opacity,iou,0.08402939885854721
187,layer3,grad_cam,Lung Opacity,distance,0.38918783627745673
187,layer3,grad_cam_plus_plus,Lung Opacity,pointing_game,0.0
187,layer3,grad_cam_plus_plus,Lung Opacity,energy_box,0.028034666553139687
187,layer3,grad_cam_plus_plus,Lung Opacity,iou,0.02342749945819378
187,layer3,grad_cam_plus_plus,Lung Opacity,distance,1.8877708275460183
187,layer3,xgrad_cam,Lung Opacity,pointing_game,1.0
187,layer3,xgrad_cam,Lung Opacity,energy_box,0.05498402938246727
187,layer3,xgrad_cam,Lung Opacity,iou,0.06701584905385971
187,layer3,xgrad_cam,Lung Opacity,distance,0.38918783627745673
187,layer4,grad_cam,Lung Opacity,pointing_game,0.0
187,layer4,grad_cam,Lung Opacity,energy_box,0.05316714569926262
187,layer4,grad_cam,Lung Opacity,iou,0.036225877702236176
187,layer4,grad_cam,Lung Opacity,distance,3.0305175730615064
187,layer4,grad_cam_plus_plus,Lung Opacity,pointing_game,0.0
187,layer4,grad_cam_plus_plus,Lung Opacity,energy_box,0.038636282086372375
187,layer4,grad_cam_plus_plus,Lung Opacity,iou,0.06479652225971222
187,layer4,grad_cam_plus_plus,Lung Opacity,distance,1.0856574197661784
187,layer4,xgrad_cam,Lung Opacity,pointing_game,0.0
187,layer4,xgrad_cam,Lung Opacity,energy_box,0.05316714942455292
187,layer4,xgrad_cam,Lung Opacity,iou,0.036225877702236176
187,layer4,xgrad_cam,Lung Opacity,distance,3.0305175730615064
187,layer3,grad_cam,Nodule/Mass,pointing_game,0.0
187,layer3,grad_cam,Nodule/Mass,energy_box,0.05242915078997612
187,layer3,grad_cam,Nodule/Mass,iou,0.015681926161050797
187,layer3,grad_cam,Nodule/Mass,distance,2.5025235107574484
187,layer3,grad_cam_plus_plus,Nodule/Mass,pointing_game,0.0
187,layer3,grad_cam_plus_plus,Nodule/Mass,energy_box,0.04795125499367714
187,layer3,grad_cam_plus_plus,Nodule/Mass,iou,0.05045776069164276
187,layer3,grad_cam_plus_plus,Nodule/Mass,distance,2.095976652806982
187,layer3,xgrad_cam,Nodule/Mass,pointing_game,0.0
187,layer3,xgrad_cam,Nodule/Mass,energy_box,0.05543925613164902
187,layer3,xgrad_cam,Nodule/Mass,iou,0.0007281553116627038
187,layer3,xgrad_cam,Nodule/Mass,distance,2.2941898577788353
187,layer4,grad_cam,Nodule/Mass,pointing_game,0.0
187,layer4,grad_cam,Nodule/Mass,energy_box,0.09696566313505173
187,layer4,grad_cam,Nodule/Mass,iou,0.06387096643447876
187,layer4,grad_cam,Nodule/Mass,distance,1.638025424866421
187,layer4,grad_cam_plus_plus,Nodule/Mass,pointing_game,1.0
187,layer4,grad_cam_plus_plus,Nodule/Mass,energy_box,0.05911462381482124
187,layer4,grad_cam_plus_plus,Nodule/Mass,iou,0.05959818512201309
187,layer4,grad_cam_plus_plus,Nodule/Mass,distance,0.36269944883554583
187,layer4,xgrad_cam,Nodule/Mass,pointing_game,0.0
187,layer4,xgrad_cam,Nodule/Mass,energy_box,0.09696569293737411
187,layer4,xgrad_cam,Nodule/Mass,iou,0.06387096643447876
187,layer4,xgrad_cam,Nodule/Mass,distance,1.638025424866421
187,layer3,grad_cam,Pulmonary fibrosis,pointing_game,0.0
187,layer3,grad_cam,Pulmonary fibrosis,energy_box,0.06458905339241028
187,layer3,grad_cam,Pulmonary fibrosis,iou,0.009280742146074772
187,layer3,grad_cam,Pulmonary fibrosis,distance,1.9783575481924027
187,layer3,grad_cam_plus_plus,Pulmonary fibrosis,pointing_game,0.0
187,layer3,grad_cam_plus_plus,Pulmonary fibrosis,energy_box,0.04800991714000702
187,layer3,grad_cam_plus_plus,Pulmonary fibrosis,iou,0.018142463639378548
187,layer3,grad_cam_plus_plus,Pulmonary fibrosis,distance,0.5450682217280465
187,layer3,xgrad_cam,Pulmonary fibrosis,pointing_game,0.0
187,layer3,xgrad_cam,Pulmonary fibrosis,energy_box,0.06112879142165184
187,layer3,xgrad_cam,Pulmonary fibrosis,iou,0.011514614336192608
187,layer3,xgrad_cam,Pulmonary fibrosis,distance,1.9783575481924027
187,layer4,grad_cam,Pulmonary fibrosis,pointing_game,0.0
187,layer4,grad_cam,Pulmonary fibrosis,energy_box,0.04186054691672325
187,layer4,grad_cam,Pulmonary fibrosis,iou,0.0
187,layer4,grad_cam,Pulmonary fibrosis,distance,1.1197500529842883
187,layer4,grad_cam_plus_plus,Pulmonary fibrosis,pointing_game,0.0
187,layer4,grad_cam_plus_plus,Pulmonary fibrosis,energy_box,0.059187326580286026
187,layer4,grad_cam_plus_plus,Pulmonary fibrosis,iou,0.0750998929142952
187,layer4,grad_cam_plus_plus,Pulmonary fibrosis,distance,1.2595461546661002
187,layer4,xgrad_cam,Pulmonary fibrosis,pointing_game,0.0
187,layer4,xgrad_cam,Pulmonary fibrosis,energy_box,0.04186055436730385
187,layer4,xgrad_cam,Pulmonary fibrosis,iou,0.0
187,layer4,xgrad_cam,Pulmonary fibrosis,distance,1.1197500529842883
188,layer3,grad_cam,Aortic enlargement,pointing_game,0.0
188,layer3,grad_cam,Aortic enlargement,energy_box,0.01552183274179697
188,layer3,grad_cam,Aortic enlargement,iou,0.0
188,layer3,grad_cam,Aortic enlargement,distance,1.036328865191651
188,layer3,grad_cam_plus_plus,Aortic enlargement,pointing_game,0.0
188,layer3,grad_cam_plus_plus,Aortic enlargement,energy_box,0.01451472844928503
188,layer3,grad_cam_plus_plus,Aortic enlargement,iou,0.0003256268391851336
188,layer3,grad_cam_plus_plus,Aortic enlargement,distance,1.3814736855673102
188,layer3,xgrad_cam,Aortic enlargement,pointing_game,0.0
188,layer3,xgrad_cam,Aortic enlargement,energy_box,0.007281722966581583
188,layer3,xgrad_cam,Aortic enlargement,iou,0.0
188,layer3,xgrad_cam,Aortic enlargement,distance,1.036328865191651
188,layer4,grad_cam,Aortic enlargement,pointing_game,0.0
188,layer4,grad_cam,Aortic enlargement,energy_box,0.016113029792904854
188,layer4,grad_cam,Aortic enlargement,iou,0.005543151870369911
188,layer4,grad_cam,Aortic enlargement,distance,1.2726845328775105
188,layer4,grad_cam_plus_plus,Aortic enlargement,pointing_game,0.0
188,layer4,grad_cam_plus_plus,Aortic enlargement,energy_box,0.023384833708405495
188,layer4,grad_cam_plus_plus,Aortic enlargement,iou,0.07414355129003525
188,layer4,grad_cam_plus_plus,Aortic enlargement,distance,1.2418122411825172
188,layer4,xgrad_cam,Aortic enlargement,pointing_game,0.0
188,layer4,xgrad_cam,Aortic enlargement,energy_box,0.016113026067614555
188,layer4,xgrad_cam,Aortic enlargement,iou,0.005543151870369911
188,layer4,xgrad_cam,Aortic enlargement,distance,1.2726845328775105
188,layer3,grad_cam,Cardiomegaly,pointing_game,1.0
188,layer3,grad_cam,Cardiomegaly,energy_box,0.1080237329006195
188,layer3,grad_cam,Cardiomegaly,iou,0.1674071103334427
188,layer3,grad_cam,Cardiomegaly,distance,0.03183802438314388
188,layer3,grad_cam_plus_plus,Cardiomegaly,pointing_game,0.0
188,layer3,grad_cam_plus_plus,Cardiomegaly,energy_box,0.0514562763273716
188,layer3,grad_cam_plus_plus,Cardiomegaly,iou,0.08686702698469162
188,layer3,grad_cam_plus_plus,Cardiomegaly,distance,1.1079088997246813
188,layer3,xgrad_cam,Cardiomegaly,pointing_game,0.0
188,layer3,xgrad_cam,Cardiomegaly,energy_box,0.1004546508193016
188,layer3,xgrad_cam,Cardiomegaly,iou,0.1624850630760193
188,layer3,xgrad_cam,Cardiomegaly,distance,0.21326738359530154
188,layer4,grad_cam,Cardiomegaly,pointing_game,0.0
188,layer4,grad_cam,Cardiomegaly,energy_box,0.07712698727846146
188,layer4,grad_cam,Cardiomegaly,iou,0.10067178308963776
188,layer4,grad_cam,Cardiomegaly,distance,0.5396147803832779
188,layer4,grad_cam_plus_plus,Cardiomegaly,pointing_game,1.0
188,layer4,grad_cam_plus_plus,Cardiomegaly,energy_box,0.10768560320138931
188,layer4,grad_cam_plus_plus,Cardiomegaly,iou,0.271750807762146
188,layer4,grad_cam_plus_plus,Cardiomegaly,distance,0.22998501679632444
188,layer4,xgrad_cam,Cardiomegaly,pointing_game,0.0
188,layer4,xgrad_cam,Cardiomegaly,energy_box,0.07712697982788086
188,layer4,xgrad_cam,Cardiomegaly,iou,0.10067178308963776
188,layer4,xgrad_cam,Cardiomegaly,distance,0.5396147803832779
189,layer3,grad_cam,No finding,entropy,15.042135238647461
189,layer3,grad_cam,No finding,top_1pct,0.04585808888077736
189,layer3,grad_cam_plus_plus,No finding,entropy,15.584197044372559
189,layer3,grad_cam_plus_plus,No finding,top_1pct,0.02026098407804966
189,layer3,xgrad_cam,No finding,entropy,15.114066123962402
189,layer3,xgrad_cam,No finding,top_1pct,0.04683322831988335
189,layer4,grad_cam,No finding,entropy,14.667511940002441
189,layer4,grad_cam,No finding,top_1pct,0.038174986839294434
189,layer4,grad_cam_plus_plus,No finding,entropy,14.96957778930664
189,layer4,grad_cam_plus_plus,No finding,top_1pct,0.03355430066585541
189,layer4,xgrad_cam,No finding,entropy,14.667512893676758
189,layer4,xgrad_cam,No finding,top_1pct,0.038174986839294434
190,layer3,grad_cam,No finding,entropy,14.585740089416504
190,layer3,grad_cam,No finding,top_1pct,0.052579935640096664
190,layer3,grad_cam_plus_plus,No finding,entropy,15.585926055908203
190,layer3,grad_cam_plus_plus,No finding,top_1pct,0.017865540459752083
190,layer3,xgrad_cam,No finding,entropy,14.990805625915527
190,layer3,xgrad_cam,No finding,top_1pct,0.037546172738075256
190,layer4,grad_cam,No finding,entropy,14.853287696838379
190,layer4,grad_cam,No finding,top_1pct,0.04019562900066376
190,layer4,grad_cam_plus_plus,No finding,entropy,15.091110229492188
190,layer4,grad_cam_plus_plus,No finding,top_1pct,0.03440822660923004
190,layer4,xgrad_cam,No finding,entropy,14.853287696838379
190,layer4,xgrad_cam,No finding,top_1pct,0.04019562900066376
191,layer3,grad_cam,Aortic enlargement,pointing_game,0.0
191,layer3,grad_cam,Aortic enlargement,energy_box,0.007775143254548311
191,layer3,grad_cam,Aortic enlargement,iou,0.0
191,layer3,grad_cam,Aortic enlargement,distance,2.0821699137926633
191,layer3,grad_cam_plus_plus,Aortic enlargement,pointing_game,0.0
191,layer3,grad_cam_plus_plus,Aortic enlargement,energy_box,0.012875822372734547
191,layer3,grad_cam_plus_plus,Aortic enlargement,iou,0.01565724052488804
191,layer3,grad_cam_plus_plus,Aortic enlargement,distance,1.2645126192687532
191,layer3,xgrad_cam,Aortic enlargement,pointing_game,0.0
191,layer3,xgrad_cam,Aortic enlargement,energy_box,0.007769204210489988
191,layer3,xgrad_cam,Aortic enlargement,iou,0.0
191,layer3,xgrad_cam,Aortic enlargement,distance,2.0821699137926633
191,layer4,grad_cam,Aortic enlargement,pointing_game,0.0
191,layer4,grad_cam,Aortic enlargement,energy_box,0.024440646171569824
191,layer4,grad_cam,Aortic enlargement,iou,0.06935614347457886
191,layer4,grad_cam,Aortic enlargement,distance,1.4684784260627344
191,layer4,grad_cam_plus_plus,Aortic enlargement,pointing_game,0.0
191,layer4,grad_cam_plus_plus,Aortic enlargement,energy_box,0.021608969196677208
191,layer4,grad_cam_plus_plus,Aortic enlargement,iou,0.05293872579932213
191,layer4,grad_cam_plus_plus,Aortic enlargement,distance,1.4603795816208602
191,layer4,xgrad_cam,Aortic enlargement,pointing_game,0.0
191,layer4,xgrad_cam,Aortic enlargement,energy_box,0.024440646171569824
191,layer4,xgrad_cam,Aortic enlargement,iou,0.06935614347457886
191,layer4,xgrad_cam,Aortic enlargement,distance,1.4684784260627344
191,layer3,grad_cam,Calcification,pointing_game,0.0
191,layer3,grad_cam,Calcification,energy_box,0.002348152222111821
191,layer3,grad_cam,Calcification,iou,0.0
191,layer3,grad_cam,Calcification,distance,3.576457639695727
191,layer3,grad_cam_plus_plus,Calcification,pointing_game,0.0
191,layer3,grad_cam_plus_plus,Calcification,energy_box,0.0014855741756036878
191,layer3,grad_cam_plus_plus,Calcification,iou,0.0018939906731247902
191,layer3,grad_cam_plus_plus,Calcification,distance,17.769824930458554
191,layer3,xgrad_cam,Calcification,pointing_game,0.0
191,layer3,xgrad_cam,Calcification,energy_box,0.0015296967467293143
191,layer3,xgrad_cam,Calcification,iou,0.0
191,layer3,xgrad_cam,Calcification,distance,6.1695376041936525
191,layer4,grad_cam,Calcification,pointing_game,0.0
191,layer4,grad_cam,Calcification,energy_box,0.008422193117439747
191,layer4,grad_cam,Calcification,iou,0.0
191,layer4,grad_cam,Calcification,distance,4.119045018190737
191,layer4,grad_cam_plus_plus,Calcification,pointing_game,0.0
191,layer4,grad_cam_plus_plus,Calcification,energy_box,0.0025889568496495485
191,layer4,grad_cam_plus_plus,Calcification,iou,0.005480309948325157
191,layer4,grad_cam_plus_plus,Calcification,distance,4.2946572076890295
191,layer4,xgrad_cam,Calcification,pointing_game,0.0
191,layer4,xgrad_cam,Calcification,energy_box,0.00842219777405262
191,layer4,xgrad_cam,Calcification,iou,0.0
191,layer4,xgrad_cam,Calcification,distance,4.119045018190737
191,layer3,grad_cam,Cardiomegaly,pointing_game,0.0
191,layer3,grad_cam,Cardiomegaly,energy_box,0.0074930437840521336
191,layer3,grad_cam,Cardiomegaly,iou,0.0
191,layer3,grad_cam,Cardiomegaly,distance,0.5886176966573778
191,layer3,grad_cam_plus_plus,Cardiomegaly,pointing_game,0.0
191,layer3,grad_cam_plus_plus,Cardiomegaly,energy_box,0.03359682857990265
191,layer3,grad_cam_plus_plus,Cardiomegaly,iou,0.016731496900320053
191,layer3,grad_cam_plus_plus,Cardiomegaly,distance,1.4058199359817385
191,layer3,xgrad_cam,Cardiomegaly,pointing_game,0.0
191,layer3,xgrad_cam,Cardiomegaly,energy_box,0.008226008154451847
191,layer3,xgrad_cam,Cardiomegaly,iou,0.0
191,layer3,xgrad_cam,Cardiomegaly,distance,0.5886176966573778
191,layer4,grad_cam,Cardiomegaly,pointing_game,0.0
191,layer4,grad_cam,Cardiomegaly,energy_box,0.02000555396080017
191,layer4,grad_cam,Cardiomegaly,iou,0.009490452706813812
191,layer4,grad_cam,Cardiomegaly,distance,0.7530610511117561
191,layer4,grad_cam_plus_plus,Cardiomegaly,pointing_game,0.0
191,layer4,grad_cam_plus_plus,Cardiomegaly,energy_box,0.06489159911870956
191,layer4,grad_cam_plus_plus,Cardiomegaly,iou,0.12665270268917084
191,layer4,grad_cam_plus_plus,Cardiomegaly,distance,0.743501154557342
191,layer4,xgrad_cam,Cardiomegaly,pointing_game,0.0
191,layer4,xgrad_cam,Cardiomegaly,energy_box,0.020005546510219574
191,layer4,xgrad_cam,Cardiomegaly,iou,0.009490452706813812
191,layer4,xgrad_cam,Cardiomegaly,distance,0.7530610511117561
191,layer3,grad_cam,ILD,pointing_game,0.0
191,layer3,grad_cam,ILD,energy_box,0.04716775193810463
191,layer3,grad_cam,ILD,iou,0.06092947721481323
191,layer3,grad_cam,ILD,distance,0.9287132272664895
191,layer3,grad_cam_plus_plus,ILD,pointing_game,0.0
191,layer3,grad_cam_plus_plus,ILD,energy_box,0.05448761582374573
191,layer3,grad_cam_plus_plus,ILD,iou,0.04302277788519859
191,layer3,grad_cam_plus_plus,ILD,distance,0.9284170041930553
191,layer3,xgrad_cam,ILD,pointing_game,0.0
191,layer3,xgrad_cam,ILD,energy_box,0.061170026659965515
191,layer3,xgrad_cam,ILD,iou,0.01852303184568882
191,layer3,xgrad_cam,ILD,distance,0.9287132272664895
191,layer4,grad_cam,ILD,pointing_game,0.0
191,layer4,grad_cam,ILD,energy_box,0.05068928375840187
191,layer4,grad_cam,ILD,iou,0.013193082995712757
191,layer4,grad_cam,ILD,distance,1.1723687382133794
191,layer4,grad_cam_plus_plus,ILD,pointing_game,1.0
191,layer4,grad_cam_plus_plus,ILD,energy_box,0.0814543068408966
191,layer4,grad_cam_plus_plus,ILD,iou,0.1275007277727127
191,layer4,grad_cam_plus_plus,ILD,distance,0.32470690234580635
191,layer4,xgrad_cam,ILD,pointing_game,0.0
191,layer4,xgrad_cam,ILD,energy_box,0.05068928375840187
191,layer4,xgrad_cam,ILD,iou,0.013193082995712757
191,layer4,xgrad_cam,ILD,distance,1.1723687382133794
191,layer3,grad_cam,Pleural effusion,pointing_game,0.0
191,layer3,grad_cam,Pleural effusion,energy_box,0.0012574185384437442
191,layer3,grad_cam,Pleural effusion,iou,0.0
191,layer3,grad_cam,Pleural effusion,distance,5.634506681525451
191,layer3,grad_cam_plus_plus,Pleural effusion,pointing_game,0.0
191,layer3,grad_cam_plus_plus,Pleural effusion,energy_box,0.004649688955396414
191,layer3,grad_cam_plus_plus,Pleural effusion,iou,0.0
191,layer3,grad_cam_plus_plus,Pleural effusion,distance,5.634506681525451
191,layer3,xgrad_cam,Pleural effusion,pointing_game,0.0
191,layer3,xgrad_cam,Pleural effusion,energy_box,0.000853006902616471
191,layer3,xgrad_cam,Pleural effusion,iou,0.0
191,layer3,xgrad_cam,Pleural effusion,distance,5.634506681525451
191,layer4,grad_cam,Pleural effusion,pointing_game,0.0
191,layer4,grad_cam,Pleural effusion,energy_box,0.0
191,layer4,grad_cam,Pleural effusion,iou,0.0
191,layer4,grad_cam,Pleural effusion,distance,3.4463578900905327
191,layer4,grad_cam_plus_plus,Pleural effusion,pointing_game,0.0
191,layer4,grad_cam_plus_plus,Pleural effusion,energy_box,0.007124276366084814
191,layer4,grad_cam_plus_plus,Pleural effusion,iou,0.005044779274612665
191,layer4,grad_cam_plus_plus,Pleural effusion,distance,3.0698877945037317
191,layer4,xgrad_cam,Pleural effusion,pointing_game,0.0
191,layer4,xgrad_cam,Pleural effusion,energy_box,0.0
191,layer4,xgrad_cam,Pleural effusion,iou,0.0
191,layer4,xgrad_cam,Pleural effusion,distance,3.4463578900905327
191,layer3,grad_cam,Pleural thickening,pointing_game,0.0
191,layer3,grad_cam,Pleural thickening,energy_box,0.010536259971559048
191,layer3,grad_cam,Pleural thickening,iou,0.0
191,layer3,grad_cam,Pleural thickening,distance,1.067520404476866
191,layer3,grad_cam_plus_plus,Pleural thickening,pointing_game,0.0
191,layer3,grad_cam_plus_plus,Pleural thickening,energy_box,0.005144497845321894
191,layer3,grad_cam_plus_plus,Pleural thickening,iou,0.003273774404078722
191,layer3,grad_cam_plus_plus,Pleural thickening,distance,1.0836036836538308
191,layer3,xgrad_cam,Pleural thickening,pointing_game,0.0
191,layer3,xgrad_cam,Pleural thickening,energy_box,0.008588539436459541
191,layer3,xgrad_cam,Pleural thickening,iou,0.0
191,layer3,xgrad_cam,Pleural thickening,distance,1.0836036836538308
191,layer4,grad_cam,Pleural thickening,pointing_game,0.0
191,layer4,grad_cam,Pleural thickening,energy_box,0.016763899475336075
191,layer4,grad_cam,Pleural thickening,iou,0.0
191,layer4,grad_cam,Pleural thickening,distance,5.541660536836967
191,layer4,grad_cam_plus_plus,Pleural thickening,pointing_game,0.0
191,layer4,grad_cam_plus_plus,Pleural thickening,energy_box,0.008889089338481426
191,layer4,grad_cam_plus_plus,Pleural thickening,iou,0.01575210690498352
191,layer4,grad_cam_plus_plus,Pleural thickening,distance,1.0050819998021931
191,layer4,xgrad_cam,Pleural thickening,pointing_game,0.0
191,layer4,xgrad_cam,Pleural thickening,energy_box,0.016763905063271523
191,layer4,xgrad_cam,Pleural thickening,iou,0.0
191,layer4,xgrad_cam,Pleural thickening,distance,5.541660536836967
192,layer3,grad_cam,No finding,entropy,15.022012710571289
192,layer3,grad_cam,No finding,top_1pct,0.0408167690038681
192,layer3,grad_cam_plus_plus,No finding,entropy,15.576778411865234
192,layer3,grad_cam_plus_plus,No finding,top_1pct,0.017025383189320564
192,layer3,xgrad_cam,No finding,entropy,15.074995040893555
192,layer3,xgrad_cam,No finding,top_1pct,0.04570446535944939
192,layer4,grad_cam,No finding,entropy,14.542879104614258
192,layer4,grad_cam,No finding,top_1pct,0.04858841001987457
192,layer4,grad_cam_plus_plus,No finding,entropy,14.955232620239258
192,layer4,grad_cam_plus_plus,No finding,top_1pct,0.03886609897017479
192,layer4,xgrad_cam,No finding,entropy,14.542879104614258
192,layer4,xgrad_cam,No finding,top_1pct,0.04858841001987457
193,layer3,grad_cam,No finding,entropy,14.883306503295898
193,layer3,grad_cam,No finding,top_1pct,0.04102173447608948
193,layer3,grad_cam_plus_plus,No finding,entropy,15.390972137451172
193,layer3,grad_cam_plus_plus,No finding,top_1pct,0.050391726195812225
193,layer3,xgrad_cam,No finding,entropy,14.865201950073242
193,layer3,xgrad_cam,No finding,top_1pct,0.09185166656970978
193,layer4,grad_cam,No finding,entropy,14.489680290222168
193,layer4,grad_cam,No finding,top_1pct,0.04432898759841919
193,layer4,grad_cam_plus_plus,No finding,entropy,14.74775505065918
193,layer4,grad_cam_plus_plus,No finding,top_1pct,0.04043016955256462
193,layer4,xgrad_cam,No finding,entropy,14.489679336547852
193,layer4,xgrad_cam,No finding,top_1pct,0.04432898759841919
194,layer3,grad_cam,Aortic enlargement,pointing_game,0.0
194,layer3,grad_cam,Aortic enlargement,energy_box,0.02773590385913849
194,layer3,grad_cam,Aortic enlargement,iou,0.006785934790968895
194,layer3,grad_cam,Aortic enlargement,distance,2.597939629029681
194,layer3,grad_cam_plus_plus,Aortic enlargement,pointing_game,0.0
194,layer3,grad_cam_plus_plus,Aortic enlargement,energy_box,0.012738926336169243
194,layer3,grad_cam_plus_plus,Aortic enlargement,iou,0.02175411395728588
194,layer3,grad_cam_plus_plus,Aortic enlargement,distance,5.296197294069603
194,layer3,xgrad_cam,Aortic enlargement,pointing_game,0.0
194,layer3,xgrad_cam,Aortic enlargement,energy_box,0.022600462660193443
194,layer3,xgrad_cam,Aortic enlargement,iou,0.0
194,layer3,xgrad_cam,Aortic enlargement,distance,2.597939629029681
194,layer4,grad_cam,Aortic enlargement,pointing_game,0.0
194,layer4,grad_cam,Aortic enlargement,energy_box,0.010181139223277569
194,layer4,grad_cam,Aortic enlargement,iou,0.002908257767558098
194,layer4,grad_cam,Aortic enlargement,distance,0.9316151109381768
194,layer4,grad_cam_plus_plus,Aortic enlargement,pointing_game,0.0
194,layer4,grad_cam_plus_plus,Aortic enlargement,energy_box,0.013907342217862606
194,layer4,grad_cam_plus_plus,Aortic enlargement,iou,0.022042689844965935
194,layer4,grad_cam_plus_plus,Aortic enlargement,distance,0.9095805330801331
194,layer4,xgrad_cam,Aortic enlargement,pointing_game,0.0
194,layer4,xgrad_cam,Aortic enlargement,energy_box,0.010181138291954994
194,layer4,xgrad_cam,Aortic enlargement,iou,0.002908257767558098
194,layer4,xgrad_cam,Aortic enlargement,distance,0.9316151109381768
194,layer3,grad_cam,Other lesion,pointing_game,0.0
194,layer3,grad_cam,Other lesion,energy_box,0.04961726814508438
194,layer3,grad_cam,Other lesion,iou,0.0030691460706293583
194,layer3,grad_cam,Other lesion,distance,2.822291527193705
194,layer3,grad_cam_plus_plus,Other lesion,pointing_game,0.0
194,layer3,grad_cam_plus_plus,Other lesion,energy_box,0.056553930044174194
194,layer3,grad_cam_plus_plus,Other lesion,iou,0.07399110496044159
194,layer3,grad_cam_plus_plus,Other lesion,distance,2.3543826713539047
194,layer3,xgrad_cam,Other lesion,pointing_game,0.0
194,layer3,xgrad_cam,Other lesion,energy_box,0.03878386691212654
194,layer3,xgrad_cam,Other lesion,iou,0.0
194,layer3,xgrad_cam,Other lesion,distance,2.1031024092394364
194,layer4,grad_cam,Other lesion,pointing_game,0.0
194,layer4,grad_cam,Other lesion,energy_box,0.07082931697368622
194,layer4,grad_cam,Other lesion,iou,0.004557885229587555
194,layer4,grad_cam,Other lesion,distance,0.7672383061109
194,layer4,grad_cam_plus_plus,Other lesion,pointing_game,0.0
194,layer4,grad_cam_plus_plus,Other lesion,energy_box,0.06244199723005295
194,layer4,grad_cam_plus_plus,Other lesion,iou,0.09161894768476486
194,layer4,grad_cam_plus_plus,Other lesion,distance,1.146188678259896
194,layer4,xgrad_cam,Other lesion,pointing_game,0.0
194,layer4,xgrad_cam,Other lesion,energy_box,0.0708293691277504
194,layer4,xgrad_cam,Other lesion,iou,0.004557885229587555
194,layer4,xgrad_cam,Other lesion,distance,0.7672383061109
195,layer3,grad_cam,No finding,entropy,14.979854583740234
195,layer3,grad_cam,No finding,top_1pct,0.04322873428463936
195,layer3,grad_cam_plus_plus,No finding,entropy,15.589386940002441
195,layer3,grad_cam_plus_plus,No finding,top_1pct,0.017970001325011253
195,layer3,xgrad_cam,No finding,entropy,15.261896133422852
195,layer3,xgrad_cam,No finding,top_1pct,0.03199761360883713
195,layer4,grad_cam,No finding,entropy,14.724396705627441
195,layer4,grad_cam,No finding,top_1pct,0.04320738464593887
195,layer4,grad_cam_plus_plus,No finding,entropy,15.103073120117188
195,layer4,grad_cam_plus_plus,No finding,top_1pct,0.03670140728354454
195,layer4,xgrad_cam,No finding,entropy,14.724396705627441
195,layer4,xgrad_cam,No finding,top_1pct,0.04320738837122917
196,layer3,grad_cam,Aortic enlargement,pointing_game,0.0
196,layer3,grad_cam,Aortic enlargement,energy_box,0.034450557082891464
196,layer3,grad_cam,Aortic enlargement,iou,0.01780821941792965
196,layer3,grad_cam,Aortic enlargement,distance,2.672784007615813
196,layer3,grad_cam_plus_plus,Aortic enlargement,pointing_game,0.0
196,layer3,grad_cam_plus_plus,Aortic enlargement,energy_box,0.012223567813634872
196,layer3,grad_cam_plus_plus,Aortic enlargement,iou,0.02680991031229496
196,layer3,grad_cam_plus_plus,Aortic enlargement,distance,2.515185081304266
196,layer3,xgrad_cam,Aortic enlargement,pointing_game,0.0
196,layer3,xgrad_cam,Aortic enlargement,energy_box,0.042796723544597626
196,layer3,xgrad_cam,Aortic enlargement,iou,0.0054682157933712006
196,layer3,xgrad_cam,Aortic enlargement,distance,3.345531169618644
196,layer4,grad_cam,Aortic enlargement,pointing_game,0.0
196,layer4,grad_cam,Aortic enlargement,energy_box,0.018678661435842514
196,layer4,grad_cam,Aortic enlargement,iou,0.03199724853038788
196,layer4,grad_cam,Aortic enlargement,distance,0.6953034183015786
196,layer4,grad_cam_plus_plus,Aortic enlargement,pointing_game,0.0
196,layer4,grad_cam_plus_plus,Aortic enlargement,energy_box,0.01926499232649803
196,layer4,grad_cam_plus_plus,Aortic enlargement,iou,0.026529451832175255
196,layer4,grad_cam_plus_plus,Aortic enlargement,distance,1.581799634710962
196,layer4,xgrad_cam,Aortic enlargement,pointing_game,0.0
196,layer4,xgrad_cam,Aortic enlargement,energy_box,0.018678659573197365
196,layer4,xgrad_cam,Aortic enlargement,iou,0.03199724853038788
196,layer4,xgrad_cam,Aortic enlargement,distance,0.6953034183015786
196,layer3,grad_cam,Nodule/Mass,pointing_game,0.0
196,layer3,grad_cam,Nodule/Mass,energy_box,0.0032808398827910423
196,layer3,grad_cam,Nodule/Mass,iou,0.0
196,layer3,grad_cam,Nodule/Mass,distance,5.156509196445078
196,layer3,grad_cam_plus_plus,Nodule/Mass,pointing_game,0.0
196,layer3,grad_cam_plus_plus,Nodule/Mass,energy_box,0.0017267254879698157
196,layer3,grad_cam_plus_plus,Nodule/Mass,iou,0.00273785088211298
196,layer3,grad_cam_plus_plus,Nodule/Mass,distance,15.285222838591118
196,layer3,xgrad_cam,Nodule/Mass,pointing_game,0.0
196,layer3,xgrad_cam,Nodule/Mass,energy_box,0.0034095956943929195
196,layer3,xgrad_cam,Nodule/Mass,iou,0.0
196,layer3,xgrad_cam,Nodule/Mass,distance,5.156509196445078
196,layer4,grad_cam,Nodule/Mass,pointing_game,0.0
196,layer4,grad_cam,Nodule/Mass,energy_box,0.0014671068638563156
196,layer4,grad_cam,Nodule/Mass,iou,0.0
196,layer4,grad_cam,Nodule/Mass,distance,8.650680021292105
196,layer4,grad_cam_plus_plus,Nodule/Mass,pointing_game,0.0
196,layer4,grad_cam_plus_plus,Nodule/Mass,energy_box,0.0019283097935840487
196,layer4,grad_cam_plus_plus,Nodule/Mass,iou,0.003932878840714693
196,layer4,grad_cam_plus_plus,Nodule/Mass,distance,6.547552786359823
196,layer4,xgrad_cam,Nodule/Mass,pointing_game,0.0
196,layer4,xgrad_cam,Nodule/Mass,energy_box,0.00146710395347327
196,layer4,xgrad_cam,Nodule/Mass,iou,0.0
196,layer4,xgrad_cam,Nodule/Mass,distance,8.650680021292105
196,layer3,grad_cam,Other lesion,pointing_game,0.0
196,layer3,grad_cam,Other lesion,energy_box,0.005605888087302446
196,layer3,grad_cam,Other lesion,iou,0.010321101173758507
196,layer3,grad_cam,Other lesion,distance,7.710415407755513
196,layer3,grad_cam_plus_plus,Other lesion,pointing_game,0.0
196,layer3,grad_cam_plus_plus,Other lesion,energy_box,0.0020024145487695932
196,layer3,grad_cam_plus_plus,Other lesion,iou,0.0035349882673472166
196,layer3,grad_cam_plus_plus,Other lesion,distance,11.740145551254317
196,layer3,xgrad_cam,Other lesion,pointing_game,0.0
196,layer3,xgrad_cam,Other lesion,energy_box,0.005929142702370882
196,layer3,xgrad_cam,Other lesion,iou,0.012796208262443542
196,layer3,xgrad_cam,Other lesion,distance,7.710415407755513
196,layer4,grad_cam,Other lesion,pointing_game,1.0
196,layer4,grad_cam,Other lesion,energy_box,0.0166693776845932
196,layer4,grad_cam,Other lesion,iou,0.02011888474225998
196,layer4,grad_cam,Other lesion,distance,0.18223133940393313
196,layer4,grad_cam_plus_plus,Other lesion,pointing_game,0.0
196,layer4,grad_cam_plus_plus,Other lesion,energy_box,0.0029748447705060244
196,layer4,grad_cam_plus_plus,Other lesion,iou,0.005617619026452303
196,layer4,grad_cam_plus_plus,Other lesion,distance,6.115317741749127
196,layer4,xgrad_cam,Other lesion,pointing_game,1.0
196,layer4,xgrad_cam,Other lesion,energy_box,0.0166693776845932
196,layer4,xgrad_cam,Other lesion,iou,0.02011888474225998
196,layer4,xgrad_cam,Other lesion,distance,0.18223133940393313
196,layer3,grad_cam,Pleural effusion,pointing_game,0.0
196,layer3,grad_cam,Pleural effusion,energy_box,0.0
196,layer3,grad_cam,Pleural effusion,iou,0.0
196,layer3,grad_cam,Pleural effusion,distance,4.022736147226385
196,layer3,grad_cam_plus_plus,Pleural effusion,pointing_game,0.0
196,layer3,grad_cam_plus_plus,Pleural effusion,energy_box,0.0026099125389009714
196,layer3,grad_cam_plus_plus,Pleural effusion,iou,0.0
196,layer3,grad_cam_plus_plus,Pleural effusion,distance,7.901917893571019
196,layer3,xgrad_cam,Pleural effusion,pointing_game,0.0
196,layer3,xgrad_cam,Pleural effusion,energy_box,0.0
196,layer3,xgrad_cam,Pleural effusion,iou,0.0
196,layer3,xgrad_cam,Pleural effusion,distance,6.395660525941685
196,layer4,grad_cam,Pleural effusion,pointing_game,0.0
196,layer4,grad_cam,Pleural effusion,energy_box,0.0011320433113723993
196,layer4,grad_cam,Pleural effusion,iou,0.0
196,layer4,grad_cam,Pleural effusion,distance,3.798268225671475
196,layer4,grad_cam_plus_plus,Pleural effusion,pointing_game,0.0
196,layer4,grad_cam_plus_plus,Pleural effusion,energy_box,0.0024337973445653915
196,layer4,grad_cam_plus_plus,Pleural effusion,iou,0.0
196,layer4,grad_cam_plus_plus,Pleural effusion,distance,4.699571805405858
196,layer4,xgrad_cam,Pleural effusion,pointing_game,0.0
196,layer4,xgrad_cam,Pleural effusion,energy_box,0.0011320438934490085
196,layer4,xgrad_cam,Pleural effusion,iou,0.0
196,layer4,xgrad_cam,Pleural effusion,distance,3.798268225671475
196,layer3,grad_cam,Pleural thickening,pointing_game,0.0
196,layer3,grad_cam,Pleural thickening,energy_box,0.0024121098686009645
196,layer3,grad_cam,Pleural thickening,iou,0.0
196,layer3,grad_cam,Pleural thickening,distance,2.299343347274495
196,layer3,grad_cam_plus_plus,Pleural thickening,pointing_game,0.0
196,layer3,grad_cam_plus_plus,Pleural thickening,energy_box,0.0033079255372285843
196,layer3,grad_cam_plus_plus,Pleural thickening,iou,0.005309128202497959
196,layer3,grad_cam_plus_plus,Pleural thickening,distance,0.6327361940228725
196,layer3,xgrad_cam,Pleural thickening,pointing_game,0.0
196,layer3,xgrad_cam,Pleural thickening,energy_box,0.002866999711841345
196,layer3,xgrad_cam,Pleural thickening,iou,0.0
196,layer3,xgrad_cam,Pleural thickening,distance,2.299343347274495
196,layer4,grad_cam,Pleural thickening,pointing_game,0.0
196,layer4,grad_cam,Pleural thickening,energy_box,0.005531560629606247
196,layer4,grad_cam,Pleural thickening,iou,0.0
196,layer4,grad_cam,Pleural thickening,distance,2.4691801580541752
196,layer4,grad_cam_plus_plus,Pleural thickening,pointing_game,0.0
196,layer4,grad_cam_plus_plus,Pleural thickening,energy_box,0.003357193898409605
196,layer4,grad_cam_plus_plus,Pleural thickening,iou,0.001913836575113237
196,layer4,grad_cam_plus_plus,Pleural thickening,distance,2.5796452467749655
196,layer4,xgrad_cam,Pleural thickening,pointing_game,0.0
196,layer4,xgrad_cam,Pleural thickening,energy_box,0.005531562492251396
196,layer4,xgrad_cam,Pleural thickening,iou,0.0
196,layer4,xgrad_cam,Pleural thickening,distance,2.4691801580541752
197,layer3,grad_cam,Aortic enlargement,pointing_game,0.0
197,layer3,grad_cam,Aortic enlargement,energy_box,0.08520983159542084
197,layer3,grad_cam,Aortic enlargement,iou,0.17062444984912872
197,layer3,grad_cam,Aortic enlargement,distance,3.3947419182869707
197,layer3,grad_cam_plus_plus,Aortic enlargement,pointing_game,0.0
197,layer3,grad_cam_plus_plus,Aortic enlargement,energy_box,0.02249588631093502
197,layer3,grad_cam_plus_plus,Aortic enlargement,iou,0.041163817048072815
197,layer3,grad_cam_plus_plus,Aortic enlargement,distance,0.7882115408500958
197,layer3,xgrad_cam,Aortic enlargement,pointing_game,0.0
197,layer3,xgrad_cam,Aortic enlargement,energy_box,0.0767524242401123
197,layer3,xgrad_cam,Aortic enlargement,iou,0.16915422677993774
197,layer3,xgrad_cam,Aortic enlargement,distance,3.3947419182869707
197,layer4,grad_cam,Aortic enlargement,pointing_game,0.0
197,layer4,grad_cam,Aortic enlargement,energy_box,0.016556013375520706
197,layer4,grad_cam,Aortic enlargement,iou,0.017908763140439987
197,layer4,grad_cam,Aortic enlargement,distance,0.4914675722660935
197,layer4,grad_cam_plus_plus,Aortic enlargement,pointing_game,0.0
197,layer4,grad_cam_plus_plus,Aortic enlargement,energy_box,0.024825282394886017
197,layer4,grad_cam_plus_plus,Aortic enlargement,iou,0.05767393484711647
197,layer4,grad_cam_plus_plus,Aortic enlargement,distance,1.0498493606052808
197,layer4,xgrad_cam,Aortic enlargement,pointing_game,0.0
197,layer4,xgrad_cam,Aortic enlargement,energy_box,0.01655600778758526
197,layer4,xgrad_cam,Aortic enlargement,iou,0.017908763140439987
197,layer4,xgrad_cam,Aortic enlargement,distance,0.4914675722660935
197,layer3,grad_cam,Cardiomegaly,pointing_game,0.0
197,layer3,grad_cam,Cardiomegaly,energy_box,0.12960878014564514
197,layer3,grad_cam,Cardiomegaly,iou,0.15662650763988495
197,layer3,grad_cam,Cardiomegaly,distance,0.24076855446131015
197,layer3,grad_cam_plus_plus,Cardiomegaly,pointing_game,0.0
197,layer3,grad_cam_plus_plus,Cardiomegaly,energy_box,0.05902533605694771
197,layer3,grad_cam_plus_plus,Cardiomegaly,iou,0.05903453752398491
197,layer3,grad_cam_plus_plus,Cardiomegaly,distance,0.2062655600264096
197,layer3,xgrad_cam,Cardiomegaly,pointing_game,0.0
197,layer3,xgrad_cam,Cardiomegaly,energy_box,0.08784966170787811
197,layer3,xgrad_cam,Cardiomegaly,iou,0.11613623797893524
197,layer3,xgrad_cam,Cardiomegaly,distance,0.37250698188656334
197,layer4,grad_cam,Cardiomegaly,pointing_game,1.0
197,layer4,grad_cam,Cardiomegaly,energy_box,0.15024320781230927
197,layer4,grad_cam,Cardiomegaly,iou,0.21664856374263763
197,layer4,grad_cam,Cardiomegaly,distance,0.4259545566660594
197,layer4,grad_cam_plus_plus,Cardiomegaly,pointing_game,1.0
197,layer4,grad_cam_plus_plus,Cardiomegaly,energy_box,0.1430385410785675
197,layer4,grad_cam_plus_plus,Cardiomegaly,iou,0.3206278085708618
197,layer4,grad_cam_plus_plus,Cardiomegaly,distance,0.15896692332957787
197,layer4,xgrad_cam,Cardiomegaly,pointing_game,1.0
197,layer4,xgrad_cam,Cardiomegaly,energy_box,0.15024320781230927
197,layer4,xgrad_cam,Cardiomegaly,iou,0.21664856374263763
197,layer4,xgrad_cam,Cardiomegaly,distance,0.4259545566660594
197,layer3,grad_cam,Other lesion,pointing_game,0.0
197,layer3,grad_cam,Other lesion,energy_box,0.0
197,layer3,grad_cam,Other lesion,iou,0.0
197,layer3,grad_cam,Other lesion,distance,11.713372557273985
197,layer3,grad_cam_plus_plus,Other lesion,pointing_game,0.0
197,layer3,grad_cam_plus_plus,Other lesion,energy_box,0.00029941467801108956
197,layer3,grad_cam_plus_plus,Other lesion,iou,0.0
197,layer3,grad_cam_plus_plus,Other lesion,distance,21.604708673929228
197,layer3,xgrad_cam,Other lesion,pointing_game,0.0
197,layer3,xgrad_cam,Other lesion,energy_box,0.0
197,layer3,xgrad_cam,Other lesion,iou,0.0
197,layer3,xgrad_cam,Other lesion,distance,15.199586188016772
197,layer4,grad_cam,Other lesion,pointing_game,0.0
197,layer4,grad_cam,Other lesion,energy_box,0.0
197,layer4,grad_cam,Other lesion,iou,0.0
197,layer4,grad_cam,Other lesion,distance,26.522934445546113
197,layer4,grad_cam_plus_plus,Other lesion,pointing_game,0.0
197,layer4,grad_cam_plus_plus,Other lesion,energy_box,0.0005827507120557129
197,layer4,grad_cam_plus_plus,Other lesion,iou,0.0
197,layer4,grad_cam_plus_plus,Other lesion,distance,14.304606522096574
197,layer4,xgrad_cam,Other lesion,pointing_game,0.0
197,layer4,xgrad_cam,Other lesion,energy_box,0.0
197,layer4,xgrad_cam,Other lesion,iou,0.0
197,layer4,xgrad_cam,Other lesion,distance,26.522934445546113
198,layer3,grad_cam,No finding,entropy,14.933631896972656
198,layer3,grad_cam,No finding,top_1pct,0.04329733923077583
198,layer3,grad_cam_plus_plus,No finding,entropy,15.578960418701172
198,layer3,grad_cam_plus_plus,No finding,top_1pct,0.020190678536891937
198,layer3,xgrad_cam,No finding,entropy,15.15038013458252
198,layer3,xgrad_cam,No finding,top_1pct,0.04068615287542343
198,layer4,grad_cam,No finding,entropy,14.881933212280273
198,layer4,grad_cam,No finding,top_1pct,0.033029910176992416
198,layer4,grad_cam_plus_plus,No finding,entropy,15.100594520568848
198,layer4,grad_cam_plus_plus,No finding,top_1pct,0.02960357442498207
198,layer4,xgrad_cam,No finding,entropy,14.881933212280273
198,layer4,xgrad_cam,No finding,top_1pct,0.033029910176992416
199,layer3,grad_cam,No finding,entropy,14.835773468017578
199,layer3,grad_cam,No finding,top_1pct,0.04222126305103302
199,layer3,grad_cam_plus_plus,No finding,entropy,15.587374687194824
199,layer3,grad_cam_plus_plus,No finding,top_1pct,0.01635630428791046
199,layer3,xgrad_cam,No finding,entropy,15.223159790039062
199,layer3,xgrad_cam,No finding,top_1pct,0.029058709740638733
199,layer4,grad_cam,No finding,entropy,14.592767715454102
199,layer4,grad_cam,No finding,top_1pct,0.046627964824438095
199,layer4,grad_cam_plus_plus,No finding,entropy,14.962860107421875
199,layer4,grad_cam_plus_plus,No finding,top_1pct,0.04012648016214371
199,layer4,xgrad_cam,No finding,entropy,14.592767715454102
199,layer4,xgrad_cam,No finding,top_1pct,0.046627968549728394
200,layer3,grad_cam,No finding,entropy,14.79415225982666
200,layer3,grad_cam,No finding,top_1pct,0.04930633306503296
200,layer3,grad_cam_plus_plus,No finding,entropy,15.589472770690918
200,layer3,grad_cam_plus_plus,No finding,top_1pct,0.017813540995121002
200,layer3,xgrad_cam,No finding,entropy,14.950799942016602
200,layer3,xgrad_cam,No finding,top_1pct,0.04686368256807327
200,layer4,grad_cam,No finding,entropy,14.84515380859375
200,layer4,grad_cam,No finding,top_1pct,0.03736407309770584
200,layer4,grad_cam_plus_plus,No finding,entropy,15.120587348937988
200,layer4,grad_cam_plus_plus,No finding,top_1pct,0.0317060649394989
200,layer4,xgrad_cam,No finding,entropy,14.845155715942383
200,layer4,xgrad_cam,No finding,top_1pct,0.03736407682299614
201,layer3,grad_cam,Pleural effusion,pointing_game,1.0
201,layer3,grad_cam,Pleural effusion,energy_box,0.2389133870601654
201,layer3,grad_cam,Pleural effusion,iou,0.15921546518802643
201,layer3,grad_cam,Pleural effusion,distance,0.3363741138767247
201,layer3,grad_cam_plus_plus,Pleural effusion,pointing_game,0.0
201,layer3,grad_cam_plus_plus,Pleural effusion,energy_box,0.08847557753324509
201,layer3,grad_cam_plus_plus,Pleural effusion,iou,0.017703590914607048
201,layer3,grad_cam_plus_plus,Pleural effusion,distance,0.525490418839289
201,layer3,xgrad_cam,Pleural effusion,pointing_game,0.0
201,layer3,xgrad_cam,Pleural effusion,energy_box,0.11277870088815689
201,layer3,xgrad_cam,Pleural effusion,iou,0.10023470968008041
201,layer3,xgrad_cam,Pleural effusion,distance,0.5610807206320085
201,layer4,grad_cam,Pleural effusion,pointing_game,1.0
201,layer4,grad_cam,Pleural effusion,energy_box,0.27701494097709656
201,layer4,grad_cam,Pleural effusion,iou,0.35586318373680115
201,layer4,grad_cam,Pleural effusion,distance,0.24841470888225387
201,layer4,grad_cam_plus_plus,Pleural effusion,pointing_game,1.0
201,layer4,grad_cam_plus_plus,Pleural effusion,energy_box,0.2199520468711853
201,layer4,grad_cam_plus_plus,Pleural effusion,iou,0.381977915763855
201,layer4,grad_cam_plus_plus,Pleural effusion,distance,0.2386240870279589
201,layer4,xgrad_cam,Pleural effusion,pointing_game,1.0
201,layer4,xgrad_cam,Pleural effusion,energy_box,0.27701494097709656
201,layer4,xgrad_cam,Pleural effusion,iou,0.35586318373680115
201,layer4,xgrad_cam,Pleural effusion,distance,0.24841470888225387
201,layer3,grad_cam,Pleural thickening,pointing_game,0.0
201,layer3,grad_cam,Pleural thickening,energy_box,0.0014809060376137495
201,layer3,grad_cam,Pleural thickening,iou,0.0
201,layer3,grad_cam,Pleural thickening,distance,1.9221430614214947
201,layer3,grad_cam_plus_plus,Pleural thickening,pointing_game,0.0
201,layer3,grad_cam_plus_plus,Pleural thickening,energy_box,0.033527497202157974
201,layer3,grad_cam_plus_plus,Pleural thickening,iou,0.0022125376854091883
201,layer3,grad_cam_plus_plus,Pleural thickening,distance,0.525490418839289
201,layer3,xgrad_cam,Pleural thickening,pointing_game,0.0
201,layer3,xgrad_cam,Pleural thickening,energy_box,0.0022570574656128883
201,layer3,xgrad_cam,Pleural thickening,iou,0.0
201,layer3,xgrad_cam,Pleural thickening,distance,2.220701657581933
201,layer4,grad_cam,Pleural thickening,pointing_game,0.0
201,layer4,grad_cam,Pleural thickening,energy_box,0.03284653648734093
201,layer4,grad_cam,Pleural thickening,iou,0.0
201,layer4,grad_cam,Pleural thickening,distance,0.7283049949240874
201,layer4,grad_cam_plus_plus,Pleural thickening,pointing_game,0.0
201,layer4,grad_cam_plus_plus,Pleural thickening,energy_box,0.05376192554831505
201,layer4,grad_cam_plus_plus,Pleural thickening,iou,0.0703892633318901
201,layer4,grad_cam_plus_plus,Pleural thickening,distance,0.7283049949240874
201,layer4,xgrad_cam,Pleural thickening,pointing_game,0.0
201,layer4,xgrad_cam,Pleural thickening,energy_box,0.03284652531147003
201,layer4,xgrad_cam,Pleural thickening,iou,0.0
201,layer4,xgrad_cam,Pleural thickening,distance,0.7283049949240874
201,layer3,grad_cam,Pulmonary fibrosis,pointing_game,0.0
201,layer3,grad_cam,Pulmonary fibrosis,energy_box,0.02555476501584053
201,layer3,grad_cam,Pulmonary fibrosis,iou,0.0031380753498524427
201,layer3,grad_cam,Pulmonary fibrosis,distance,2.5943366601420377
201,layer3,grad_cam_plus_plus,Pulmonary fibrosis,pointing_game,0.0
201,layer3,grad_cam_plus_plus,Pulmonary fibrosis,energy_box,0.010087837465107441
201,layer3,grad_cam_plus_plus,Pulmonary fibrosis,iou,0.0
201,layer3,grad_cam_plus_plus,Pulmonary fibrosis,distance,1.9807697847927916
201,layer3,xgrad_cam,Pulmonary fibrosis,pointing_game,0.0
201,layer3,xgrad_cam,Pulmonary fibrosis,energy_box,0.02676287665963173
201,layer3,xgrad_cam,Pulmonary fibrosis,iou,0.0
201,layer3,xgrad_cam,Pulmonary fibrosis,distance,2.7770680819210356
201,layer4,grad_cam,Pulmonary fibrosis,pointing_game,0.0
201,layer4,grad_cam,Pulmonary fibrosis,energy_box,0.00109795480966568
201,layer4,grad_cam,Pulmonary fibrosis,iou,0.0
201,layer4,grad_cam,Pulmonary fibrosis,distance,1.5889337436093185
201,layer4,grad_cam_plus_plus,Pulmonary fibrosis,pointing_game,1.0
201,layer4,grad_cam_plus_plus,Pulmonary fibrosis,energy_box,0.021082120016217232
201,layer4,grad_cam_plus_plus,Pulmonary fibrosis,iou,0.029431860893964767
201,layer4,grad_cam_plus_plus,Pulmonary fibrosis,distance,0.10267363083636795
201,layer4,xgrad_cam,Pulmonary fibrosis,pointing_game,0.0
201,layer4,xgrad_cam,Pulmonary fibrosis,energy_box,0.0010979422368109226
201,layer4,xgrad_cam,Pulmonary fibrosis,iou,0.0
201,layer4,xgrad_cam,Pulmonary fibrosis,distance,1.5889337436093185
202,layer3,grad_cam,No finding,entropy,15.095353126525879
202,layer3,grad_cam,No finding,top_1pct,0.03866701200604439
202,layer3,grad_cam_plus_plus,No finding,entropy,15.581283569335938
202,layer3,grad_cam_plus_plus,No finding,top_1pct,0.016851123422384262
202,layer3,xgrad_cam,No finding,entropy,14.79826545715332
202,layer3,xgrad_cam,No finding,top_1pct,0.05260682478547096
202,layer4,grad_cam,No finding,entropy,14.317157745361328
202,layer4,grad_cam,No finding,top_1pct,0.05398168787360191
202,layer4,grad_cam_plus_plus,No finding,entropy,14.862552642822266
202,layer4,grad_cam_plus_plus,No finding,top_1pct,0.04389965161681175
202,layer4,xgrad_cam,No finding,entropy,14.317159652709961
202,layer4,xgrad_cam,No finding,top_1pct,0.05398168787360191
203,layer3,grad_cam,No finding,entropy,14.93014144897461
203,layer3,grad_cam,No finding,top_1pct,0.04712696745991707
203,layer3,grad_cam_plus_plus,No finding,entropy,15.574440002441406
203,layer3,grad_cam_plus_plus,No finding,top_1pct,0.017565041780471802
203,layer3,xgrad_cam,No finding,entropy,14.948333740234375
203,layer3,xgrad_cam,No finding,top_1pct,0.051939576864242554
203,layer4,grad_cam,No finding,entropy,14.607327461242676
203,layer4,grad_cam,No finding,top_1pct,0.04152252897620201
203,layer4,grad_cam_plus_plus,No finding,entropy,15.158723831176758
203,layer4,grad_cam_plus_plus,No finding,top_1pct,0.03157437592744827
203,layer4,xgrad_cam,No finding,entropy,14.607327461242676
203,layer4,xgrad_cam,No finding,top_1pct,0.04152252897620201
204,layer3,grad_cam,No finding,entropy,14.940183639526367
204,layer3,grad_cam,No finding,top_1pct,0.042292285710573196
204,layer3,grad_cam_plus_plus,No finding,entropy,15.566451072692871
204,layer3,grad_cam_plus_plus,No finding,top_1pct,0.020897213369607925
204,layer3,xgrad_cam,No finding,entropy,14.923664093017578
204,layer3,xgrad_cam,No finding,top_1pct,0.04739212989807129
204,layer4,grad_cam,No finding,entropy,14.396696090698242
204,layer4,grad_cam,No finding,top_1pct,0.045911796391010284
204,layer4,grad_cam_plus_plus,No finding,entropy,14.804195404052734
204,layer4,grad_cam_plus_plus,No finding,top_1pct,0.03827152028679848
204,layer4,xgrad_cam,No finding,entropy,14.396696090698242
204,layer4,xgrad_cam,No finding,top_1pct,0.045911792665719986
205,layer3,grad_cam,Aortic enlargement,pointing_game,0.0
205,layer3,grad_cam,Aortic enlargement,energy_box,0.07110131531953812
205,layer3,grad_cam,Aortic enlargement,iou,0.21587151288986206
205,layer3,grad_cam,Aortic enlargement,distance,1.9706890874971683
205,layer3,grad_cam_plus_plus,Aortic enlargement,pointing_game,0.0
205,layer3,grad_cam_plus_plus,Aortic enlargement,energy_box,0.023484837263822556
205,layer3,grad_cam_plus_plus,Aortic enlargement,iou,0.03673694655299187
205,layer3,grad_cam_plus_plus,Aortic enlargement,distance,2.4675641391505696
205,layer3,xgrad_cam,Aortic enlargement,pointing_game,0.0
205,layer3,xgrad_cam,Aortic enlargement,energy_box,0.06529627740383148
205,layer3,xgrad_cam,Aortic enlargement,iou,0.2332409918308258
205,layer3,xgrad_cam,Aortic enlargement,distance,1.9706890874971683
205,layer4,grad_cam,Aortic enlargement,pointing_game,0.0
205,layer4,grad_cam,Aortic enlargement,energy_box,0.03440593183040619
205,layer4,grad_cam,Aortic enlargement,iou,0.05658964440226555
205,layer4,grad_cam,Aortic enlargement,distance,1.3328500697208263
205,layer4,grad_cam_plus_plus,Aortic enlargement,pointing_game,0.0
205,layer4,grad_cam_plus_plus,Aortic enlargement,energy_box,0.02930583991110325
205,layer4,grad_cam_plus_plus,Aortic enlargement,iou,0.0574057400226593
205,layer4,grad_cam_plus_plus,Aortic enlargement,distance,1.3328500697208263
205,layer4,xgrad_cam,Aortic enlargement,pointing_game,0.0
205,layer4,xgrad_cam,Aortic enlargement,energy_box,0.03440592810511589
205,layer4,xgrad_cam,Aortic enlargement,iou,0.05658964440226555
205,layer4,xgrad_cam,Aortic enlargement,distance,1.3328500697208263
205,layer3,grad_cam,Cardiomegaly,pointing_game,0.0
205,layer3,grad_cam,Cardiomegaly,energy_box,0.07112585008144379
205,layer3,grad_cam,Cardiomegaly,iou,0.0579187236726284
205,layer3,grad_cam,Cardiomegaly,distance,0.5758934313528408
205,layer3,grad_cam_plus_plus,Cardiomegaly,pointing_game,0.0
205,layer3,grad_cam_plus_plus,Cardiomegaly,energy_box,0.05429302155971527
205,layer3,grad_cam_plus_plus,Cardiomegaly,iou,0.06441251933574677
205,layer3,grad_cam_plus_plus,Cardiomegaly,distance,1.6975826972132837
205,layer3,xgrad_cam,Cardiomegaly,pointing_game,0.0
205,layer3,xgrad_cam,Cardiomegaly,energy_box,0.07970792800188065
205,layer3,xgrad_cam,Cardiomegaly,iou,0.10030978173017502
205,layer3,xgrad_cam,Cardiomegaly,distance,0.568776070805281
205,layer4,grad_cam,Cardiomegaly,pointing_game,1.0
205,layer4,grad_cam,Cardiomegaly,energy_box,0.11797430366277695
205,layer4,grad_cam,Cardiomegaly,iou,0.21675272285938263
205,layer4,grad_cam,Cardiomegaly,distance,0.11377195284563293
205,layer4,grad_cam_plus_plus,Cardiomegaly,pointing_game,0.0
205,layer4,grad_cam_plus_plus,Cardiomegaly,energy_box,0.10954230278730392
205,layer4,grad_cam_plus_plus,Cardiomegaly,iou,0.21188750863075256
205,layer4,grad_cam_plus_plus,Cardiomegaly,distance,0.5289714912560887
205,layer4,xgrad_cam,Cardiomegaly,pointing_game,1.0
205,layer4,xgrad_cam,Cardiomegaly,energy_box,0.11797430366277695
205,layer4,xgrad_cam,Cardiomegaly,iou,0.21675272285938263
205,layer4,xgrad_cam,Cardiomegaly,distance,0.11377195284563293
205,layer3,grad_cam,Pleural effusion,pointing_game,0.0
205,layer3,grad_cam,Pleural effusion,energy_box,0.0
205,layer3,grad_cam,Pleural effusion,iou,0.0
205,layer3,grad_cam,Pleural effusion,distance,14.531720487507176
205,layer3,grad_cam_plus_plus,Pleural effusion,pointing_game,0.0
205,layer3,grad_cam_plus_plus,Pleural effusion,energy_box,0.0006307998555712402
205,layer3,grad_cam_plus_plus,Pleural effusion,iou,0.0
205,layer3,grad_cam_plus_plus,Pleural effusion,distance,18.265235993173086
205,layer3,xgrad_cam,Pleural effusion,pointing_game,0.0
205,layer3,xgrad_cam,Pleural effusion,energy_box,0.0
205,layer3,xgrad_cam,Pleural effusion,iou,0.0
205,layer3,xgrad_cam,Pleural effusion,distance,14.531720487507176
205,layer4,grad_cam,Pleural effusion,pointing_game,0.0
205,layer4,grad_cam,Pleural effusion,energy_box,0.0
205,layer4,grad_cam,Pleural effusion,iou,0.0
205,layer4,grad_cam,Pleural effusion,distance,12.679819173624038
205,layer4,grad_cam_plus_plus,Pleural effusion,pointing_game,0.0
205,layer4,grad_cam_plus_plus,Pleural effusion,energy_box,0.0006015730323269963
205,layer4,grad_cam_plus_plus,Pleural effusion,iou,0.0
205,layer4,grad_cam_plus_plus,Pleural effusion,distance,5.638960859113411
205,layer4,xgrad_cam,Pleural effusion,pointing_game,0.0
205,layer4,xgrad_cam,Pleural effusion,energy_box,0.0
205,layer4,xgrad_cam,Pleural effusion,iou,0.0
205,layer4,xgrad_cam,Pleural effusion,distance,12.679819173624038
205,layer3,grad_cam,Pleural thickening,pointing_game,0.0
205,layer3,grad_cam,Pleural thickening,energy_box,0.0
205,layer3,grad_cam,Pleural thickening,iou,0.0
205,layer3,grad_cam,Pleural thickening,distance,10.95032608514705
205,layer3,grad_cam_plus_plus,Pleural thickening,pointing_game,0.0
205,layer3,grad_cam_plus_plus,Pleural thickening,energy_box,0.000654813542496413
205,layer3,grad_cam_plus_plus,Pleural thickening,iou,0.0
205,layer3,grad_cam_plus_plus,Pleural thickening,distance,17.221878901410886
205,layer3,xgrad_cam,Pleural thickening,pointing_game,0.0
205,layer3,xgrad_cam,Pleural thickening,energy_box,0.0
205,layer3,xgrad_cam,Pleural thickening,iou,0.0
205,layer3,xgrad_cam,Pleural thickening,distance,17.209916556932832
205,layer4,grad_cam,Pleural thickening,pointing_game,0.0
205,layer4,grad_cam,Pleural thickening,energy_box,0.0
205,layer4,grad_cam,Pleural thickening,iou,0.0
205,layer4,grad_cam,Pleural thickening,distance,14.124221131665903
205,layer4,grad_cam_plus_plus,Pleural thickening,pointing_game,0.0
205,layer4,grad_cam_plus_plus,Pleural thickening,energy_box,0.0008572009392082691
205,layer4,grad_cam_plus_plus,Pleural thickening,iou,0.0
205,layer4,grad_cam_plus_plus,Pleural thickening,distance,5.584621660710016
205,layer4,xgrad_cam,Pleural thickening,pointing_game,0.0
205,layer4,xgrad_cam,Pleural thickening,energy_box,0.0
205,layer4,xgrad_cam,Pleural thickening,iou,0.0
205,layer4,xgrad_cam,Pleural thickening,distance,14.124221131665903
206,layer3,grad_cam,No finding,entropy,15.184478759765625
206,layer3,grad_cam,No finding,top_1pct,0.0364321768283844
206,layer3,grad_cam_plus_plus,No finding,entropy,15.587169647216797
206,layer3,grad_cam_plus_plus,No finding,top_1pct,0.01734926924109459
206,layer3,xgrad_cam,No finding,entropy,15.261436462402344
206,layer3,xgrad_cam,No finding,top_1pct,0.02947632409632206
206,layer4,grad_cam,No finding,entropy,14.464919090270996
206,layer4,grad_cam,No finding,top_1pct,0.05373479798436165
206,layer4,grad_cam_plus_plus,No finding,entropy,15.03331184387207
206,layer4,grad_cam_plus_plus,No finding,top_1pct,0.04130939766764641
206,layer4,xgrad_cam,No finding,entropy,14.464920043945312
206,layer4,xgrad_cam,No finding,top_1pct,0.05373480170965195
207,layer3,grad_cam,No finding,entropy,14.837855339050293
207,layer3,grad_cam,No finding,top_1pct,0.04286487400531769
207,layer3,grad_cam_plus_plus,No finding,entropy,15.583709716796875
207,layer3,grad_cam_plus_plus,No finding,top_1pct,0.01726469025015831
207,layer3,xgrad_cam,No finding,entropy,15.088373184204102
207,layer3,xgrad_cam,No finding,top_1pct,0.034508801996707916
207,layer4,grad_cam,No finding,entropy,14.59093952178955
207,layer4,grad_cam,No finding,top_1pct,0.044677212834358215
207,layer4,grad_cam_plus_plus,No finding,entropy,14.969924926757812
207,layer4,grad_cam_plus_plus,No finding,top_1pct,0.03824575990438461
207,layer4,xgrad_cam,No finding,entropy,14.590938568115234
207,layer4,xgrad_cam,No finding,top_1pct,0.04467720538377762
208,layer3,grad_cam,No finding,entropy,15.058086395263672
208,layer3,grad_cam,No finding,top_1pct,0.03908173367381096
208,layer3,grad_cam_plus_plus,No finding,entropy,15.586468696594238
208,layer3,grad_cam_plus_plus,No finding,top_1pct,0.016719337552785873
208,layer3,xgrad_cam,No finding,entropy,14.724224090576172
208,layer3,xgrad_cam,No finding,top_1pct,0.055058956146240234
208,layer4,grad_cam,No finding,entropy,14.318300247192383
208,layer4,grad_cam,No finding,top_1pct,0.05592714995145798
208,layer4,grad_cam_plus_plus,No finding,entropy,15.029165267944336
208,layer4,grad_cam_plus_plus,No finding,top_1pct,0.04070241376757622
208,layer4,xgrad_cam,No finding,entropy,14.318300247192383
208,layer4,xgrad_cam,No finding,top_1pct,0.055927153676748276
209,layer3,grad_cam,No finding,entropy,15.098493576049805
209,layer3,grad_cam,No finding,top_1pct,0.0327288992702961
209,layer3,grad_cam_plus_plus,No finding,entropy,15.590290069580078
209,layer3,grad_cam_plus_plus,No finding,top_1pct,0.01711268536746502
209,layer3,xgrad_cam,No finding,entropy,15.096904754638672
209,layer3,xgrad_cam,No finding,top_1pct,0.03325986489653587
209,layer4,grad_cam,No finding,entropy,15.18555736541748
209,layer4,grad_cam,No finding,top_1pct,0.027844788506627083
209,layer4,grad_cam_plus_plus,No finding,entropy,15.301504135131836
209,layer4,grad_cam_plus_plus,No finding,top_1pct,0.02518237940967083
209,layer4,xgrad_cam,No finding,entropy,15.185558319091797
209,layer4,xgrad_cam,No finding,top_1pct,0.027844790369272232
210,layer3,grad_cam,No finding,entropy,14.742559432983398
210,layer3,grad_cam,No finding,top_1pct,0.04607619717717171
210,layer3,grad_cam_plus_plus,No finding,entropy,15.587839126586914
210,layer3,grad_cam_plus_plus,No finding,top_1pct,0.017397640272974968
210,layer3,xgrad_cam,No finding,entropy,15.027166366577148
210,layer3,xgrad_cam,No finding,top_1pct,0.03797447308897972
210,layer4,grad_cam,No finding,entropy,15.017105102539062
210,layer4,grad_cam,No finding,top_1pct,0.03144879266619682
210,layer4,grad_cam_plus_plus,No finding,entropy,15.181600570678711
210,layer4,grad_cam_plus_plus,No finding,top_1pct,0.02920142188668251
210,layer4,xgrad_cam,No finding,entropy,15.017105102539062
210,layer4,xgrad_cam,No finding,top_1pct,0.03144879266619682
211,layer3,grad_cam,No finding,entropy,14.99101448059082
211,layer3,grad_cam,No finding,top_1pct,0.041223231703042984
211,layer3,grad_cam_plus_plus,No finding,entropy,15.58601188659668
211,layer3,grad_cam_plus_plus,No finding,top_1pct,0.0178160909563303
211,layer3,xgrad_cam,No finding,entropy,15.08203125
211,layer3,xgrad_cam,No finding,top_1pct,0.03679327666759491
211,layer4,grad_cam,No finding,entropy,15.147981643676758
211,layer4,grad_cam,No finding,top_1pct,0.027376290410757065
211,layer4,grad_cam_plus_plus,No finding,entropy,15.265155792236328
211,layer4,grad_cam_plus_plus,No finding,top_1pct,0.02578640915453434
211,layer4,xgrad_cam,No finding,entropy,15.147980690002441
211,layer4,xgrad_cam,No finding,top_1pct,0.027376288548111916
212,layer3,grad_cam,No finding,entropy,15.076940536499023
212,layer3,grad_cam,No finding,top_1pct,0.033724769949913025
212,layer3,grad_cam_plus_plus,No finding,entropy,15.569509506225586
212,layer3,grad_cam_plus_plus,No finding,top_1pct,0.023321710526943207
212,layer3,xgrad_cam,No finding,entropy,15.420278549194336
212,layer3,xgrad_cam,No finding,top_1pct,0.02383018285036087
212,layer4,grad_cam,No finding,entropy,14.752433776855469
212,layer4,grad_cam,No finding,top_1pct,0.04261789098381996
212,layer4,grad_cam_plus_plus,No finding,entropy,15.04721450805664
212,layer4,grad_cam_plus_plus,No finding,top_1pct,0.037332579493522644
212,layer4,xgrad_cam,No finding,entropy,14.752433776855469
212,layer4,xgrad_cam,No finding,top_1pct,0.04261788725852966
213,layer3,grad_cam,No finding,entropy,15.142940521240234
213,layer3,grad_cam,No finding,top_1pct,0.03711959719657898
213,layer3,grad_cam_plus_plus,No finding,entropy,15.57130241394043
213,layer3,grad_cam_plus_plus,No finding,top_1pct,0.01804668828845024
213,layer3,xgrad_cam,No finding,entropy,14.632312774658203
213,layer3,xgrad_cam,No finding,top_1pct,0.05739227309823036
213,layer4,grad_cam,No finding,entropy,13.972940444946289
213,layer4,grad_cam,No finding,top_1pct,0.07253028452396393
213,layer4,grad_cam_plus_plus,No finding,entropy,14.839332580566406
213,layer4,grad_cam_plus_plus,No finding,top_1pct,0.050277404487133026
213,layer4,xgrad_cam,No finding,entropy,13.972942352294922
213,layer4,xgrad_cam,No finding,top_1pct,0.07253029197454453
214,layer3,grad_cam,No finding,entropy,14.648151397705078
214,layer3,grad_cam,No finding,top_1pct,0.058989305049180984
214,layer3,grad_cam_plus_plus,No finding,entropy,15.581148147583008
214,layer3,grad_cam_plus_plus,No finding,top_1pct,0.01738879829645157
214,layer3,xgrad_cam,No finding,entropy,15.163758277893066
214,layer3,xgrad_cam,No finding,top_1pct,0.04587062820792198
214,layer4,grad_cam,No finding,entropy,14.619927406311035
214,layer4,grad_cam,No finding,top_1pct,0.045015521347522736
214,layer4,grad_cam_plus_plus,No finding,entropy,14.918859481811523
214,layer4,grad_cam_plus_plus,No finding,top_1pct,0.03934934735298157
214,layer4,xgrad_cam,No finding,entropy,14.619928359985352
214,layer4,xgrad_cam,No finding,top_1pct,0.045015521347522736
215,layer3,grad_cam,No finding,entropy,14.908332824707031
215,layer3,grad_cam,No finding,top_1pct,0.05293162167072296
215,layer3,grad_cam_plus_plus,No finding,entropy,15.584344863891602
215,layer3,grad_cam_plus_plus,No finding,top_1pct,0.017051514238119125
215,layer3,xgrad_cam,No finding,entropy,14.846622467041016
215,layer3,xgrad_cam,No finding,top_1pct,0.05804762616753578
215,layer4,grad_cam,No finding,entropy,14.551782608032227
215,layer4,grad_cam,No finding,top_1pct,0.046497803181409836
215,layer4,grad_cam_plus_plus,No finding,entropy,14.9751558303833
215,layer4,grad_cam_plus_plus,No finding,top_1pct,0.03903649002313614
215,layer4,xgrad_cam,No finding,entropy,14.551782608032227
215,layer4,xgrad_cam,No finding,top_1pct,0.046497803181409836
216,layer3,grad_cam,No finding,entropy,14.862116813659668
216,layer3,grad_cam,No finding,top_1pct,0.041754744946956635
216,layer3,grad_cam_plus_plus,No finding,entropy,15.586398124694824
216,layer3,grad_cam_plus_plus,No finding,top_1pct,0.016836311668157578
216,layer3,xgrad_cam,No finding,entropy,15.223407745361328
216,layer3,xgrad_cam,No finding,top_1pct,0.03490160033106804
216,layer4,grad_cam,No finding,entropy,14.848228454589844
216,layer4,grad_cam,No finding,top_1pct,0.03901144117116928
216,layer4,grad_cam_plus_plus,No finding,entropy,15.076427459716797
216,layer4,grad_cam_plus_plus,No finding,top_1pct,0.03367672488093376
216,layer4,xgrad_cam,No finding,entropy,14.848228454589844
216,layer4,xgrad_cam,No finding,top_1pct,0.03901144117116928
217,layer3,grad_cam,No finding,entropy,15.30262279510498
217,layer3,grad_cam,No finding,top_1pct,0.03423352167010307
217,layer3,grad_cam_plus_plus,No finding,entropy,15.576915740966797
217,layer3,grad_cam_plus_plus,No finding,top_1pct,0.02040025219321251
217,layer3,xgrad_cam,No finding,entropy,15.368375778198242
217,layer3,xgrad_cam,No finding,top_1pct,0.03462391346693039
217,layer4,grad_cam,No finding,entropy,14.768853187561035
217,layer4,grad_cam,No finding,top_1pct,0.0368930883705616
217,layer4,grad_cam_plus_plus,No finding,entropy,14.98600959777832
217,layer4,grad_cam_plus_plus,No finding,top_1pct,0.03417278081178665
217,layer4,xgrad_cam,No finding,entropy,14.768853187561035
217,layer4,xgrad_cam,No finding,top_1pct,0.0368930883705616
218,layer3,grad_cam,No finding,entropy,14.49422836303711
218,layer3,grad_cam,No finding,top_1pct,0.058750223368406296
218,layer3,grad_cam_plus_plus,No finding,entropy,15.573373794555664
218,layer3,grad_cam_plus_plus,No finding,top_1pct,0.02276136539876461
218,layer3,xgrad_cam,No finding,entropy,15.137894630432129
218,layer3,xgrad_cam,No finding,top_1pct,0.057125285267829895
218,layer4,grad_cam,No finding,entropy,14.613958358764648
218,layer4,grad_cam,No finding,top_1pct,0.04158419370651245
218,layer4,grad_cam_plus_plus,No finding,entropy,14.948644638061523
218,layer4,grad_cam_plus_plus,No finding,top_1pct,0.036211349070072174
218,layer4,xgrad_cam,No finding,entropy,14.613958358764648
218,layer4,xgrad_cam,No finding,top_1pct,0.04158419370651245
219,layer3,grad_cam,No finding,entropy,15.283562660217285
219,layer3,grad_cam,No finding,top_1pct,0.03156554326415062
219,layer3,grad_cam_plus_plus,No finding,entropy,15.416829109191895
219,layer3,grad_cam_plus_plus,No finding,top_1pct,0.047915343195199966
219,layer3,xgrad_cam,No finding,entropy,14.97879409790039
219,layer3,xgrad_cam,No finding,top_1pct,0.08295024186372757
219,layer4,grad_cam,No finding,entropy,14.778528213500977
219,layer4,grad_cam,No finding,top_1pct,0.03684469684958458
219,layer4,grad_cam_plus_plus,No finding,entropy,14.970426559448242
219,layer4,grad_cam_plus_plus,No finding,top_1pct,0.034629616886377335
219,layer4,xgrad_cam,No finding,entropy,14.778528213500977
219,layer4,xgrad_cam,No finding,top_1pct,0.03684469312429428
220,layer3,grad_cam,Aortic enlargement,pointing_game,0.0
220,layer3,grad_cam,Aortic enlargement,energy_box,0.04446316137909889
220,layer3,grad_cam,Aortic enlargement,iou,0.02019047550857067
220,layer3,grad_cam,Aortic enlargement,distance,0.6568766540294291
220,layer3,grad_cam_plus_plus,Aortic enlargement,pointing_game,0.0
220,layer3,grad_cam_plus_plus,Aortic enlargement,energy_box,0.021028494462370872
220,layer3,grad_cam_plus_plus,Aortic enlargement,iou,0.003434391226619482
220,layer3,grad_cam_plus_plus,Aortic enlargement,distance,1.8806328034671442
220,layer3,xgrad_cam,Aortic enlargement,pointing_game,0.0
220,layer3,xgrad_cam,Aortic enlargement,energy_box,0.04733159393072128
220,layer3,xgrad_cam,Aortic enlargement,iou,0.018793273717164993
220,layer3,xgrad_cam,Aortic enlargement,distance,0.6568766540294291
220,layer4,grad_cam,Aortic enlargement,pointing_game,0.0
220,layer4,grad_cam,Aortic enlargement,energy_box,0.0533088855445385
220,layer4,grad_cam,Aortic enlargement,iou,0.08870695531368256
220,layer4,grad_cam,Aortic enlargement,distance,1.2710552758263272
220,layer4,grad_cam_plus_plus,Aortic enlargement,pointing_game,0.0
220,layer4,grad_cam_plus_plus,Aortic enlargement,energy_box,0.037632573395967484
220,layer4,grad_cam_plus_plus,Aortic enlargement,iou,0.09012085944414139
220,layer4,grad_cam_plus_plus,Aortic enlargement,distance,1.4365968776744034
220,layer4,xgrad_cam,Aortic enlargement,pointing_game,0.0
220,layer4,xgrad_cam,Aortic enlargement,energy_box,0.053308889269828796
220,layer4,xgrad_cam,Aortic enlargement,iou,0.08870695531368256
220,layer4,xgrad_cam,Aortic enlargement,distance,1.2710552758263272
220,layer3,grad_cam,Cardiomegaly,pointing_game,1.0
220,layer3,grad_cam,Cardiomegaly,energy_box,0.1671823263168335
220,layer3,grad_cam,Cardiomegaly,iou,0.18678775429725647
220,layer3,grad_cam,Cardiomegaly,distance,0.21127903722025254
220,layer3,grad_cam_plus_plus,Cardiomegaly,pointing_game,0.0
220,layer3,grad_cam_plus_plus,Cardiomegaly,energy_box,0.07921947538852692
220,layer3,grad_cam_plus_plus,Cardiomegaly,iou,0.13746395707130432
220,layer3,grad_cam_plus_plus,Cardiomegaly,distance,1.3381102545355468
220,layer3,xgrad_cam,Cardiomegaly,pointing_game,1.0
220,layer3,xgrad_cam,Cardiomegaly,energy_box,0.15985938906669617
220,layer3,xgrad_cam,Cardiomegaly,iou,0.2160574346780777
220,layer3,xgrad_cam,Cardiomegaly,distance,0.13388869108052973
220,layer4,grad_cam,Cardiomegaly,pointing_game,1.0
220,layer4,grad_cam,Cardiomegaly,energy_box,0.19124209880828857
220,layer4,grad_cam,Cardiomegaly,iou,0.3677671253681183
220,layer4,grad_cam,Cardiomegaly,distance,0.23334276523852154
220,layer4,grad_cam_plus_plus,Cardiomegaly,pointing_game,1.0
220,layer4,grad_cam_plus_plus,Cardiomegaly,energy_box,0.16456443071365356
220,layer4,grad_cam_plus_plus,Cardiomegaly,iou,0.42971429228782654
220,layer4,grad_cam_plus_plus,Cardiomegaly,distance,0.23334276523852154
220,layer4,xgrad_cam,Cardiomegaly,pointing_game,1.0
220,layer4,xgrad_cam,Cardiomegaly,energy_box,0.19124209880828857
220,layer4,xgrad_cam,Cardiomegaly,iou,0.3677671253681183
220,layer4,xgrad_cam,Cardiomegaly,distance,0.23334276523852154
221,layer3,grad_cam,No finding,entropy,14.981022834777832
221,layer3,grad_cam,No finding,top_1pct,0.03401213884353638
221,layer3,grad_cam_plus_plus,No finding,entropy,15.582511901855469
221,layer3,grad_cam_plus_plus,No finding,top_1pct,0.016712777316570282
221,layer3,xgrad_cam,No finding,entropy,14.960578918457031
221,layer3,xgrad_cam,No finding,top_1pct,0.03421028330922127
221,layer4,grad_cam,No finding,entropy,15.025720596313477
221,layer4,grad_cam,No finding,top_1pct,0.0316314660012722
221,layer4,grad_cam_plus_plus,No finding,entropy,15.229816436767578
221,layer4,grad_cam_plus_plus,No finding,top_1pct,0.027168745175004005
221,layer4,xgrad_cam,No finding,entropy,15.025721549987793
221,layer4,xgrad_cam,No finding,top_1pct,0.0316314660012722
222,layer3,grad_cam,No finding,entropy,15.053897857666016
222,layer3,grad_cam,No finding,top_1pct,0.04484407231211662
222,layer3,grad_cam_plus_plus,No finding,entropy,15.590003967285156
222,layer3,grad_cam_plus_plus,No finding,top_1pct,0.017191290855407715
222,layer3,xgrad_cam,No finding,entropy,15.06358814239502
222,layer3,xgrad_cam,No finding,top_1pct,0.05406251549720764
222,layer4,grad_cam,No finding,entropy,14.917933464050293
222,layer4,grad_cam,No finding,top_1pct,0.035116150975227356
222,layer4,grad_cam_plus_plus,No finding,entropy,15.142112731933594
222,layer4,grad_cam_plus_plus,No finding,top_1pct,0.031403087079524994
222,layer4,xgrad_cam,No finding,entropy,14.91793441772461
222,layer4,xgrad_cam,No finding,top_1pct,0.035116150975227356
223,layer3,grad_cam,No finding,entropy,14.992973327636719
223,layer3,grad_cam,No finding,top_1pct,0.03732996806502342
223,layer3,grad_cam_plus_plus,No finding,entropy,15.590950012207031
223,layer3,grad_cam_plus_plus,No finding,top_1pct,0.017255807295441628
223,layer3,xgrad_cam,No finding,entropy,15.060873031616211
223,layer3,xgrad_cam,No finding,top_1pct,0.03433465585112572
223,layer4,grad_cam,No finding,entropy,15.103450775146484
223,layer4,grad_cam,No finding,top_1pct,0.030885515734553337
223,layer4,grad_cam_plus_plus,No finding,entropy,15.263336181640625
223,layer4,grad_cam_plus_plus,No finding,top_1pct,0.028071098029613495
223,layer4,xgrad_cam,No finding,entropy,15.1034517288208
223,layer4,xgrad_cam,No finding,top_1pct,0.030885515734553337
224,layer3,grad_cam,No finding,entropy,14.707244873046875
224,layer3,grad_cam,No finding,top_1pct,0.07395760715007782
224,layer3,grad_cam_plus_plus,No finding,entropy,15.574503898620605
224,layer3,grad_cam_plus_plus,No finding,top_1pct,0.02112867869436741
224,layer3,xgrad_cam,No finding,entropy,14.97807788848877
224,layer3,xgrad_cam,No finding,top_1pct,0.0781303122639656
224,layer4,grad_cam,No finding,entropy,14.817011833190918
224,layer4,grad_cam,No finding,top_1pct,0.03388575464487076
224,layer4,grad_cam_plus_plus,No finding,entropy,15.027215957641602
224,layer4,grad_cam_plus_plus,No finding,top_1pct,0.030900437384843826
224,layer4,xgrad_cam,No finding,entropy,14.817012786865234
224,layer4,xgrad_cam,No finding,top_1pct,0.03388575464487076
225,layer3,grad_cam,No finding,entropy,14.692639350891113
225,layer3,grad_cam,No finding,top_1pct,0.06174603849649429
225,layer3,grad_cam_plus_plus,No finding,entropy,15.582267761230469
225,layer3,grad_cam_plus_plus,No finding,top_1pct,0.017154479399323463
225,layer3,xgrad_cam,No finding,entropy,15.18336296081543
225,layer3,xgrad_cam,No finding,top_1pct,0.05481623485684395
225,layer4,grad_cam,No finding,entropy,14.959565162658691
225,layer4,grad_cam,No finding,top_1pct,0.03351663798093796
225,layer4,grad_cam_plus_plus,No finding,entropy,15.12230396270752
225,layer4,grad_cam_plus_plus,No finding,top_1pct,0.030847834423184395
225,layer4,xgrad_cam,No finding,entropy,14.959565162658691
225,layer4,xgrad_cam,No finding,top_1pct,0.03351663798093796
226,layer3,grad_cam,Cardiomegaly,pointing_game,0.0
226,layer3,grad_cam,Cardiomegaly,energy_box,0.03853927180171013
226,layer3,grad_cam,Cardiomegaly,iou,0.023250963538885117
226,layer3,grad_cam,Cardiomegaly,distance,0.9413035103674173
226,layer3,grad_cam_plus_plus,Cardiomegaly,pointing_game,0.0
226,layer3,grad_cam_plus_plus,Cardiomegaly,energy_box,0.09151756018400192
226,layer3,grad_cam_plus_plus,Cardiomegaly,iou,0.05625828728079796
226,layer3,grad_cam_plus_plus,Cardiomegaly,distance,0.4933132474022967
226,layer3,xgrad_cam,Cardiomegaly,pointing_game,0.0
226,layer3,xgrad_cam,Cardiomegaly,energy_box,0.0007508357521146536
226,layer3,xgrad_cam,Cardiomegaly,iou,0.0
226,layer3,xgrad_cam,Cardiomegaly,distance,0.7081921121741039
226,layer4,grad_cam,Cardiomegaly,pointing_game,0.0
226,layer4,grad_cam,Cardiomegaly,energy_box,0.010378166101872921
226,layer4,grad_cam,Cardiomegaly,iou,0.0
226,layer4,grad_cam,Cardiomegaly,distance,0.8615032121523798
226,layer4,grad_cam_plus_plus,Cardiomegaly,pointing_game,1.0
226,layer4,grad_cam_plus_plus,Cardiomegaly,energy_box,0.21016767621040344
226,layer4,grad_cam_plus_plus,Cardiomegaly,iou,0.3128165602684021
226,layer4,grad_cam_plus_plus,Cardiomegaly,distance,0.17964808284777273
226,layer4,xgrad_cam,Cardiomegaly,pointing_game,0.0
226,layer4,xgrad_cam,Cardiomegaly,energy_box,0.010378162376582623
226,layer4,xgrad_cam,Cardiomegaly,iou,0.0
226,layer4,xgrad_cam,Cardiomegaly,distance,0.8615032121523798
227,layer3,grad_cam,No finding,entropy,14.646035194396973
227,layer3,grad_cam,No finding,top_1pct,0.08419264107942581
227,layer3,grad_cam_plus_plus,No finding,entropy,15.575334548950195
227,layer3,grad_cam_plus_plus,No finding,top_1pct,0.020818958058953285
227,layer3,xgrad_cam,No finding,entropy,15.109936714172363
227,layer3,xgrad_cam,No finding,top_1pct,0.06843411177396774
227,layer4,grad_cam,No finding,entropy,15.036863327026367
227,layer4,grad_cam,No finding,top_1pct,0.03022701106965542
227,layer4,grad_cam_plus_plus,No finding,entropy,15.136570930480957
227,layer4,grad_cam_plus_plus,No finding,top_1pct,0.028650104999542236
227,layer4,xgrad_cam,No finding,entropy,15.036863327026367
227,layer4,xgrad_cam,No finding,top_1pct,0.03022701106965542
228,layer3,grad_cam,No finding,entropy,14.890523910522461
228,layer3,grad_cam,No finding,top_1pct,0.03902892768383026
228,layer3,grad_cam_plus_plus,No finding,entropy,15.358434677124023
228,layer3,grad_cam_plus_plus,No finding,top_1pct,0.05374583229422569
228,layer3,xgrad_cam,No finding,entropy,14.757055282592773
228,layer3,xgrad_cam,No finding,top_1pct,0.1005149707198143
228,layer4,grad_cam,No finding,entropy,14.420236587524414
228,layer4,grad_cam,No finding,top_1pct,0.04317872226238251
228,layer4,grad_cam_plus_plus,No finding,entropy,14.70130729675293
228,layer4,grad_cam_plus_plus,No finding,top_1pct,0.04016600921750069
228,layer4,xgrad_cam,No finding,entropy,14.420238494873047
228,layer4,xgrad_cam,No finding,top_1pct,0.043178725987672806
229,layer3,grad_cam,Aortic enlargement,pointing_game,0.0
229,layer3,grad_cam,Aortic enlargement,energy_box,0.09276822209358215
229,layer3,grad_cam,Aortic enlargement,iou,0.03879093378782272
229,layer3,grad_cam,Aortic enlargement,distance,2.967980052293854
229,layer3,grad_cam_plus_plus,Aortic enlargement,pointing_game,0.0
229,layer3,grad_cam_plus_plus,Aortic enlargement,energy_box,0.028046784922480583
229,layer3,grad_cam_plus_plus,Aortic enlargement,iou,0.08508403599262238
229,layer3,grad_cam_plus_plus,Aortic enlargement,distance,2.967980052293854
229,layer3,xgrad_cam,Aortic enlargement,pointing_game,0.0
229,layer3,xgrad_cam,Aortic enlargement,energy_box,0.07918746024370193
229,layer3,xgrad_cam,Aortic enlargement,iou,0.17962563037872314
229,layer3,xgrad_cam,Aortic enlargement,distance,2.8766963127638845
229,layer4,grad_cam,Aortic enlargement,pointing_game,0.0
229,layer4,grad_cam,Aortic enlargement,energy_box,0.0411294624209404
229,layer4,grad_cam,Aortic enlargement,iou,0.09922516345977783
229,layer4,grad_cam,Aortic enlargement,distance,0.9588948704244138
229,layer4,grad_cam_plus_plus,Aortic enlargement,pointing_game,0.0
229,layer4,grad_cam_plus_plus,Aortic enlargement,energy_box,0.03390249237418175
229,layer4,grad_cam_plus_plus,Aortic enlargement,iou,0.07299842685461044
229,layer4,grad_cam_plus_plus,Aortic enlargement,distance,0.9518436936514942
229,layer4,xgrad_cam,Aortic enlargement,pointing_game,0.0
229,layer4,xgrad_cam,Aortic enlargement,energy_box,0.0411294624209404
229,layer4,xgrad_cam,Aortic enlargement,iou,0.09922516345977783
229,layer4,xgrad_cam,Aortic enlargement,distance,0.9588948704244138
229,layer3,grad_cam,Calcification,pointing_game,0.0
229,layer3,grad_cam,Calcification,energy_box,0.0007605334394611418
229,layer3,grad_cam,Calcification,iou,0.0
229,layer3,grad_cam,Calcification,distance,15.78003914888669
229,layer3,grad_cam_plus_plus,Calcification,pointing_game,0.0
229,layer3,grad_cam_plus_plus,Calcification,energy_box,0.000491379585582763
229,layer3,grad_cam_plus_plus,Calcification,iou,0.0
229,layer3,grad_cam_plus_plus,Calcification,distance,19.59816272049463
229,layer3,xgrad_cam,Calcification,pointing_game,0.0
229,layer3,xgrad_cam,Calcification,energy_box,0.0005528593901544809
229,layer3,xgrad_cam,Calcification,iou,0.0
229,layer3,xgrad_cam,Calcification,distance,15.78003914888669
229,layer4,grad_cam,Calcification,pointing_game,0.0
229,layer4,grad_cam,Calcification,energy_box,0.0
229,layer4,grad_cam,Calcification,iou,0.0
229,layer4,grad_cam,Calcification,distance,12.442133442815702
229,layer4,grad_cam_plus_plus,Calcification,pointing_game,0.0
229,layer4,grad_cam_plus_plus,Calcification,energy_box,0.0005961061688140035
229,layer4,grad_cam_plus_plus,Calcification,iou,0.0010946159018203616
229,layer4,grad_cam_plus_plus,Calcification,distance,11.711227996527589
229,layer4,xgrad_cam,Calcification,pointing_game,0.0
229,layer4,xgrad_cam,Calcification,energy_box,0.0
229,layer4,xgrad_cam,Calcification,iou,0.0
229,layer4,xgrad_cam,Calcification,distance,12.442133442815702
229,layer3,grad_cam,Cardiomegaly,pointing_game,0.0
229,layer3,grad_cam,Cardiomegaly,energy_box,0.16761645674705505
229,layer3,grad_cam,Cardiomegaly,iou,0.0791318416595459
229,layer3,grad_cam,Cardiomegaly,distance,0.6772048357784013
229,layer3,grad_cam_plus_plus,Cardiomegaly,pointing_game,0.0
229,layer3,grad_cam_plus_plus,Cardiomegaly,energy_box,0.09599959850311279
229,layer3,grad_cam_plus_plus,Cardiomegaly,iou,0.06737449020147324
229,layer3,grad_cam_plus_plus,Cardiomegaly,distance,1.6142733807151248
229,layer3,xgrad_cam,Cardiomegaly,pointing_game,0.0
229,layer3,xgrad_cam,Cardiomegaly,energy_box,0.13863210380077362
229,layer3,xgrad_cam,Cardiomegaly,iou,0.15944503247737885
229,layer3,xgrad_cam,Cardiomegaly,distance,0.6772048357784013
229,layer4,grad_cam,Cardiomegaly,pointing_game,1.0
229,layer4,grad_cam,Cardiomegaly,energy_box,0.20276227593421936
229,layer4,grad_cam,Cardiomegaly,iou,0.3731745183467865
229,layer4,grad_cam,Cardiomegaly,distance,0.09747426462323171
229,layer4,grad_cam_plus_plus,Cardiomegaly,pointing_game,0.0
229,layer4,grad_cam_plus_plus,Cardiomegaly,energy_box,0.17912985384464264
229,layer4,grad_cam_plus_plus,Cardiomegaly,iou,0.32649514079093933
229,layer4,grad_cam_plus_plus,Cardiomegaly,distance,0.31614602270445674
229,layer4,xgrad_cam,Cardiomegaly,pointing_game,1.0
229,layer4,xgrad_cam,Cardiomegaly,energy_box,0.20276226103305817
229,layer4,xgrad_cam,Cardiomegaly,iou,0.3731745183467865
229,layer4,xgrad_cam,Cardiomegaly,distance,0.09747426462323171
229,layer3,grad_cam,ILD,pointing_game,1.0
229,layer3,grad_cam,ILD,energy_box,0.09752677381038666
229,layer3,grad_cam,ILD,iou,0.11933797597885132
229,layer3,grad_cam,ILD,distance,0.10787901050116672
229,layer3,grad_cam_plus_plus,ILD,pointing_game,0.0
229,layer3,grad_cam_plus_plus,ILD,energy_box,0.05925816297531128
229,layer3,grad_cam_plus_plus,ILD,iou,0.04557359963655472
229,layer3,grad_cam_plus_plus,ILD,distance,1.5616305271076905
229,layer3,xgrad_cam,ILD,pointing_game,0.0
229,layer3,xgrad_cam,ILD,energy_box,0.1282016634941101
229,layer3,xgrad_cam,ILD,iou,0.03529692441225052
229,layer3,xgrad_cam,ILD,distance,1.2801676380282032
229,layer4,grad_cam,ILD,pointing_game,0.0
229,layer4,grad_cam,ILD,energy_box,0.0
229,layer4,grad_cam,ILD,iou,0.0
229,layer4,grad_cam,ILD,distance,2.2460776933013067
229,layer4,grad_cam_plus_plus,ILD,pointing_game,0.0
229,layer4,grad_cam_plus_plus,ILD,energy_box,0.057891905307769775
229,layer4,grad_cam_plus_plus,ILD,iou,0.0
229,layer4,grad_cam_plus_plus,ILD,distance,1.3097978383399445
229,layer4,xgrad_cam,ILD,pointing_game,0.0
229,layer4,xgrad_cam,ILD,energy_box,0.0
229,layer4,xgrad_cam,ILD,iou,0.0
229,layer4,xgrad_cam,ILD,distance,2.2460776933013067
229,layer3,grad_cam,Pleural thickening,pointing_game,0.0
229,layer3,grad_cam,Pleural thickening,energy_box,0.011622099205851555
229,layer3,grad_cam,Pleural thickening,iou,0.0
229,layer3,grad_cam,Pleural thickening,distance,3.533816994514284
229,layer3,grad_cam_plus_plus,Pleural thickening,pointing_game,0.0
229,layer3,grad_cam_plus_plus,Pleural thickening,energy_box,0.007256621960550547
229,layer3,grad_cam_plus_plus,Pleural thickening,iou,0.0
229,layer3,grad_cam_plus_plus,Pleural thickening,distance,3.3200432907640582
229,layer3,xgrad_cam,Pleural thickening,pointing_game,0.0
229,layer3,xgrad_cam,Pleural thickening,energy_box,0.014901293441653252
229,layer3,xgrad_cam,Pleural thickening,iou,0.0
229,layer3,xgrad_cam,Pleural thickening,distance,3.325515675837551
229,layer4,grad_cam,Pleural thickening,pointing_game,0.0
229,layer4,grad_cam,Pleural thickening,energy_box,0.0
229,layer4,grad_cam,Pleural thickening,iou,0.0
229,layer4,grad_cam,Pleural thickening,distance,3.7564414181006245
229,layer4,grad_cam_plus_plus,Pleural thickening,pointing_game,0.0
229,layer4,grad_cam_plus_plus,Pleural thickening,energy_box,0.005277632270008326
229,layer4,grad_cam_plus_plus,Pleural thickening,iou,0.0
229,layer4,grad_cam_plus_plus,Pleural thickening,distance,3.283079474990985
229,layer4,xgrad_cam,Pleural thickening,pointing_game,0.0
229,layer4,xgrad_cam,Pleural thickening,energy_box,0.0
229,layer4,xgrad_cam,Pleural thickening,iou,0.0
229,layer4,xgrad_cam,Pleural thickening,distance,3.7564414181006245
230,layer3,grad_cam,Aortic enlargement,pointing_game,0.0
230,layer3,grad_cam,Aortic enlargement,energy_box,0.007166177965700626
230,layer3,grad_cam,Aortic enlargement,iou,0.0
230,layer3,grad_cam,Aortic enlargement,distance,0.7566608486861898
230,layer3,grad_cam_plus_plus,Aortic enlargement,pointing_game,0.0
230,layer3,grad_cam_plus_plus,Aortic enlargement,energy_box,0.018510395660996437
230,layer3,grad_cam_plus_plus,Aortic enlargement,iou,0.004303484223783016
230,layer3,grad_cam_plus_plus,Aortic enlargement,distance,0.7566608486861898
230,layer3,xgrad_cam,Aortic enlargement,pointing_game,0.0
230,layer3,xgrad_cam,Aortic enlargement,energy_box,0.00911959633231163
230,layer3,xgrad_cam,Aortic enlargement,iou,0.0
230,layer3,xgrad_cam,Aortic enlargement,distance,0.7566608486861898
230,layer4,grad_cam,Aortic enlargement,pointing_game,0.0
230,layer4,grad_cam,Aortic enlargement,energy_box,0.03012506105005741
230,layer4,grad_cam,Aortic enlargement,iou,0.0060220807790756226
230,layer4,grad_cam,Aortic enlargement,distance,0.9900571333096615
230,layer4,grad_cam_plus_plus,Aortic enlargement,pointing_game,0.0
230,layer4,grad_cam_plus_plus,Aortic enlargement,energy_box,0.03537418320775032
230,layer4,grad_cam_plus_plus,Aortic enlargement,iou,0.0939704179763794
230,layer4,grad_cam_plus_plus,Aortic enlargement,distance,0.9778713566428808
230,layer4,xgrad_cam,Aortic enlargement,pointing_game,0.0
230,layer4,xgrad_cam,Aortic enlargement,energy_box,0.03012506291270256
230,layer4,xgrad_cam,Aortic enlargement,iou,0.0060220807790756226
230,layer4,xgrad_cam,Aortic enlargement,distance,0.9900571333096615
230,layer3,grad_cam,Cardiomegaly,pointing_game,1.0
230,layer3,grad_cam,Cardiomegaly,energy_box,0.18830758333206177
230,layer3,grad_cam,Cardiomegaly,iou,0.36051324009895325
230,layer3,grad_cam,Cardiomegaly,distance,0.09456694163888409
230,layer3,grad_cam_plus_plus,Cardiomegaly,pointing_game,0.0
230,layer3,grad_cam_plus_plus,Cardiomegaly,energy_box,0.0782693549990654
230,layer3,grad_cam_plus_plus,Cardiomegaly,iou,0.09616217762231827
230,layer3,grad_cam_plus_plus,Cardiomegaly,distance,1.1577624191758247
230,layer3,xgrad_cam,Cardiomegaly,pointing_game,1.0
230,layer3,xgrad_cam,Cardiomegaly,energy_box,0.1744251698255539
230,layer3,xgrad_cam,Cardiomegaly,iou,0.36654365062713623
230,layer3,xgrad_cam,Cardiomegaly,distance,0.09456694163888409
230,layer4,grad_cam,Cardiomegaly,pointing_game,1.0
230,layer4,grad_cam,Cardiomegaly,energy_box,0.23176926374435425
230,layer4,grad_cam,Cardiomegaly,iou,0.38052496314048767
230,layer4,grad_cam,Cardiomegaly,distance,0.19881726411652945
230,layer4,grad_cam_plus_plus,Cardiomegaly,pointing_game,1.0
230,layer4,grad_cam_plus_plus,Cardiomegaly,energy_box,0.17798000574111938
230,layer4,grad_cam_plus_plus,Cardiomegaly,iou,0.39439862966537476
230,layer4,grad_cam_plus_plus,Cardiomegaly,distance,0.19185275673689983
230,layer4,xgrad_cam,Cardiomegaly,pointing_game,1.0
230,layer4,xgrad_cam,Cardiomegaly,energy_box,0.23176927864551544
230,layer4,xgrad_cam,Cardiomegaly,iou,0.38052496314048767
230,layer4,xgrad_cam,Cardiomegaly,distance,0.19881726411652945
230,layer3,grad_cam,Other lesion,pointing_game,0.0
230,layer3,grad_cam,Other lesion,energy_box,0.01959354244172573
230,layer3,grad_cam,Other lesion,iou,0.03797079250216484
230,layer3,grad_cam,Other lesion,distance,2.0922385748648566
230,layer3,grad_cam_plus_plus,Other lesion,pointing_game,0.0
230,layer3,grad_cam_plus_plus,Other lesion,energy_box,0.014524990692734718
230,layer3,grad_cam_plus_plus,Other lesion,iou,0.01135197002440691
230,layer3,grad_cam_plus_plus,Other lesion,distance,3.662163485614202
230,layer3,xgrad_cam,Other lesion,pointing_game,0.0
230,layer3,xgrad_cam,Other lesion,energy_box,0.02324659377336502
230,layer3,xgrad_cam,Other lesion,iou,0.03378378227353096
230,layer3,xgrad_cam,Other lesion,distance,2.0922385748648566
230,layer4,grad_cam,Other lesion,pointing_game,0.0
230,layer4,grad_cam,Other lesion,energy_box,0.0031197124626487494
230,layer4,grad_cam,Other lesion,iou,0.0
230,layer4,grad_cam,Other lesion,distance,1.4817630261804144
230,layer4,grad_cam_plus_plus,Other lesion,pointing_game,0.0
230,layer4,grad_cam_plus_plus,Other lesion,energy_box,0.019356729462742805
230,layer4,grad_cam_plus_plus,Other lesion,iou,0.03166060522198677
230,layer4,grad_cam_plus_plus,Other lesion,distance,1.312589651300064
230,layer4,xgrad_cam,Other lesion,pointing_game,0.0
230,layer4,xgrad_cam,Other lesion,energy_box,0.0031197124626487494
230,layer4,xgrad_cam,Other lesion,iou,0.0
230,layer4,xgrad_cam,Other lesion,distance,1.4817630261804144
231,layer3,grad_cam,No finding,entropy,14.93061637878418
231,layer3,grad_cam,No finding,top_1pct,0.04426661878824234
231,layer3,grad_cam_plus_plus,No finding,entropy,15.585264205932617
231,layer3,grad_cam_plus_plus,No finding,top_1pct,0.01680617779493332
231,layer3,xgrad_cam,No finding,entropy,14.878032684326172
231,layer3,xgrad_cam,No finding,top_1pct,0.04754110425710678
231,layer4,grad_cam,No finding,entropy,14.400201797485352
231,layer4,grad_cam,No finding,top_1pct,0.056774646043777466
231,layer4,grad_cam_plus_plus,No finding,entropy,14.897989273071289
231,layer4,grad_cam_plus_plus,No finding,top_1pct,0.0455734021961689
231,layer4,xgrad_cam,No finding,entropy,14.400201797485352
231,layer4,xgrad_cam,No finding,top_1pct,0.056774646043777466
232,layer3,grad_cam,No finding,entropy,14.799190521240234
232,layer3,grad_cam,No finding,top_1pct,0.04454364255070686
232,layer3,grad_cam_plus_plus,No finding,entropy,15.590505599975586
232,layer3,grad_cam_plus_plus,No finding,top_1pct,0.01637379825115204
232,layer3,xgrad_cam,No finding,entropy,15.408414840698242
232,layer3,xgrad_cam,No finding,top_1pct,0.025883659720420837
232,layer4,grad_cam,No finding,entropy,14.638717651367188
232,layer4,grad_cam,No finding,top_1pct,0.04654838517308235
232,layer4,grad_cam_plus_plus,No finding,entropy,14.914399147033691
232,layer4,grad_cam_plus_plus,No finding,top_1pct,0.04136909916996956
232,layer4,xgrad_cam,No finding,entropy,14.638717651367188
232,layer4,xgrad_cam,No finding,top_1pct,0.04654838517308235
233,layer3,grad_cam,Aortic enlargement,pointing_game,0.0
233,layer3,grad_cam,Aortic enlargement,energy_box,0.004765402525663376
233,layer3,grad_cam,Aortic enlargement,iou,0.0
233,layer3,grad_cam,Aortic enlargement,distance,1.4398818518437335
233,layer3,grad_cam_plus_plus,Aortic enlargement,pointing_game,0.0
233,layer3,grad_cam_plus_plus,Aortic enlargement,energy_box,0.014587598852813244
233,layer3,grad_cam_plus_plus,Aortic enlargement,iou,0.008671875111758709
233,layer3,grad_cam_plus_plus,Aortic enlargement,distance,2.8628224864161664
233,layer3,xgrad_cam,Aortic enlargement,pointing_game,0.0
233,layer3,xgrad_cam,Aortic enlargement,energy_box,0.010896039195358753
233,layer3,xgrad_cam,Aortic enlargement,iou,0.0
233,layer3,xgrad_cam,Aortic enlargement,distance,1.4656693674716237
233,layer4,grad_cam,Aortic enlargement,pointing_game,0.0
233,layer4,grad_cam,Aortic enlargement,energy_box,0.023579474538564682
233,layer4,grad_cam,Aortic enlargement,iou,0.03365695849061012
233,layer4,grad_cam,Aortic enlargement,distance,1.6959119930567248
233,layer4,grad_cam_plus_plus,Aortic enlargement,pointing_game,0.0
233,layer4,grad_cam_plus_plus,Aortic enlargement,energy_box,0.020170122385025024
233,layer4,grad_cam_plus_plus,Aortic enlargement,iou,0.03357647359371185
233,layer4,grad_cam_plus_plus,Aortic enlargement,distance,1.6959119930567248
233,layer4,xgrad_cam,Aortic enlargement,pointing_game,0.0
233,layer4,xgrad_cam,Aortic enlargement,energy_box,0.023579472675919533
233,layer4,xgrad_cam,Aortic enlargement,iou,0.03365695849061012
233,layer4,xgrad_cam,Aortic enlargement,distance,1.6959119930567248
233,layer3,grad_cam,Cardiomegaly,pointing_game,1.0
233,layer3,grad_cam,Cardiomegaly,energy_box,0.16334055364131927
233,layer3,grad_cam,Cardiomegaly,iou,0.1984757035970688
233,layer3,grad_cam,Cardiomegaly,distance,0.1294443685193692
233,layer3,grad_cam_plus_plus,Cardiomegaly,pointing_game,0.0
233,layer3,grad_cam_plus_plus,Cardiomegaly,energy_box,0.07695877552032471
233,layer3,grad_cam_plus_plus,Cardiomegaly,iou,0.09661728888750076
233,layer3,grad_cam_plus_plus,Cardiomegaly,distance,1.658028916684214
233,layer3,xgrad_cam,Cardiomegaly,pointing_game,1.0
233,layer3,xgrad_cam,Cardiomegaly,energy_box,0.15954329073429108
233,layer3,xgrad_cam,Cardiomegaly,iou,0.239732563495636
233,layer3,xgrad_cam,Cardiomegaly,distance,0.15567233883221832
233,layer4,grad_cam,Cardiomegaly,pointing_game,0.0
233,layer4,grad_cam,Cardiomegaly,energy_box,0.2208239883184433
233,layer4,grad_cam,Cardiomegaly,iou,0.3293861150741577
233,layer4,grad_cam,Cardiomegaly,distance,0.2694622800604551
233,layer4,grad_cam_plus_plus,Cardiomegaly,pointing_game,0.0
233,layer4,grad_cam_plus_plus,Cardiomegaly,energy_box,0.166885644197464
233,layer4,grad_cam_plus_plus,Cardiomegaly,iou,0.37232494354248047
233,layer4,grad_cam_plus_plus,Cardiomegaly,distance,0.2625827334956091
233,layer4,xgrad_cam,Cardiomegaly,pointing_game,0.0
233,layer4,xgrad_cam,Cardiomegaly,energy_box,0.2208239734172821
233,layer4,xgrad_cam,Cardiomegaly,iou,0.3293861150741577
233,layer4,xgrad_cam,Cardiomegaly,distance,0.2694622800604551
234,layer3,grad_cam,No finding,entropy,14.95061206817627
234,layer3,grad_cam,No finding,top_1pct,0.04687589406967163
234,layer3,grad_cam_plus_plus,No finding,entropy,15.584405899047852
234,layer3,grad_cam_plus_plus,No finding,top_1pct,0.016908295452594757
234,layer3,xgrad_cam,No finding,entropy,14.896156311035156
234,layer3,xgrad_cam,No finding,top_1pct,0.05723898112773895
234,layer4,grad_cam,No finding,entropy,14.030374526977539
234,layer4,grad_cam,No finding,top_1pct,0.07024843990802765
234,layer4,grad_cam_plus_plus,No finding,entropy,14.783601760864258
234,layer4,grad_cam_plus_plus,No finding,top_1pct,0.05092262476682663
234,layer4,xgrad_cam,No finding,entropy,14.030372619628906
234,layer4,xgrad_cam,No finding,top_1pct,0.07024842500686646
235,layer3,grad_cam,No finding,entropy,14.919883728027344
235,layer3,grad_cam,No finding,top_1pct,0.04771016538143158
235,layer3,grad_cam_plus_plus,No finding,entropy,15.585420608520508
235,layer3,grad_cam_plus_plus,No finding,top_1pct,0.019398415461182594
235,layer3,xgrad_cam,No finding,entropy,15.032194137573242
235,layer3,xgrad_cam,No finding,top_1pct,0.047028519213199615
235,layer4,grad_cam,No finding,entropy,15.110466003417969
235,layer4,grad_cam,No finding,top_1pct,0.03202424943447113
235,layer4,grad_cam_plus_plus,No finding,entropy,15.220377922058105
235,layer4,grad_cam_plus_plus,No finding,top_1pct,0.030189337208867073
235,layer4,xgrad_cam,No finding,entropy,15.110465049743652
235,layer4,xgrad_cam,No finding,top_1pct,0.03202424943447113
236,layer3,grad_cam,No finding,entropy,14.862417221069336
236,layer3,grad_cam,No finding,top_1pct,0.0401206873357296
236,layer3,grad_cam_plus_plus,No finding,entropy,15.579826354980469
236,layer3,grad_cam_plus_plus,No finding,top_1pct,0.016476379707455635
236,layer3,xgrad_cam,No finding,entropy,15.071845054626465
236,layer3,xgrad_cam,No finding,top_1pct,0.035361889749765396
236,layer4,grad_cam,No finding,entropy,14.632143020629883
236,layer4,grad_cam,No finding,top_1pct,0.042361073195934296
236,layer4,grad_cam_plus_plus,No finding,entropy,15.02933120727539
236,layer4,grad_cam_plus_plus,No finding,top_1pct,0.03610989451408386
236,layer4,xgrad_cam,No finding,entropy,14.632142066955566
236,layer4,xgrad_cam,No finding,top_1pct,0.042361069470644
237,layer3,grad_cam,No finding,entropy,15.048922538757324
237,layer3,grad_cam,No finding,top_1pct,0.04942141845822334
237,layer3,grad_cam_plus_plus,No finding,entropy,15.576276779174805
237,layer3,grad_cam_plus_plus,No finding,top_1pct,0.017212603241205215
237,layer3,xgrad_cam,No finding,entropy,14.803876876831055
237,layer3,xgrad_cam,No finding,top_1pct,0.061304353177547455
237,layer4,grad_cam,No finding,entropy,13.912552833557129
237,layer4,grad_cam,No finding,top_1pct,0.06499028950929642
237,layer4,grad_cam_plus_plus,No finding,entropy,15.088315963745117
237,layer4,grad_cam_plus_plus,No finding,top_1pct,0.03634350374341011
237,layer4,xgrad_cam,No finding,entropy,13.912552833557129
237,layer4,xgrad_cam,No finding,top_1pct,0.06499028950929642
238,layer3,grad_cam,No finding,entropy,14.981529235839844
238,layer3,grad_cam,No finding,top_1pct,0.04010680317878723
238,layer3,grad_cam_plus_plus,No finding,entropy,15.5878324508667
238,layer3,grad_cam_plus_plus,No finding,top_1pct,0.01644529588520527
238,layer3,xgrad_cam,No finding,entropy,15.039314270019531
238,layer3,xgrad_cam,No finding,top_1pct,0.0475122407078743
238,layer4,grad_cam,No finding,entropy,14.45301628112793
238,layer4,grad_cam,No finding,top_1pct,0.050436072051525116
238,layer4,grad_cam_plus_plus,No finding,entropy,14.982540130615234
238,layer4,grad_cam_plus_plus,No finding,top_1pct,0.03907806798815727
238,layer4,xgrad_cam,No finding,entropy,14.453017234802246
238,layer4,xgrad_cam,No finding,top_1pct,0.050436072051525116
239,layer3,grad_cam,No finding,entropy,15.147180557250977
239,layer3,grad_cam,No finding,top_1pct,0.041643813252449036
239,layer3,grad_cam_plus_plus,No finding,entropy,15.579994201660156
239,layer3,grad_cam_plus_plus,No finding,top_1pct,0.020655957981944084
239,layer3,xgrad_cam,No finding,entropy,15.2546968460083
239,layer3,xgrad_cam,No finding,top_1pct,0.04053333029150963
239,layer4,grad_cam,No finding,entropy,14.720283508300781
239,layer4,grad_cam,No finding,top_1pct,0.036827683448791504
239,layer4,grad_cam_plus_plus,No finding,entropy,14.956485748291016
239,layer4,grad_cam_plus_plus,No finding,top_1pct,0.03350895270705223
239,layer4,xgrad_cam,No finding,entropy,14.720283508300781
239,layer4,xgrad_cam,No finding,top_1pct,0.036827683448791504
240,layer3,grad_cam,No finding,entropy,14.84891414642334
240,layer3,grad_cam,No finding,top_1pct,0.050026483833789825
240,layer3,grad_cam_plus_plus,No finding,entropy,15.564942359924316
240,layer3,grad_cam_plus_plus,No finding,top_1pct,0.023262066766619682
240,layer3,xgrad_cam,No finding,entropy,15.224136352539062
240,layer3,xgrad_cam,No finding,top_1pct,0.03655543923377991
240,layer4,grad_cam,No finding,entropy,14.887484550476074
240,layer4,grad_cam,No finding,top_1pct,0.031148426234722137
240,layer4,grad_cam_plus_plus,No finding,entropy,15.055225372314453
240,layer4,grad_cam_plus_plus,No finding,top_1pct,0.029653839766979218
240,layer4,xgrad_cam,No finding,entropy,14.88748550415039
240,layer4,xgrad_cam,No finding,top_1pct,0.031148428097367287
241,layer3,grad_cam,No finding,entropy,14.899801254272461
241,layer3,grad_cam,No finding,top_1pct,0.037794601172208786
241,layer3,grad_cam_plus_plus,No finding,entropy,15.424215316772461
241,layer3,grad_cam_plus_plus,No finding,top_1pct,0.04741721227765083
241,layer3,xgrad_cam,No finding,entropy,14.86495590209961
241,layer3,xgrad_cam,No finding,top_1pct,0.09010225534439087
241,layer4,grad_cam,No finding,entropy,14.50883674621582
241,layer4,grad_cam,No finding,top_1pct,0.04300433769822121
241,layer4,grad_cam_plus_plus,No finding,entropy,14.865667343139648
241,layer4,grad_cam_plus_plus,No finding,top_1pct,0.03701232746243477
241,layer4,xgrad_cam,No finding,entropy,14.50883674621582
241,layer4,xgrad_cam,No finding,top_1pct,0.04300433769822121
242,layer3,grad_cam,No finding,entropy,15.097692489624023
242,layer3,grad_cam,No finding,top_1pct,0.03725365921854973
242,layer3,grad_cam_plus_plus,No finding,entropy,15.58122730255127
242,layer3,grad_cam_plus_plus,No finding,top_1pct,0.01695302315056324
242,layer3,xgrad_cam,No finding,entropy,14.860762596130371
242,layer3,xgrad_cam,No finding,top_1pct,0.04937870800495148
242,layer4,grad_cam,No finding,entropy,14.308429718017578
242,layer4,grad_cam,No finding,top_1pct,0.050482604652643204
242,layer4,grad_cam_plus_plus,No finding,entropy,14.897954940795898
242,layer4,grad_cam_plus_plus,No finding,top_1pct,0.04068610072135925
242,layer4,xgrad_cam,No finding,entropy,14.308428764343262
242,layer4,xgrad_cam,No finding,top_1pct,0.050482604652643204
243,layer3,grad_cam,No finding,entropy,14.625678062438965
243,layer3,grad_cam,No finding,top_1pct,0.05181586742401123
243,layer3,grad_cam_plus_plus,No finding,entropy,15.578235626220703
243,layer3,grad_cam_plus_plus,No finding,top_1pct,0.02189374528825283
243,layer3,xgrad_cam,No finding,entropy,15.265111923217773
243,layer3,xgrad_cam,No finding,top_1pct,0.04497193172574043
243,layer4,grad_cam,No finding,entropy,14.932607650756836
243,layer4,grad_cam,No finding,top_1pct,0.034232594072818756
243,layer4,grad_cam_plus_plus,No finding,entropy,15.119756698608398
243,layer4,grad_cam_plus_plus,No finding,top_1pct,0.031033091247081757
243,layer4,xgrad_cam,No finding,entropy,14.93260669708252
243,layer4,xgrad_cam,No finding,top_1pct,0.034232594072818756
244,layer3,grad_cam,No finding,entropy,14.9776611328125
244,layer3,grad_cam,No finding,top_1pct,0.05143440514802933
244,layer3,grad_cam_plus_plus,No finding,entropy,15.585315704345703
244,layer3,grad_cam_plus_plus,No finding,top_1pct,0.01901056617498398
244,layer3,xgrad_cam,No finding,entropy,14.959300994873047
244,layer3,xgrad_cam,No finding,top_1pct,0.04658413305878639
244,layer4,grad_cam,No finding,entropy,14.772703170776367
244,layer4,grad_cam,No finding,top_1pct,0.04527033120393753
244,layer4,grad_cam_plus_plus,No finding,entropy,15.080394744873047
244,layer4,grad_cam_plus_plus,No finding,top_1pct,0.03716697171330452
244,layer4,xgrad_cam,No finding,entropy,14.77270221710205
244,layer4,xgrad_cam,No finding,top_1pct,0.04527033492922783
245,layer3,grad_cam,No finding,entropy,14.962065696716309
245,layer3,grad_cam,No finding,top_1pct,0.04363416135311127
245,layer3,grad_cam_plus_plus,No finding,entropy,15.579191207885742
245,layer3,grad_cam_plus_plus,No finding,top_1pct,0.021424056962132454
245,layer3,xgrad_cam,No finding,entropy,15.218795776367188
245,layer3,xgrad_cam,No finding,top_1pct,0.03678565099835396
245,layer4,grad_cam,No finding,entropy,14.826410293579102
245,layer4,grad_cam,No finding,top_1pct,0.0347948856651783
245,layer4,grad_cam_plus_plus,No finding,entropy,15.043376922607422
245,layer4,grad_cam_plus_plus,No finding,top_1pct,0.03234902024269104
245,layer4,xgrad_cam,No finding,entropy,14.826410293579102
245,layer4,xgrad_cam,No finding,top_1pct,0.0347948856651783
246,layer3,grad_cam,Aortic enlargement,pointing_game,0.0
246,layer3,grad_cam,Aortic enlargement,energy_box,0.05530580133199692
246,layer3,grad_cam,Aortic enlargement,iou,0.018457751721143723
246,layer3,grad_cam,Aortic enlargement,distance,3.3669321742966383
246,layer3,grad_cam_plus_plus,Aortic enlargement,pointing_game,0.0
246,layer3,grad_cam_plus_plus,Aortic enlargement,energy_box,0.01851486600935459
246,layer3,grad_cam_plus_plus,Aortic enlargement,iou,0.009040853939950466
246,layer3,grad_cam_plus_plus,Aortic enlargement,distance,2.024058917130006
246,layer3,xgrad_cam,Aortic enlargement,pointing_game,0.0
246,layer3,xgrad_cam,Aortic enlargement,energy_box,0.05629989877343178
246,layer3,xgrad_cam,Aortic enlargement,iou,0.03909952566027641
246,layer3,xgrad_cam,Aortic enlargement,distance,3.248186180873501
246,layer4,grad_cam,Aortic enlargement,pointing_game,0.0
246,layer4,grad_cam,Aortic enlargement,energy_box,0.05308958515524864
246,layer4,grad_cam,Aortic enlargement,iou,0.22199848294258118
246,layer4,grad_cam,Aortic enlargement,distance,0.7616749141815264
246,layer4,grad_cam_plus_plus,Aortic enlargement,pointing_game,0.0
246,layer4,grad_cam_plus_plus,Aortic enlargement,energy_box,0.03564787283539772
246,layer4,grad_cam_plus_plus,Aortic enlargement,iou,0.08471420407295227
246,layer4,grad_cam_plus_plus,Aortic enlargement,distance,0.7839624663562367
246,layer4,xgrad_cam,Aortic enlargement,pointing_game,0.0
246,layer4,xgrad_cam,Aortic enlargement,energy_box,0.05308958888053894
246,layer4,xgrad_cam,Aortic enlargement,iou,0.22199848294258118
246,layer4,xgrad_cam,Aortic enlargement,distance,0.7616749141815264
246,layer3,grad_cam,Pleural thickening,pointing_game,0.0
246,layer3,grad_cam,Pleural thickening,energy_box,0.037950411438941956
246,layer3,grad_cam,Pleural thickening,iou,0.002015316393226385
246,layer3,grad_cam,Pleural thickening,distance,3.032428663577454
246,layer3,grad_cam_plus_plus,Pleural thickening,pointing_game,0.0
246,layer3,grad_cam_plus_plus,Pleural thickening,energy_box,0.01079618651419878
246,layer3,grad_cam_plus_plus,Pleural thickening,iou,0.009713023900985718
246,layer3,grad_cam_plus_plus,Pleural thickening,distance,1.3291372118329363
246,layer3,xgrad_cam,Pleural thickening,pointing_game,0.0
246,layer3,xgrad_cam,Pleural thickening,energy_box,0.06352627277374268
246,layer3,xgrad_cam,Pleural thickening,iou,0.039925720542669296
246,layer3,xgrad_cam,Pleural thickening,distance,1.905549225600546
246,layer4,grad_cam,Pleural thickening,pointing_game,0.0
246,layer4,grad_cam,Pleural thickening,energy_box,0.0017157638212665915
246,layer4,grad_cam,Pleural thickening,iou,0.0
246,layer4,grad_cam,Pleural thickening,distance,2.0786425531090575
246,layer4,grad_cam_plus_plus,Pleural thickening,pointing_game,0.0
246,layer4,grad_cam_plus_plus,Pleural thickening,energy_box,0.006046954542398453
246,layer4,grad_cam_plus_plus,Pleural thickening,iou,0.0
246,layer4,grad_cam_plus_plus,Pleural thickening,distance,3.2880761370327263
246,layer4,xgrad_cam,Pleural thickening,pointing_game,0.0
246,layer4,xgrad_cam,Pleural thickening,energy_box,0.0017157639376819134
246,layer4,xgrad_cam,Pleural thickening,iou,0.0
246,layer4,xgrad_cam,Pleural thickening,distance,2.0786425531090575
247,layer3,grad_cam,Aortic enlargement,pointing_game,0.0
247,layer3,grad_cam,Aortic enlargement,energy_box,0.08931379020214081
247,layer3,grad_cam,Aortic enlargement,iou,0.14610832929611206
247,layer3,grad_cam,Aortic enlargement,distance,2.0744191122587923
247,layer3,grad_cam_plus_plus,Aortic enlargement,pointing_game,0.0
247,layer3,grad_cam_plus_plus,Aortic enlargement,energy_box,0.021296527236700058
247,layer3,grad_cam_plus_plus,Aortic enlargement,iou,0.03253563866019249
247,layer3,grad_cam_plus_plus,Aortic enlargement,distance,2.789223951380833
247,layer3,xgrad_cam,Aortic enlargement,pointing_game,0.0
247,layer3,xgrad_cam,Aortic enlargement,energy_box,0.08757559955120087
247,layer3,xgrad_cam,Aortic enlargement,iou,0.14189794659614563
247,layer3,xgrad_cam,Aortic enlargement,distance,2.0744191122587923
247,layer4,grad_cam,Aortic enlargement,pointing_game,0.0
247,layer4,grad_cam,Aortic enlargement,energy_box,0.01625160686671734
247,layer4,grad_cam,Aortic enlargement,iou,0.008691206574440002
247,layer4,grad_cam,Aortic enlargement,distance,0.778161043870399
247,layer4,grad_cam_plus_plus,Aortic enlargement,pointing_game,0.0
247,layer4,grad_cam_plus_plus,Aortic enlargement,energy_box,0.022740183398127556
247,layer4,grad_cam_plus_plus,Aortic enlargement,iou,0.04920186474919319
247,layer4,grad_cam_plus_plus,Aortic enlargement,distance,1.2286284428733436
247,layer4,xgrad_cam,Aortic enlargement,pointing_game,0.0
247,layer4,xgrad_cam,Aortic enlargement,energy_box,0.01625160686671734
247,layer4,xgrad_cam,Aortic enlargement,iou,0.008691206574440002
247,layer4,xgrad_cam,Aortic enlargement,distance,0.778161043870399
247,layer3,grad_cam,Cardiomegaly,pointing_game,0.0
247,layer3,grad_cam,Cardiomegaly,energy_box,0.07258068025112152
247,layer3,grad_cam,Cardiomegaly,iou,0.031390976160764694
247,layer3,grad_cam,Cardiomegaly,distance,0.2878156803448124
247,layer3,grad_cam_plus_plus,Cardiomegaly,pointing_game,0.0
247,layer3,grad_cam_plus_plus,Cardiomegaly,energy_box,0.057491153478622437
247,layer3,grad_cam_plus_plus,Cardiomegaly,iou,0.04138747602701187
247,layer3,grad_cam_plus_plus,Cardiomegaly,distance,0.9766876506774297
247,layer3,xgrad_cam,Cardiomegaly,pointing_game,0.0
247,layer3,xgrad_cam,Cardiomegaly,energy_box,0.06645653396844864
247,layer3,xgrad_cam,Cardiomegaly,iou,0.0684998407959938
247,layer3,xgrad_cam,Cardiomegaly,distance,0.29424463802610196
247,layer4,grad_cam,Cardiomegaly,pointing_game,0.0
247,layer4,grad_cam,Cardiomegaly,energy_box,0.07670248299837112
247,layer4,grad_cam,Cardiomegaly,iou,0.09108539670705795
247,layer4,grad_cam,Cardiomegaly,distance,0.6943743747353079
247,layer4,grad_cam_plus_plus,Cardiomegaly,pointing_game,1.0
247,layer4,grad_cam_plus_plus,Cardiomegaly,energy_box,0.12085907906293869
247,layer4,grad_cam_plus_plus,Cardiomegaly,iou,0.18283997476100922
247,layer4,grad_cam_plus_plus,Cardiomegaly,distance,0.14273725186835381
247,layer4,xgrad_cam,Cardiomegaly,pointing_game,0.0
247,layer4,xgrad_cam,Cardiomegaly,energy_box,0.07670246809720993
247,layer4,xgrad_cam,Cardiomegaly,iou,0.09108539670705795
247,layer4,xgrad_cam,Cardiomegaly,distance,0.6943743747353079
247,layer3,grad_cam,Lung Opacity,pointing_game,0.0
247,layer3,grad_cam,Lung Opacity,energy_box,0.063996322453022
247,layer3,grad_cam,Lung Opacity,iou,0.10753121227025986
247,layer3,grad_cam,Lung Opacity,distance,4.174739488452663
247,layer3,grad_cam_plus_plus,Lung Opacity,pointing_game,0.0
247,layer3,grad_cam_plus_plus,Lung Opacity,energy_box,0.013394488953053951
247,layer3,grad_cam_plus_plus,Lung Opacity,iou,0.018900755792856216
247,layer3,grad_cam_plus_plus,Lung Opacity,distance,5.819750208819411
247,layer3,xgrad_cam,Lung Opacity,pointing_game,0.0
247,layer3,xgrad_cam,Lung Opacity,energy_box,0.10529931634664536
247,layer3,xgrad_cam,Lung Opacity,iou,0.1745162457227707
247,layer3,xgrad_cam,Lung Opacity,distance,4.174739488452663
247,layer4,grad_cam,Lung Opacity,pointing_game,0.0
247,layer4,grad_cam,Lung Opacity,energy_box,0.011962519958615303
247,layer4,grad_cam,Lung Opacity,iou,0.0
247,layer4,grad_cam,Lung Opacity,distance,3.6308788667129557
247,layer4,grad_cam_plus_plus,Lung Opacity,pointing_game,0.0
247,layer4,grad_cam_plus_plus,Lung Opacity,energy_box,0.022432927042245865
247,layer4,grad_cam_plus_plus,Lung Opacity,iou,0.04495317488908768
247,layer4,grad_cam_plus_plus,Lung Opacity,distance,0.5214423129906433
247,layer4,xgrad_cam,Lung Opacity,pointing_game,0.0
247,layer4,xgrad_cam,Lung Opacity,energy_box,0.011962845921516418
247,layer4,xgrad_cam,Lung Opacity,iou,0.0
247,layer4,xgrad_cam,Lung Opacity,distance,3.6308788667129557
248,layer3,grad_cam,No finding,entropy,15.080991744995117
248,layer3,grad_cam,No finding,top_1pct,0.036492180079221725
248,layer3,grad_cam_plus_plus,No finding,entropy,15.586795806884766
248,layer3,grad_cam_plus_plus,No finding,top_1pct,0.0178446713835001
248,layer3,xgrad_cam,No finding,entropy,14.96369743347168
248,layer3,xgrad_cam,No finding,top_1pct,0.03901168704032898
248,layer4,grad_cam,No finding,entropy,14.79713249206543
248,layer4,grad_cam,No finding,top_1pct,0.040212906897068024
248,layer4,grad_cam_plus_plus,No finding,entropy,15.144702911376953
248,layer4,grad_cam_plus_plus,No finding,top_1pct,0.032186780124902725
248,layer4,xgrad_cam,No finding,entropy,14.79713249206543
248,layer4,xgrad_cam,No finding,top_1pct,0.040212906897068024
249,layer3,grad_cam,Infiltration,pointing_game,0.0
249,layer3,grad_cam,Infiltration,energy_box,0.006583194714039564
249,layer3,grad_cam,Infiltration,iou,0.0
249,layer3,grad_cam,Infiltration,distance,1.9442607484914511
249,layer3,grad_cam_plus_plus,Infiltration,pointing_game,0.0
249,layer3,grad_cam_plus_plus,Infiltration,energy_box,0.03372010216116905
249,layer3,grad_cam_plus_plus,Infiltration,iou,0.02062181942164898
249,layer3,grad_cam_plus_plus,Infiltration,distance,2.831576047536244
249,layer3,xgrad_cam,Infiltration,pointing_game,0.0
249,layer3,xgrad_cam,Infiltration,energy_box,0.0011926691513508558
249,layer3,xgrad_cam,Infiltration,iou,0.0
249,layer3,xgrad_cam,Infiltration,distance,2.030571269527663
249,layer4,grad_cam,Infiltration,pointing_game,0.0
249,layer4,grad_cam,Infiltration,energy_box,0.0005684686475433409
249,layer4,grad_cam,Infiltration,iou,0.0
249,layer4,grad_cam,Infiltration,distance,1.4690039981804313
249,layer4,grad_cam_plus_plus,Infiltration,pointing_game,0.0
249,layer4,grad_cam_plus_plus,Infiltration,energy_box,0.04807444289326668
249,layer4,grad_cam_plus_plus,Infiltration,iou,0.06615214794874191
249,layer4,grad_cam_plus_plus,Infiltration,distance,1.4690039981804313
249,layer4,xgrad_cam,Infiltration,pointing_game,0.0
249,layer4,xgrad_cam,Infiltration,energy_box,0.0005684684729203582
249,layer4,xgrad_cam,Infiltration,iou,0.0
249,layer4,xgrad_cam,Infiltration,distance,1.4690039981804313
249,layer3,grad_cam,Pleural thickening,pointing_game,0.0
249,layer3,grad_cam,Pleural thickening,energy_box,0.0
249,layer3,grad_cam,Pleural thickening,iou,0.0
249,layer3,grad_cam,Pleural thickening,distance,7.777130322838088
249,layer3,grad_cam_plus_plus,Pleural thickening,pointing_game,0.0
249,layer3,grad_cam_plus_plus,Pleural thickening,energy_box,0.0031329398043453693
249,layer3,grad_cam_plus_plus,Pleural thickening,iou,0.0
249,layer3,grad_cam_plus_plus,Pleural thickening,distance,6.622860591372523
249,layer3,xgrad_cam,Pleural thickening,pointing_game,0.0
249,layer3,xgrad_cam,Pleural thickening,energy_box,0.0
249,layer3,xgrad_cam,Pleural thickening,iou,0.0
249,layer3,xgrad_cam,Pleural thickening,distance,8.686036683479095
249,layer4,grad_cam,Pleural thickening,pointing_game,0.0
249,layer4,grad_cam,Pleural thickening,energy_box,0.01740066148340702
249,layer4,grad_cam,Pleural thickening,iou,0.029905851930379868
249,layer4,grad_cam,Pleural thickening,distance,0.9769925919334566
249,layer4,grad_cam_plus_plus,Pleural thickening,pointing_game,0.0
249,layer4,grad_cam_plus_plus,Pleural thickening,energy_box,0.005066241137683392
249,layer4,grad_cam_plus_plus,Pleural thickening,iou,0.007407407276332378
249,layer4,grad_cam_plus_plus,Pleural thickening,distance,3.603931598621182
249,layer4,xgrad_cam,Pleural thickening,pointing_game,0.0
249,layer4,xgrad_cam,Pleural thickening,energy_box,0.01740066520869732
249,layer4,xgrad_cam,Pleural thickening,iou,0.029905851930379868
249,layer4,xgrad_cam,Pleural thickening,distance,0.9769925919334566
249,layer3,grad_cam,Pulmonary fibrosis,pointing_game,0.0
249,layer3,grad_cam,Pulmonary fibrosis,energy_box,0.0031900962349027395
249,layer3,grad_cam,Pulmonary fibrosis,iou,0.0
249,layer3,grad_cam,Pulmonary fibrosis,distance,2.7416248746756633
249,layer3,grad_cam_plus_plus,Pulmonary fibrosis,pointing_game,0.0
249,layer3,grad_cam_plus_plus,Pulmonary fibrosis,energy_box,0.03219359740614891
249,layer3,grad_cam_plus_plus,Pulmonary fibrosis,iou,0.0066860695369541645
249,layer3,grad_cam_plus_plus,Pulmonary fibrosis,distance,2.831576047536244
249,layer3,xgrad_cam,Pulmonary fibrosis,pointing_game,0.0
249,layer3,xgrad_cam,Pulmonary fibrosis,energy_box,0.0017291057156398892
249,layer3,xgrad_cam,Pulmonary fibrosis,iou,0.0
249,layer3,xgrad_cam,Pulmonary fibrosis,distance,1.6377016726630127
249,layer4,grad_cam,Pulmonary fibrosis,pointing_game,0.0
249,layer4,grad_cam,Pulmonary fibrosis,energy_box,0.00029703465406782925
249,layer4,grad_cam,Pulmonary fibrosis,iou,0.0
249,layer4,grad_cam,Pulmonary fibrosis,distance,1.8748217304099308
249,layer4,grad_cam_plus_plus,Pulmonary fibrosis,pointing_game,0.0
249,layer4,grad_cam_plus_plus,Pulmonary fibrosis,energy_box,0.04259292036294937
249,layer4,grad_cam_plus_plus,Pulmonary fibrosis,iou,0.054932210594415665
249,layer4,grad_cam_plus_plus,Pulmonary fibrosis,distance,1.2367260655468164
249,layer4,xgrad_cam,Pulmonary fibrosis,pointing_game,0.0
249,layer4,xgrad_cam,Pulmonary fibrosis,energy_box,0.00029703471227549016
249,layer4,xgrad_cam,Pulmonary fibrosis,iou,0.0
249,layer4,xgrad_cam,Pulmonary fibrosis,distance,1.8748217304099308
250,layer3,grad_cam,No finding,entropy,14.95976448059082
250,layer3,grad_cam,No finding,top_1pct,0.03756335377693176
250,layer3,grad_cam_plus_plus,No finding,entropy,15.58315658569336
250,layer3,grad_cam_plus_plus,No finding,top_1pct,0.016896188259124756
250,layer3,xgrad_cam,No finding,entropy,15.281886100769043
250,layer3,xgrad_cam,No finding,top_1pct,0.03505058214068413
250,layer4,grad_cam,No finding,entropy,14.530223846435547
250,layer4,grad_cam,No finding,top_1pct,0.046334851533174515
250,layer4,grad_cam_plus_plus,No finding,entropy,14.931449890136719
250,layer4,grad_cam_plus_plus,No finding,top_1pct,0.03837361931800842
250,layer4,xgrad_cam,No finding,entropy,14.530223846435547
250,layer4,xgrad_cam,No finding,top_1pct,0.046334851533174515
251,layer3,grad_cam,No finding,entropy,14.74620246887207
251,layer3,grad_cam,No finding,top_1pct,0.04764208942651749
251,layer3,grad_cam_plus_plus,No finding,entropy,15.578131675720215
251,layer3,grad_cam_plus_plus,No finding,top_1pct,0.021163050085306168
251,layer3,xgrad_cam,No finding,entropy,15.144058227539062
251,layer3,xgrad_cam,No finding,top_1pct,0.038411643356084824
251,layer4,grad_cam,No finding,entropy,14.860660552978516
251,layer4,grad_cam,No finding,top_1pct,0.032809067517519
251,layer4,grad_cam_plus_plus,No finding,entropy,15.03118896484375
251,layer4,grad_cam_plus_plus,No finding,top_1pct,0.031226716935634613
251,layer4,xgrad_cam,No finding,entropy,14.860661506652832
251,layer4,xgrad_cam,No finding,top_1pct,0.032809067517519
252,layer3,grad_cam,Aortic enlargement,pointing_game,0.0
252,layer3,grad_cam,Aortic enlargement,energy_box,0.042191293090581894
252,layer3,grad_cam,Aortic enlargement,iou,0.04703415185213089
252,layer3,grad_cam,Aortic enlargement,distance,1.6895638084324598
252,layer3,grad_cam_plus_plus,Aortic enlargement,pointing_game,0.0
252,layer3,grad_cam_plus_plus,Aortic enlargement,energy_box,0.01768067292869091
252,layer3,grad_cam_plus_plus,Aortic enlargement,iou,0.0
252,layer3,grad_cam_plus_plus,Aortic enlargement,distance,1.9687919376619232
252,layer3,xgrad_cam,Aortic enlargement,pointing_game,0.0
252,layer3,xgrad_cam,Aortic enlargement,energy_box,0.042064424604177475
252,layer3,xgrad_cam,Aortic enlargement,iou,0.02800000086426735
252,layer3,xgrad_cam,Aortic enlargement,distance,1.6895638084324598
252,layer4,grad_cam,Aortic enlargement,pointing_game,0.0
252,layer4,grad_cam,Aortic enlargement,energy_box,0.03241833671927452
252,layer4,grad_cam,Aortic enlargement,iou,0.08434058725833893
252,layer4,grad_cam,Aortic enlargement,distance,0.4571947790022773
252,layer4,grad_cam_plus_plus,Aortic enlargement,pointing_game,0.0
252,layer4,grad_cam_plus_plus,Aortic enlargement,energy_box,0.028102954849600792
252,layer4,grad_cam_plus_plus,Aortic enlargement,iou,0.061435673385858536
252,layer4,grad_cam_plus_plus,Aortic enlargement,distance,1.2343543790625875
252,layer4,xgrad_cam,Aortic enlargement,pointing_game,0.0
252,layer4,xgrad_cam,Aortic enlargement,energy_box,0.03241833671927452
252,layer4,xgrad_cam,Aortic enlargement,iou,0.08434058725833893
252,layer4,xgrad_cam,Aortic enlargement,distance,0.4571947790022773
252,layer3,grad_cam,Cardiomegaly,pointing_game,0.0
252,layer3,grad_cam,Cardiomegaly,energy_box,0.027939384803175926
252,layer3,grad_cam,Cardiomegaly,iou,0.02037292905151844
252,layer3,grad_cam,Cardiomegaly,distance,0.7495508332895201
252,layer3,grad_cam_plus_plus,Cardiomegaly,pointing_game,0.0
252,layer3,grad_cam_plus_plus,Cardiomegaly,energy_box,0.02914625033736229
252,layer3,grad_cam_plus_plus,Cardiomegaly,iou,0.0
252,layer3,grad_cam_plus_plus,Cardiomegaly,distance,1.3317590506323231
252,layer3,xgrad_cam,Cardiomegaly,pointing_game,0.0
252,layer3,xgrad_cam,Cardiomegaly,energy_box,0.028060805052518845
252,layer3,xgrad_cam,Cardiomegaly,iou,0.026900583878159523
252,layer3,xgrad_cam,Cardiomegaly,distance,0.7495508332895201
252,layer4,grad_cam,Cardiomegaly,pointing_game,0.0
252,layer4,grad_cam,Cardiomegaly,energy_box,0.0
252,layer4,grad_cam,Cardiomegaly,iou,0.0
252,layer4,grad_cam,Cardiomegaly,distance,0.9895995497852428
252,layer4,grad_cam_plus_plus,Cardiomegaly,pointing_game,0.0
252,layer4,grad_cam_plus_plus,Cardiomegaly,energy_box,0.04986052215099335
252,layer4,grad_cam_plus_plus,Cardiomegaly,iou,0.08845102041959763
252,layer4,grad_cam_plus_plus,Cardiomegaly,distance,0.5093843449791026
252,layer4,xgrad_cam,Cardiomegaly,pointing_game,0.0
252,layer4,xgrad_cam,Cardiomegaly,energy_box,0.0
252,layer4,xgrad_cam,Cardiomegaly,iou,0.0
252,layer4,xgrad_cam,Cardiomegaly,distance,0.9895995497852428
252,layer3,grad_cam,Infiltration,pointing_game,0.0
252,layer3,grad_cam,Infiltration,energy_box,0.005850400310009718
252,layer3,grad_cam,Infiltration,iou,0.0
252,layer3,grad_cam,Infiltration,distance,2.785288946738698
252,layer3,grad_cam_plus_plus,Infiltration,pointing_game,0.0
252,layer3,grad_cam_plus_plus,Infiltration,energy_box,0.03357040137052536
252,layer3,grad_cam_plus_plus,Infiltration,iou,0.0
252,layer3,grad_cam_plus_plus,Infiltration,distance,2.353784141859722
252,layer3,xgrad_cam,Infiltration,pointing_game,0.0
252,layer3,xgrad_cam,Infiltration,energy_box,4.9712871259544045e-05
252,layer3,xgrad_cam,Infiltration,iou,0.0
252,layer3,xgrad_cam,Infiltration,distance,2.785288946738698
252,layer4,grad_cam,Infiltration,pointing_game,0.0
252,layer4,grad_cam,Infiltration,energy_box,0.0009077007416635752
252,layer4,grad_cam,Infiltration,iou,0.0
252,layer4,grad_cam,Infiltration,distance,2.1501030154382152
252,layer4,grad_cam_plus_plus,Infiltration,pointing_game,0.0
252,layer4,grad_cam_plus_plus,Infiltration,energy_box,0.022799799218773842
252,layer4,grad_cam_plus_plus,Infiltration,iou,0.0
252,layer4,grad_cam_plus_plus,Infiltration,distance,1.9964905725413846
252,layer4,xgrad_cam,Infiltration,pointing_game,0.0
252,layer4,xgrad_cam,Infiltration,energy_box,0.0009077014401555061
252,layer4,xgrad_cam,Infiltration,iou,0.0
252,layer4,xgrad_cam,Infiltration,distance,2.1501030154382152
252,layer3,grad_cam,Other lesion,pointing_game,0.0
252,layer3,grad_cam,Other lesion,energy_box,0.011468663811683655
252,layer3,grad_cam,Other lesion,iou,0.0
252,layer3,grad_cam,Other lesion,distance,3.550474321103545
252,layer3,grad_cam_plus_plus,Other lesion,pointing_game,0.0
252,layer3,grad_cam_plus_plus,Other lesion,energy_box,0.019912203773856163
252,layer3,grad_cam_plus_plus,Other lesion,iou,0.041369471698999405
252,layer3,grad_cam_plus_plus,Other lesion,distance,2.2139433263462323
252,layer3,xgrad_cam,Other lesion,pointing_game,0.0
252,layer3,xgrad_cam,Other lesion,energy_box,0.007391034625470638
252,layer3,xgrad_cam,Other lesion,iou,0.0
252,layer3,xgrad_cam,Other lesion,distance,1.7812454901394454
252,layer4,grad_cam,Other lesion,pointing_game,0.0
252,layer4,grad_cam,Other lesion,energy_box,0.0
252,layer4,grad_cam,Other lesion,iou,0.0
252,layer4,grad_cam,Other lesion,distance,2.0715158129361595
252,layer4,grad_cam_plus_plus,Other lesion,pointing_game,0.0
252,layer4,grad_cam_plus_plus,Other lesion,energy_box,0.029653167352080345
252,layer4,grad_cam_plus_plus,Other lesion,iou,0.07676785439252853
252,layer4,grad_cam_plus_plus,Other lesion,distance,1.3248040603375975
252,layer4,xgrad_cam,Other lesion,pointing_game,0.0
252,layer4,xgrad_cam,Other lesion,energy_box,0.0
252,layer4,xgrad_cam,Other lesion,iou,0.0
252,layer4,xgrad_cam,Other lesion,distance,2.0715158129361595
252,layer3,grad_cam,Pleural thickening,pointing_game,0.0
252,layer3,grad_cam,Pleural thickening,energy_box,0.0
252,layer3,grad_cam,Pleural thickening,iou,0.0
252,layer3,grad_cam,Pleural thickening,distance,3.0847939300461324
252,layer3,grad_cam_plus_plus,Pleural thickening,pointing_game,0.0
252,layer3,grad_cam_plus_plus,Pleural thickening,energy_box,0.007617807015776634
252,layer3,grad_cam_plus_plus,Pleural thickening,iou,0.0
252,layer3,grad_cam_plus_plus,Pleural thickening,distance,2.419923182949809
252,layer3,xgrad_cam,Pleural thickening,pointing_game,0.0
252,layer3,xgrad_cam,Pleural thickening,energy_box,0.0
252,layer3,xgrad_cam,Pleural thickening,iou,0.0
252,layer3,xgrad_cam,Pleural thickening,distance,2.0863528385510355
252,layer4,grad_cam,Pleural thickening,pointing_game,0.0
252,layer4,grad_cam,Pleural thickening,energy_box,0.0
252,layer4,grad_cam,Pleural thickening,iou,0.0
252,layer4,grad_cam,Pleural thickening,distance,4.3149377378942
252,layer4,grad_cam_plus_plus,Pleural thickening,pointing_game,0.0
252,layer4,grad_cam_plus_plus,Pleural thickening,energy_box,0.004394374787807465
252,layer4,grad_cam_plus_plus,Pleural thickening,iou,0.0
252,layer4,grad_cam_plus_plus,Pleural thickening,distance,3.7194656461195987
252,layer4,xgrad_cam,Pleural thickening,pointing_game,0.0
252,layer4,xgrad_cam,Pleural thickening,energy_box,0.0
252,layer4,xgrad_cam,Pleural thickening,iou,0.0
252,layer4,xgrad_cam,Pleural thickening,distance,4.3149377378942
253,layer3,grad_cam,No finding,entropy,15.379532814025879
253,layer3,grad_cam,No finding,top_1pct,0.028909552842378616
253,layer3,grad_cam_plus_plus,No finding,entropy,15.558454513549805
253,layer3,grad_cam_plus_plus,No finding,top_1pct,0.024840475991368294
253,layer3,xgrad_cam,No finding,entropy,15.294646263122559
253,layer3,xgrad_cam,No finding,top_1pct,0.034930162131786346
253,layer4,grad_cam,No finding,entropy,14.423426628112793
253,layer4,grad_cam,No finding,top_1pct,0.04471060633659363
253,layer4,grad_cam_plus_plus,No finding,entropy,14.990798950195312
253,layer4,grad_cam_plus_plus,No finding,top_1pct,0.036133043467998505
253,layer4,xgrad_cam,No finding,entropy,14.423426628112793
253,layer4,xgrad_cam,No finding,top_1pct,0.04471060633659363
254,layer3,grad_cam,Aortic enlargement,pointing_game,0.0
254,layer3,grad_cam,Aortic enlargement,energy_box,0.029323427006602287
254,layer3,grad_cam,Aortic enlargement,iou,0.0
254,layer3,grad_cam,Aortic enlargement,distance,2.653195661379778
254,layer3,grad_cam_plus_plus,Aortic enlargement,pointing_game,0.0
254,layer3,grad_cam_plus_plus,Aortic enlargement,energy_box,0.012189211323857307
254,layer3,grad_cam_plus_plus,Aortic enlargement,iou,0.018288936465978622
254,layer3,grad_cam_plus_plus,Aortic enlargement,distance,2.8888324280873103
254,layer3,xgrad_cam,Aortic enlargement,pointing_game,0.0
254,layer3,xgrad_cam,Aortic enlargement,energy_box,0.026677006855607033
254,layer3,xgrad_cam,Aortic enlargement,iou,0.0
254,layer3,xgrad_cam,Aortic enlargement,distance,2.6396771225154425
254,layer4,grad_cam,Aortic enlargement,pointing_game,0.0
254,layer4,grad_cam,Aortic enlargement,energy_box,0.02678770385682583
254,layer4,grad_cam,Aortic enlargement,iou,0.03684823587536812
254,layer4,grad_cam,Aortic enlargement,distance,0.6194647007487976
254,layer4,grad_cam_plus_plus,Aortic enlargement,pointing_game,0.0
254,layer4,grad_cam_plus_plus,Aortic enlargement,energy_box,0.019030416384339333
254,layer4,grad_cam_plus_plus,Aortic enlargement,iou,0.02575063705444336
254,layer4,grad_cam_plus_plus,Aortic enlargement,distance,0.6194647007487976
254,layer4,xgrad_cam,Aortic enlargement,pointing_game,0.0
254,layer4,xgrad_cam,Aortic enlargement,energy_box,0.02678770385682583
254,layer4,xgrad_cam,Aortic enlargement,iou,0.03684823587536812
254,layer4,xgrad_cam,Aortic enlargement,distance,0.6194647007487976
254,layer3,grad_cam,Lung Opacity,pointing_game,0.0
254,layer3,grad_cam,Lung Opacity,energy_box,0.002663736930117011
254,layer3,grad_cam,Lung Opacity,iou,0.0
254,layer3,grad_cam,Lung Opacity,distance,2.9547291711696313
254,layer3,grad_cam_plus_plus,Lung Opacity,pointing_game,0.0
254,layer3,grad_cam_plus_plus,Lung Opacity,energy_box,0.00797281228005886
254,layer3,grad_cam_plus_plus,Lung Opacity,iou,0.0059549747966229916
254,layer3,grad_cam_plus_plus,Lung Opacity,distance,5.683573372380543
254,layer3,xgrad_cam,Lung Opacity,pointing_game,0.0
254,layer3,xgrad_cam,Lung Opacity,energy_box,0.004757003393024206
254,layer3,xgrad_cam,Lung Opacity,iou,0.0
254,layer3,xgrad_cam,Lung Opacity,distance,2.9615189409830496
254,layer4,grad_cam,Lung Opacity,pointing_game,0.0
254,layer4,grad_cam,Lung Opacity,energy_box,0.0022678531240671873
254,layer4,grad_cam,Lung Opacity,iou,0.0
254,layer4,grad_cam,Lung Opacity,distance,4.861934249070718
254,layer4,grad_cam_plus_plus,Lung Opacity,pointing_game,0.0
254,layer4,grad_cam_plus_plus,Lung Opacity,energy_box,0.010783747769892216
254,layer4,grad_cam_plus_plus,Lung Opacity,iou,0.018619084730744362
254,layer4,grad_cam_plus_plus,Lung Opacity,distance,4.160317666309615
254,layer4,xgrad_cam,Lung Opacity,pointing_game,0.0
254,layer4,xgrad_cam,Lung Opacity,energy_box,0.0022678563836961985
254,layer4,xgrad_cam,Lung Opacity,iou,0.0
254,layer4,xgrad_cam,Lung Opacity,distance,4.861934249070718
254,layer3,grad_cam,Nodule/Mass,pointing_game,0.0
254,layer3,grad_cam,Nodule/Mass,energy_box,0.0010125836124643683
254,layer3,grad_cam,Nodule/Mass,iou,0.0
254,layer3,grad_cam,Nodule/Mass,distance,2.9488939714960702
254,layer3,grad_cam_plus_plus,Nodule/Mass,pointing_game,0.0
254,layer3,grad_cam_plus_plus,Nodule/Mass,energy_box,0.007938111200928688
254,layer3,grad_cam_plus_plus,Nodule/Mass,iou,0.009002375416457653
254,layer3,grad_cam_plus_plus,Nodule/Mass,distance,5.683573372380543
254,layer3,xgrad_cam,Nodule/Mass,pointing_game,0.0
254,layer3,xgrad_cam,Nodule/Mass,energy_box,0.0046194675378501415
254,layer3,xgrad_cam,Nodule/Mass,iou,0.0
254,layer3,xgrad_cam,Nodule/Mass,distance,2.9488939714960702
254,layer4,grad_cam,Nodule/Mass,pointing_game,0.0
254,layer4,grad_cam,Nodule/Mass,energy_box,0.0
254,layer4,grad_cam,Nodule/Mass,iou,0.0
254,layer4,grad_cam,Nodule/Mass,distance,3.8921331434352444
254,layer4,grad_cam_plus_plus,Nodule/Mass,pointing_game,0.0
254,layer4,grad_cam_plus_plus,Nodule/Mass,energy_box,0.008097788318991661
254,layer4,grad_cam_plus_plus,Nodule/Mass,iou,0.0
254,layer4,grad_cam_plus_plus,Nodule/Mass,distance,1.9233075224726894
254,layer4,xgrad_cam,Nodule/Mass,pointing_game,0.0
254,layer4,xgrad_cam,Nodule/Mass,energy_box,0.0
254,layer4,xgrad_cam,Nodule/Mass,iou,0.0
254,layer4,xgrad_cam,Nodule/Mass,distance,3.8921331434352444
254,layer3,grad_cam,Other lesion,pointing_game,0.0
254,layer3,grad_cam,Other lesion,energy_box,0.00912893284112215
254,layer3,grad_cam,Other lesion,iou,0.0
254,layer3,grad_cam,Other lesion,distance,3.8300822283880676
254,layer3,grad_cam_plus_plus,Other lesion,pointing_game,0.0
254,layer3,grad_cam_plus_plus,Other lesion,energy_box,0.008221035823225975
254,layer3,grad_cam_plus_plus,Other lesion,iou,0.008670956827700138
254,layer3,grad_cam_plus_plus,Other lesion,distance,3.814848337489022
254,layer3,xgrad_cam,Other lesion,pointing_game,0.0
254,layer3,xgrad_cam,Other lesion,energy_box,0.006964400410652161
254,layer3,xgrad_cam,Other lesion,iou,0.0
254,layer3,xgrad_cam,Other lesion,distance,3.8300822283880676
254,layer4,grad_cam,Other lesion,pointing_game,0.0
254,layer4,grad_cam,Other lesion,energy_box,0.0
254,layer4,grad_cam,Other lesion,iou,0.0
254,layer4,grad_cam,Other lesion,distance,3.915333851663028
254,layer4,grad_cam_plus_plus,Other lesion,pointing_game,0.0
254,layer4,grad_cam_plus_plus,Other lesion,energy_box,0.009613540023565292
254,layer4,grad_cam_plus_plus,Other lesion,iou,0.014378120191395283
254,layer4,grad_cam_plus_plus,Other lesion,distance,1.9538673929790094
254,layer4,xgrad_cam,Other lesion,pointing_game,0.0
254,layer4,xgrad_cam,Other lesion,energy_box,0.0
254,layer4,xgrad_cam,Other lesion,iou,0.0
254,layer4,xgrad_cam,Other lesion,distance,3.915333851663028
254,layer3,grad_cam,Pleural effusion,pointing_game,0.0
254,layer3,grad_cam,Pleural effusion,energy_box,6.512513937195763e-05
254,layer3,grad_cam,Pleural effusion,iou,0.0
254,layer3,grad_cam,Pleural effusion,distance,10.120054395640846
254,layer3,grad_cam_plus_plus,Pleural effusion,pointing_game,0.0
254,layer3,grad_cam_plus_plus,Pleural effusion,energy_box,0.003460079664364457
254,layer3,grad_cam_plus_plus,Pleural effusion,iou,0.0
254,layer3,grad_cam_plus_plus,Pleural effusion,distance,10.090113042451751
254,layer3,xgrad_cam,Pleural effusion,pointing_game,0.0
254,layer3,xgrad_cam,Pleural effusion,energy_box,5.5934549891389906e-05
254,layer3,xgrad_cam,Pleural effusion,iou,0.0
254,layer3,xgrad_cam,Pleural effusion,distance,10.120054395640846
254,layer4,grad_cam,Pleural effusion,pointing_game,0.0
254,layer4,grad_cam,Pleural effusion,energy_box,0.0036514776293188334
254,layer4,grad_cam,Pleural effusion,iou,0.0
254,layer4,grad_cam,Pleural effusion,distance,5.241595578575437
254,layer4,grad_cam_plus_plus,Pleural effusion,pointing_game,0.0
254,layer4,grad_cam_plus_plus,Pleural effusion,energy_box,0.004844375886023045
254,layer4,grad_cam_plus_plus,Pleural effusion,iou,0.0060452651232481
254,layer4,grad_cam_plus_plus,Pleural effusion,distance,2.7653397348531708
254,layer4,xgrad_cam,Pleural effusion,pointing_game,0.0
254,layer4,xgrad_cam,Pleural effusion,energy_box,0.003651479259133339
254,layer4,xgrad_cam,Pleural effusion,iou,0.0
254,layer4,xgrad_cam,Pleural effusion,distance,5.241595578575437
254,layer3,grad_cam,Pleural thickening,pointing_game,0.0
254,layer3,grad_cam,Pleural thickening,energy_box,0.0011489223688840866
254,layer3,grad_cam,Pleural thickening,iou,0.0
254,layer3,grad_cam,Pleural thickening,distance,2.1785604911583256
254,layer3,grad_cam_plus_plus,Pleural thickening,pointing_game,0.0
254,layer3,grad_cam_plus_plus,Pleural thickening,energy_box,0.0033608563244342804
254,layer3,grad_cam_plus_plus,Pleural thickening,iou,0.002669830806553364
254,layer3,grad_cam_plus_plus,Pleural thickening,distance,3.099946534046225
254,layer3,xgrad_cam,Pleural thickening,pointing_game,0.0
254,layer3,xgrad_cam,Pleural thickening,energy_box,0.0005195274716243148
254,layer3,xgrad_cam,Pleural thickening,iou,0.0
254,layer3,xgrad_cam,Pleural thickening,distance,3.099946534046225
254,layer4,grad_cam,Pleural thickening,pointing_game,0.0
254,layer4,grad_cam,Pleural thickening,energy_box,0.008739572949707508
254,layer4,grad_cam,Pleural thickening,iou,0.007174490485340357
254,layer4,grad_cam,Pleural thickening,distance,1.946907376925354
254,layer4,grad_cam_plus_plus,Pleural thickening,pointing_game,0.0
254,layer4,grad_cam_plus_plus,Pleural thickening,energy_box,0.00500110536813736
254,layer4,grad_cam_plus_plus,Pleural thickening,iou,0.0024620434269309044
254,layer4,grad_cam_plus_plus,Pleural thickening,distance,2.7653397348531708
254,layer4,xgrad_cam,Pleural thickening,pointing_game,0.0
254,layer4,xgrad_cam,Pleural thickening,energy_box,0.008739572949707508
254,layer4,xgrad_cam,Pleural thickening,iou,0.007174490485340357
254,layer4,xgrad_cam,Pleural thickening,distance,1.946907376925354
254,layer3,grad_cam,Pulmonary fibrosis,pointing_game,0.0
254,layer3,grad_cam,Pulmonary fibrosis,energy_box,0.023225784301757812
254,layer3,grad_cam,Pulmonary fibrosis,iou,0.026606425642967224
254,layer3,grad_cam,Pulmonary fibrosis,distance,2.6237355758900174
254,layer3,grad_cam_plus_plus,Pulmonary fibrosis,pointing_game,0.0
254,layer3,grad_cam_plus_plus,Pulmonary fibrosis,energy_box,0.009308329783380032
254,layer3,grad_cam_plus_plus,Pulmonary fibrosis,iou,0.011630243621766567
254,layer3,grad_cam_plus_plus,Pulmonary fibrosis,distance,6.338203899479242
254,layer3,xgrad_cam,Pulmonary fibrosis,pointing_game,0.0
254,layer3,xgrad_cam,Pulmonary fibrosis,energy_box,0.021362921223044395
254,layer3,xgrad_cam,Pulmonary fibrosis,iou,0.0
254,layer3,xgrad_cam,Pulmonary fibrosis,distance,2.6384068543423487
254,layer4,grad_cam,Pulmonary fibrosis,pointing_game,0.0
254,layer4,grad_cam,Pulmonary fibrosis,energy_box,0.00618176581338048
254,layer4,grad_cam,Pulmonary fibrosis,iou,0.01698513887822628
254,layer4,grad_cam,Pulmonary fibrosis,distance,2.5774363470215413
254,layer4,grad_cam_plus_plus,Pulmonary fibrosis,pointing_game,0.0
254,layer4,grad_cam_plus_plus,Pulmonary fibrosis,energy_box,0.009561226703226566
254,layer4,grad_cam_plus_plus,Pulmonary fibrosis,iou,0.0063082436099648476
254,layer4,grad_cam_plus_plus,Pulmonary fibrosis,distance,2.5188756661939316
254,layer4,xgrad_cam,Pulmonary fibrosis,pointing_game,0.0
254,layer4,xgrad_cam,Pulmonary fibrosis,energy_box,0.006181761622428894
254,layer4,xgrad_cam,Pulmonary fibrosis,iou,0.01698513887822628
254,layer4,xgrad_cam,Pulmonary fibrosis,distance,2.5774363470215413
255,layer3,grad_cam,No finding,entropy,15.251056671142578
255,layer3,grad_cam,No finding,top_1pct,0.03416389971971512
255,layer3,grad_cam_plus_plus,No finding,entropy,15.577144622802734
255,layer3,grad_cam_plus_plus,No finding,top_1pct,0.020085621625185013
255,layer3,xgrad_cam,No finding,entropy,15.310340881347656
255,layer3,xgrad_cam,No finding,top_1pct,0.0325014553964138
255,layer4,grad_cam,No finding,entropy,14.975868225097656
255,layer4,grad_cam,No finding,top_1pct,0.02990546077489853
255,layer4,grad_cam_plus_plus,No finding,entropy,15.10123062133789
255,layer4,grad_cam_plus_plus,No finding,top_1pct,0.029560714960098267
255,layer4,xgrad_cam,No finding,entropy,14.975870132446289
255,layer4,xgrad_cam,No finding,top_1pct,0.02990546263754368
256,layer3,grad_cam,No finding,entropy,14.985482215881348
256,layer3,grad_cam,No finding,top_1pct,0.04467155039310455
256,layer3,grad_cam_plus_plus,No finding,entropy,15.587632179260254
256,layer3,grad_cam_plus_plus,No finding,top_1pct,0.017156148329377174
256,layer3,xgrad_cam,No finding,entropy,15.088587760925293
256,layer3,xgrad_cam,No finding,top_1pct,0.03934832289814949
256,layer4,grad_cam,No finding,entropy,14.621411323547363
256,layer4,grad_cam,No finding,top_1pct,0.04554112255573273
256,layer4,grad_cam_plus_plus,No finding,entropy,14.96452808380127
256,layer4,grad_cam_plus_plus,No finding,top_1pct,0.03999098390340805
256,layer4,xgrad_cam,No finding,entropy,14.621410369873047
256,layer4,xgrad_cam,No finding,top_1pct,0.04554111883044243
257,layer3,grad_cam,No finding,entropy,14.824145317077637
257,layer3,grad_cam,No finding,top_1pct,0.04439736157655716
257,layer3,grad_cam_plus_plus,No finding,entropy,15.590962409973145
257,layer3,grad_cam_plus_plus,No finding,top_1pct,0.016065659001469612
257,layer3,xgrad_cam,No finding,entropy,15.057902336120605
257,layer3,xgrad_cam,No finding,top_1pct,0.040474437177181244
257,layer4,grad_cam,No finding,entropy,14.769429206848145
257,layer4,grad_cam,No finding,top_1pct,0.04114067554473877
257,layer4,grad_cam_plus_plus,No finding,entropy,15.077759742736816
257,layer4,grad_cam_plus_plus,No finding,top_1pct,0.03556116670370102
257,layer4,xgrad_cam,No finding,entropy,14.769429206848145
257,layer4,xgrad_cam,No finding,top_1pct,0.04114067554473877
258,layer3,grad_cam,No finding,entropy,14.58178424835205
258,layer3,grad_cam,No finding,top_1pct,0.05047254264354706
258,layer3,grad_cam_plus_plus,No finding,entropy,15.582016944885254
258,layer3,grad_cam_plus_plus,No finding,top_1pct,0.01701284945011139
258,layer3,xgrad_cam,No finding,entropy,14.662958145141602
258,layer3,xgrad_cam,No finding,top_1pct,0.04692856967449188
258,layer4,grad_cam,No finding,entropy,14.424128532409668
258,layer4,grad_cam,No finding,top_1pct,0.04782188683748245
258,layer4,grad_cam_plus_plus,No finding,entropy,14.877349853515625
258,layer4,grad_cam_plus_plus,No finding,top_1pct,0.04043710231781006
258,layer4,xgrad_cam,No finding,entropy,14.424128532409668
258,layer4,xgrad_cam,No finding,top_1pct,0.04782189056277275
259,layer3,grad_cam,No finding,entropy,15.244556427001953
259,layer3,grad_cam,No finding,top_1pct,0.04138380289077759
259,layer3,grad_cam_plus_plus,No finding,entropy,15.589774131774902
259,layer3,grad_cam_plus_plus,No finding,top_1pct,0.01647535152733326
259,layer3,xgrad_cam,No finding,entropy,15.264851570129395
259,layer3,xgrad_cam,No finding,top_1pct,0.04128880053758621
259,layer4,grad_cam,No finding,entropy,14.562705993652344
259,layer4,grad_cam,No finding,top_1pct,0.04920145869255066
259,layer4,grad_cam_plus_plus,No finding,entropy,14.976659774780273
259,layer4,grad_cam_plus_plus,No finding,top_1pct,0.041471488773822784
259,layer4,xgrad_cam,No finding,entropy,14.562705039978027
259,layer4,xgrad_cam,No finding,top_1pct,0.04920145496726036
260,layer3,grad_cam,No finding,entropy,14.840871810913086
260,layer3,grad_cam,No finding,top_1pct,0.050947967916727066
260,layer3,grad_cam_plus_plus,No finding,entropy,15.579360961914062
260,layer3,grad_cam_plus_plus,No finding,top_1pct,0.019582103937864304
260,layer3,xgrad_cam,No finding,entropy,15.098966598510742
260,layer3,xgrad_cam,No finding,top_1pct,0.04383912310004234
260,layer4,grad_cam,No finding,entropy,14.756562232971191
260,layer4,grad_cam,No finding,top_1pct,0.03614114597439766
260,layer4,grad_cam_plus_plus,No finding,entropy,14.966699600219727
260,layer4,grad_cam_plus_plus,No finding,top_1pct,0.03364494442939758
260,layer4,xgrad_cam,No finding,entropy,14.756563186645508
260,layer4,xgrad_cam,No finding,top_1pct,0.03614114597439766
261,layer3,grad_cam,Nodule/Mass,pointing_game,0.0
261,layer3,grad_cam,Nodule/Mass,energy_box,0.00027890206547454
261,layer3,grad_cam,Nodule/Mass,iou,0.0
261,layer3,grad_cam,Nodule/Mass,distance,8.29898420326939
261,layer3,grad_cam_plus_plus,Nodule/Mass,pointing_game,0.0
261,layer3,grad_cam_plus_plus,Nodule/Mass,energy_box,0.0012777188094332814
261,layer3,grad_cam_plus_plus,Nodule/Mass,iou,0.0018837647512555122
261,layer3,grad_cam_plus_plus,Nodule/Mass,distance,8.997494918961154
261,layer3,xgrad_cam,Nodule/Mass,pointing_game,0.0
261,layer3,xgrad_cam,Nodule/Mass,energy_box,0.0003739482199307531
261,layer3,xgrad_cam,Nodule/Mass,iou,0.0
261,layer3,xgrad_cam,Nodule/Mass,distance,8.29898420326939
261,layer4,grad_cam,Nodule/Mass,pointing_game,0.0
261,layer4,grad_cam,Nodule/Mass,energy_box,0.010108478367328644
261,layer4,grad_cam,Nodule/Mass,iou,0.012295082211494446
261,layer4,grad_cam,Nodule/Mass,distance,1.2986809613166939
261,layer4,grad_cam_plus_plus,Nodule/Mass,pointing_game,0.0
261,layer4,grad_cam_plus_plus,Nodule/Mass,energy_box,0.000994934351183474
261,layer4,grad_cam_plus_plus,Nodule/Mass,iou,0.0
261,layer4,grad_cam_plus_plus,Nodule/Mass,distance,15.131125263243325
261,layer4,xgrad_cam,Nodule/Mass,pointing_game,0.0
261,layer4,xgrad_cam,Nodule/Mass,energy_box,0.01010847743600607
261,layer4,xgrad_cam,Nodule/Mass,iou,0.012295082211494446
261,layer4,xgrad_cam,Nodule/Mass,distance,1.2986809613166939
261,layer3,grad_cam,Other lesion,pointing_game,0.0
261,layer3,grad_cam,Other lesion,energy_box,0.01563441939651966
261,layer3,grad_cam,Other lesion,iou,0.0
261,layer3,grad_cam,Other lesion,distance,2.7294585855843767
261,layer3,grad_cam_plus_plus,Other lesion,pointing_game,0.0
261,layer3,grad_cam_plus_plus,Other lesion,energy_box,0.030802147462964058
261,layer3,grad_cam_plus_plus,Other lesion,iou,0.03941966965794563
261,layer3,grad_cam_plus_plus,Other lesion,distance,3.228462177917982
261,layer3,xgrad_cam,Other lesion,pointing_game,0.0
261,layer3,xgrad_cam,Other lesion,energy_box,0.034418608993291855
261,layer3,xgrad_cam,Other lesion,iou,0.0
261,layer3,xgrad_cam,Other lesion,distance,2.7294585855843767
261,layer4,grad_cam,Other lesion,pointing_game,0.0
261,layer4,grad_cam,Other lesion,energy_box,0.03830694034695625
261,layer4,grad_cam,Other lesion,iou,0.0
261,layer4,grad_cam,Other lesion,distance,3.590779814655737
261,layer4,grad_cam_plus_plus,Other lesion,pointing_game,0.0
261,layer4,grad_cam_plus_plus,Other lesion,energy_box,0.049553945660591125
261,layer4,grad_cam_plus_plus,Other lesion,iou,0.09579263627529144
261,layer4,grad_cam_plus_plus,Other lesion,distance,0.9232133169491142
261,layer4,xgrad_cam,Other lesion,pointing_game,0.0
261,layer4,xgrad_cam,Other lesion,energy_box,0.03830692544579506
261,layer4,xgrad_cam,Other lesion,iou,0.0
261,layer4,xgrad_cam,Other lesion,distance,3.590779814655737
262,layer3,grad_cam,No finding,entropy,14.610761642456055
262,layer3,grad_cam,No finding,top_1pct,0.058090969920158386
262,layer3,grad_cam_plus_plus,No finding,entropy,15.579522132873535
262,layer3,grad_cam_plus_plus,No finding,top_1pct,0.020279960706830025
262,layer3,xgrad_cam,No finding,entropy,15.113435745239258
262,layer3,xgrad_cam,No finding,top_1pct,0.039582785218954086
262,layer4,grad_cam,No finding,entropy,14.850690841674805
262,layer4,grad_cam,No finding,top_1pct,0.034079503268003464
262,layer4,grad_cam_plus_plus,No finding,entropy,15.03134536743164
262,layer4,grad_cam_plus_plus,No finding,top_1pct,0.029937444254755974
262,layer4,xgrad_cam,No finding,entropy,14.850689888000488
262,layer4,xgrad_cam,No finding,top_1pct,0.034079499542713165
263,layer3,grad_cam,No finding,entropy,14.999353408813477
263,layer3,grad_cam,No finding,top_1pct,0.04562688618898392
263,layer3,grad_cam_plus_plus,No finding,entropy,15.574771881103516
263,layer3,grad_cam_plus_plus,No finding,top_1pct,0.021265706047415733
263,layer3,xgrad_cam,No finding,entropy,15.286993026733398
263,layer3,xgrad_cam,No finding,top_1pct,0.035745229572057724
263,layer4,grad_cam,No finding,entropy,14.867233276367188
263,layer4,grad_cam,No finding,top_1pct,0.033446356654167175
263,layer4,grad_cam_plus_plus,No finding,entropy,15.057607650756836
263,layer4,grad_cam_plus_plus,No finding,top_1pct,0.03111778385937214
263,layer4,xgrad_cam,No finding,entropy,14.86723518371582
263,layer4,xgrad_cam,No finding,top_1pct,0.033446360379457474
264,layer3,grad_cam,Aortic enlargement,pointing_game,0.0
264,layer3,grad_cam,Aortic enlargement,energy_box,0.0062369960360229015
264,layer3,grad_cam,Aortic enlargement,iou,0.0
264,layer3,grad_cam,Aortic enlargement,distance,3.188800318868831
264,layer3,grad_cam_plus_plus,Aortic enlargement,pointing_game,0.0
264,layer3,grad_cam_plus_plus,Aortic enlargement,energy_box,0.005385091062635183
264,layer3,grad_cam_plus_plus,Aortic enlargement,iou,0.0
264,layer3,grad_cam_plus_plus,Aortic enlargement,distance,2.899692606749902
264,layer3,xgrad_cam,Aortic enlargement,pointing_game,0.0
264,layer3,xgrad_cam,Aortic enlargement,energy_box,0.0065393829718232155
264,layer3,xgrad_cam,Aortic enlargement,iou,0.0
264,layer3,xgrad_cam,Aortic enlargement,distance,4.114391890034682
264,layer4,grad_cam,Aortic enlargement,pointing_game,0.0
264,layer4,grad_cam,Aortic enlargement,energy_box,0.0
264,layer4,grad_cam,Aortic enlargement,iou,0.0
264,layer4,grad_cam,Aortic enlargement,distance,4.064283569512186
264,layer4,grad_cam_plus_plus,Aortic enlargement,pointing_game,0.0
264,layer4,grad_cam_plus_plus,Aortic enlargement,energy_box,0.008095295168459415
264,layer4,grad_cam_plus_plus,Aortic enlargement,iou,0.01207630056887865
264,layer4,grad_cam_plus_plus,Aortic enlargement,distance,2.9479502303775216
264,layer4,xgrad_cam,Aortic enlargement,pointing_game,0.0
264,layer4,xgrad_cam,Aortic enlargement,energy_box,0.0
264,layer4,xgrad_cam,Aortic enlargement,iou,0.0
264,layer4,xgrad_cam,Aortic enlargement,distance,4.064283569512186
264,layer3,grad_cam,Nodule/Mass,pointing_game,0.0
264,layer3,grad_cam,Nodule/Mass,energy_box,0.09947863221168518
264,layer3,grad_cam,Nodule/Mass,iou,0.001410658354870975
264,layer3,grad_cam,Nodule/Mass,distance,0.3877608274612678
264,layer3,grad_cam_plus_plus,Nodule/Mass,pointing_game,0.0
264,layer3,grad_cam_plus_plus,Nodule/Mass,energy_box,0.10207587480545044
264,layer3,grad_cam_plus_plus,Nodule/Mass,iou,0.03603358194231987
264,layer3,grad_cam_plus_plus,Nodule/Mass,distance,0.6424136832621825
264,layer3,xgrad_cam,Nodule/Mass,pointing_game,0.0
264,layer3,xgrad_cam,Nodule/Mass,energy_box,0.09962630271911621
264,layer3,xgrad_cam,Nodule/Mass,iou,0.0007846829830668867
264,layer3,xgrad_cam,Nodule/Mass,distance,0.3865791270944704
264,layer4,grad_cam,Nodule/Mass,pointing_game,0.0
264,layer4,grad_cam,Nodule/Mass,energy_box,0.0
264,layer4,grad_cam,Nodule/Mass,iou,0.0
264,layer4,grad_cam,Nodule/Mass,distance,1.0543235635459696
264,layer4,grad_cam_plus_plus,Nodule/Mass,pointing_game,0.0
264,layer4,grad_cam_plus_plus,Nodule/Mass,energy_box,0.1876760870218277
264,layer4,grad_cam_plus_plus,Nodule/Mass,iou,0.19447743892669678
264,layer4,grad_cam_plus_plus,Nodule/Mass,distance,0.395100921803339
264,layer4,xgrad_cam,Nodule/Mass,pointing_game,0.0
264,layer4,xgrad_cam,Nodule/Mass,energy_box,0.0
264,layer4,xgrad_cam,Nodule/Mass,iou,0.0
264,layer4,xgrad_cam,Nodule/Mass,distance,1.0543235635459696
264,layer3,grad_cam,Pleural thickening,pointing_game,0.0
264,layer3,grad_cam,Pleural thickening,energy_box,0.00012588700337801129
264,layer3,grad_cam,Pleural thickening,iou,0.0
264,layer3,grad_cam,Pleural thickening,distance,2.957056840137492
264,layer3,grad_cam_plus_plus,Pleural thickening,pointing_game,0.0
264,layer3,grad_cam_plus_plus,Pleural thickening,energy_box,0.0052842251025140285
264,layer3,grad_cam_plus_plus,Pleural thickening,iou,0.010731431655585766
264,layer3,grad_cam_plus_plus,Pleural thickening,distance,0.3602440428475744
264,layer3,xgrad_cam,Pleural thickening,pointing_game,0.0
264,layer3,xgrad_cam,Pleural thickening,energy_box,1.0651323464117013e-05
264,layer3,xgrad_cam,Pleural thickening,iou,0.0
264,layer3,xgrad_cam,Pleural thickening,distance,2.9345787445823768
264,layer4,grad_cam,Pleural thickening,pointing_game,0.0
264,layer4,grad_cam,Pleural thickening,energy_box,0.0
264,layer4,grad_cam,Pleural thickening,iou,0.0
264,layer4,grad_cam,Pleural thickening,distance,5.7868924594117255
264,layer4,grad_cam_plus_plus,Pleural thickening,pointing_game,0.0
264,layer4,grad_cam_plus_plus,Pleural thickening,energy_box,0.003149612806737423
264,layer4,grad_cam_plus_plus,Pleural thickening,iou,0.0
264,layer4,grad_cam_plus_plus,Pleural thickening,distance,2.9370383798955007
264,layer4,xgrad_cam,Pleural thickening,pointing_game,0.0
264,layer4,xgrad_cam,Pleural thickening,energy_box,0.0
264,layer4,xgrad_cam,Pleural thickening,iou,0.0
264,layer4,xgrad_cam,Pleural thickening,distance,5.7868924594117255
265,layer3,grad_cam,No finding,entropy,14.504201889038086
265,layer3,grad_cam,No finding,top_1pct,0.08902331441640854
265,layer3,grad_cam_plus_plus,No finding,entropy,15.582843780517578
265,layer3,grad_cam_plus_plus,No finding,top_1pct,0.019053002819418907
265,layer3,xgrad_cam,No finding,entropy,15.176797866821289
265,layer3,xgrad_cam,No finding,top_1pct,0.06372147053480148
265,layer4,grad_cam,No finding,entropy,14.78345775604248
265,layer4,grad_cam,No finding,top_1pct,0.03855053335428238
265,layer4,grad_cam_plus_plus,No finding,entropy,15.011882781982422
265,layer4,grad_cam_plus_plus,No finding,top_1pct,0.03434974327683449
265,layer4,xgrad_cam,No finding,entropy,14.78345775604248
265,layer4,xgrad_cam,No finding,top_1pct,0.03855053707957268
266,layer3,grad_cam,No finding,entropy,15.105600357055664
266,layer3,grad_cam,No finding,top_1pct,0.03225540369749069
266,layer3,grad_cam_plus_plus,No finding,entropy,15.340535163879395
266,layer3,grad_cam_plus_plus,No finding,top_1pct,0.05416441336274147
266,layer3,xgrad_cam,No finding,entropy,14.645071029663086
266,layer3,xgrad_cam,No finding,top_1pct,0.10161123424768448
266,layer4,grad_cam,No finding,entropy,14.398900985717773
266,layer4,grad_cam,No finding,top_1pct,0.04625909775495529
266,layer4,grad_cam_plus_plus,No finding,entropy,14.649066925048828
266,layer4,grad_cam_plus_plus,No finding,top_1pct,0.042204614728689194
266,layer4,xgrad_cam,No finding,entropy,14.39889907836914
266,layer4,xgrad_cam,No finding,top_1pct,0.04625909402966499
267,layer3,grad_cam,No finding,entropy,14.748343467712402
267,layer3,grad_cam,No finding,top_1pct,0.06849262118339539
267,layer3,grad_cam_plus_plus,No finding,entropy,15.586148262023926
267,layer3,grad_cam_plus_plus,No finding,top_1pct,0.019060170277953148
267,layer3,xgrad_cam,No finding,entropy,15.160587310791016
267,layer3,xgrad_cam,No finding,top_1pct,0.05327992141246796
267,layer4,grad_cam,No finding,entropy,14.685105323791504
267,layer4,grad_cam,No finding,top_1pct,0.04009781777858734
267,layer4,grad_cam_plus_plus,No finding,entropy,15.076179504394531
267,layer4,grad_cam_plus_plus,No finding,top_1pct,0.03237897530198097
267,layer4,xgrad_cam,No finding,entropy,14.685104370117188
267,layer4,xgrad_cam,No finding,top_1pct,0.040097806602716446
268,layer3,grad_cam,Aortic enlargement,pointing_game,0.0
268,layer3,grad_cam,Aortic enlargement,energy_box,0.0
268,layer3,grad_cam,Aortic enlargement,iou,0.0
268,layer3,grad_cam,Aortic enlargement,distance,1.7367279671646438
268,layer3,grad_cam_plus_plus,Aortic enlargement,pointing_game,0.0
268,layer3,grad_cam_plus_plus,Aortic enlargement,energy_box,0.014082586392760277
268,layer3,grad_cam_plus_plus,Aortic enlargement,iou,0.01827036403119564
268,layer3,grad_cam_plus_plus,Aortic enlargement,distance,2.8592930973385475
268,layer3,xgrad_cam,Aortic enlargement,pointing_game,0.0
268,layer3,xgrad_cam,Aortic enlargement,energy_box,0.0
268,layer3,xgrad_cam,Aortic enlargement,iou,0.0
268,layer3,xgrad_cam,Aortic enlargement,distance,1.7367279671646438
268,layer4,grad_cam,Aortic enlargement,pointing_game,0.0
268,layer4,grad_cam,Aortic enlargement,energy_box,0.0005051926709711552
268,layer4,grad_cam,Aortic enlargement,iou,0.0
268,layer4,grad_cam,Aortic enlargement,distance,3.2249713262853756
268,layer4,grad_cam_plus_plus,Aortic enlargement,pointing_game,0.0
268,layer4,grad_cam_plus_plus,Aortic enlargement,energy_box,0.01009280700236559
268,layer4,grad_cam_plus_plus,Aortic enlargement,iou,0.0
268,layer4,grad_cam_plus_plus,Aortic enlargement,distance,2.475676531004058
268,layer4,xgrad_cam,Aortic enlargement,pointing_game,0.0
268,layer4,xgrad_cam,Aortic enlargement,energy_box,0.0005051926709711552
268,layer4,xgrad_cam,Aortic enlargement,iou,0.0
268,layer4,xgrad_cam,Aortic enlargement,distance,3.2249713262853756
268,layer3,grad_cam,Infiltration,pointing_game,0.0
268,layer3,grad_cam,Infiltration,energy_box,0.012902663089334965
268,layer3,grad_cam,Infiltration,iou,0.0
268,layer3,grad_cam,Infiltration,distance,1.362820786639302
268,layer3,grad_cam_plus_plus,Infiltration,pointing_game,0.0
268,layer3,grad_cam_plus_plus,Infiltration,energy_box,0.032778263092041016
268,layer3,grad_cam_plus_plus,Infiltration,iou,0.021577883511781693
268,layer3,grad_cam_plus_plus,Infiltration,distance,2.346393110528771
268,layer3,xgrad_cam,Infiltration,pointing_game,0.0
268,layer3,xgrad_cam,Infiltration,energy_box,6.211816071299836e-05
268,layer3,xgrad_cam,Infiltration,iou,0.0
268,layer3,xgrad_cam,Infiltration,distance,2.210904046311675
268,layer4,grad_cam,Infiltration,pointing_game,0.0
268,layer4,grad_cam,Infiltration,energy_box,0.0
268,layer4,grad_cam,Infiltration,iou,0.0
268,layer4,grad_cam,Infiltration,distance,1.5273480347365473
268,layer4,grad_cam_plus_plus,Infiltration,pointing_game,0.0
268,layer4,grad_cam_plus_plus,Infiltration,energy_box,0.05646507441997528
268,layer4,grad_cam_plus_plus,Infiltration,iou,0.10203209519386292
268,layer4,grad_cam_plus_plus,Infiltration,distance,0.8616700444319709
268,layer4,xgrad_cam,Infiltration,pointing_game,0.0
268,layer4,xgrad_cam,Infiltration,energy_box,0.0
268,layer4,xgrad_cam,Infiltration,iou,0.0
268,layer4,xgrad_cam,Infiltration,distance,1.5273480347365473
268,layer3,grad_cam,Other lesion,pointing_game,0.0
268,layer3,grad_cam,Other lesion,energy_box,0.09848447144031525
268,layer3,grad_cam,Other lesion,iou,0.02522682026028633
268,layer3,grad_cam,Other lesion,distance,0.49623142054637087
268,layer3,grad_cam_plus_plus,Other lesion,pointing_game,0.0
268,layer3,grad_cam_plus_plus,Other lesion,energy_box,0.1101040318608284
268,layer3,grad_cam_plus_plus,Other lesion,iou,0.10467782616615295
268,layer3,grad_cam_plus_plus,Other lesion,distance,2.095793606674465
268,layer3,xgrad_cam,Other lesion,pointing_game,0.0
268,layer3,xgrad_cam,Other lesion,energy_box,0.0854763388633728
268,layer3,xgrad_cam,Other lesion,iou,0.027436822652816772
268,layer3,xgrad_cam,Other lesion,distance,0.49623142054637087
268,layer4,grad_cam,Other lesion,pointing_game,0.0
268,layer4,grad_cam,Other lesion,energy_box,0.1462419182062149
268,layer4,grad_cam,Other lesion,iou,0.0
268,layer4,grad_cam,Other lesion,distance,1.6421804802471764
268,layer4,grad_cam_plus_plus,Other lesion,pointing_game,0.0
268,layer4,grad_cam_plus_plus,Other lesion,energy_box,0.08550355583429337
268,layer4,grad_cam_plus_plus,Other lesion,iou,0.03754779323935509
268,layer4,grad_cam_plus_plus,Other lesion,distance,1.0549893068237244
268,layer4,xgrad_cam,Other lesion,pointing_game,0.0
268,layer4,xgrad_cam,Other lesion,energy_box,0.14624199271202087
268,layer4,xgrad_cam,Other lesion,iou,0.0
268,layer4,xgrad_cam,Other lesion,distance,1.6421804802471764
268,layer3,grad_cam,Pulmonary fibrosis,pointing_game,0.0
268,layer3,grad_cam,Pulmonary fibrosis,energy_box,0.007609167601913214
268,layer3,grad_cam,Pulmonary fibrosis,iou,0.0
268,layer3,grad_cam,Pulmonary fibrosis,distance,1.362820786639302
268,layer3,grad_cam_plus_plus,Pulmonary fibrosis,pointing_game,0.0
268,layer3,grad_cam_plus_plus,Pulmonary fibrosis,energy_box,0.032198578119277954
268,layer3,grad_cam_plus_plus,Pulmonary fibrosis,iou,0.017804322764277458
268,layer3,grad_cam_plus_plus,Pulmonary fibrosis,distance,2.346393110528771
268,layer3,xgrad_cam,Pulmonary fibrosis,pointing_game,0.0
268,layer3,xgrad_cam,Pulmonary fibrosis,energy_box,7.422757789754542e-06
268,layer3,xgrad_cam,Pulmonary fibrosis,iou,0.0
268,layer3,xgrad_cam,Pulmonary fibrosis,distance,2.210904046311675
268,layer4,grad_cam,Pulmonary fibrosis,pointing_game,0.0
268,layer4,grad_cam,Pulmonary fibrosis,energy_box,0.07517985254526138
268,layer4,grad_cam,Pulmonary fibrosis,iou,0.04568690061569214
268,layer4,grad_cam,Pulmonary fibrosis,distance,0.435180234315581
268,layer4,grad_cam_plus_plus,Pulmonary fibrosis,pointing_game,0.0
268,layer4,grad_cam_plus_plus,Pulmonary fibrosis,energy_box,0.05377662181854248
268,layer4,grad_cam_plus_plus,Pulmonary fibrosis,iou,0.0884183719754219
268,layer4,grad_cam_plus_plus,Pulmonary fibrosis,distance,1.0628698267009051
268,layer4,xgrad_cam,Pulmonary fibrosis,pointing_game,0.0
268,layer4,xgrad_cam,Pulmonary fibrosis,energy_box,0.07517983764410019
268,layer4,xgrad_cam,Pulmonary fibrosis,iou,0.04568690061569214
268,layer4,xgrad_cam,Pulmonary fibrosis,distance,0.435180234315581
269,layer3,grad_cam,No finding,entropy,14.645957946777344
269,layer3,grad_cam,No finding,top_1pct,0.0516681969165802
269,layer3,grad_cam_plus_plus,No finding,entropy,15.582063674926758
269,layer3,grad_cam_plus_plus,No finding,top_1pct,0.01735430397093296
269,layer3,xgrad_cam,No finding,entropy,14.962592124938965
269,layer3,xgrad_cam,No finding,top_1pct,0.051096636801958084
269,layer4,grad_cam,No finding,entropy,14.377058029174805
269,layer4,grad_cam,No finding,top_1pct,0.051543742418289185
269,layer4,grad_cam_plus_plus,No finding,entropy,14.85609245300293
269,layer4,grad_cam_plus_plus,No finding,top_1pct,0.042104803025722504
269,layer4,xgrad_cam,No finding,entropy,14.377058029174805
269,layer4,xgrad_cam,No finding,top_1pct,0.05154374614357948
270,layer3,grad_cam,Aortic enlargement,pointing_game,0.0
270,layer3,grad_cam,Aortic enlargement,energy_box,0.0
270,layer3,grad_cam,Aortic enlargement,iou,0.0
270,layer3,grad_cam,Aortic enlargement,distance,3.046452509775627
270,layer3,grad_cam_plus_plus,Aortic enlargement,pointing_game,0.0
270,layer3,grad_cam_plus_plus,Aortic enlargement,energy_box,0.01094755344092846
270,layer3,grad_cam_plus_plus,Aortic enlargement,iou,0.005756224039942026
270,layer3,grad_cam_plus_plus,Aortic enlargement,distance,4.402429656955321
270,layer3,xgrad_cam,Aortic enlargement,pointing_game,0.0
270,layer3,xgrad_cam,Aortic enlargement,energy_box,0.0
270,layer3,xgrad_cam,Aortic enlargement,iou,0.0
270,layer3,xgrad_cam,Aortic enlargement,distance,2.9154707395775428
270,layer4,grad_cam,Aortic enlargement,pointing_game,0.0
270,layer4,grad_cam,Aortic enlargement,energy_box,0.003588644787669182
270,layer4,grad_cam,Aortic enlargement,iou,0.0
270,layer4,grad_cam,Aortic enlargement,distance,3.7251385294794344
270,layer4,grad_cam_plus_plus,Aortic enlargement,pointing_game,0.0
270,layer4,grad_cam_plus_plus,Aortic enlargement,energy_box,0.01863822527229786
270,layer4,grad_cam_plus_plus,Aortic enlargement,iou,0.02768785133957863
270,layer4,grad_cam_plus_plus,Aortic enlargement,distance,2.027463356362727
270,layer4,xgrad_cam,Aortic enlargement,pointing_game,0.0
270,layer4,xgrad_cam,Aortic enlargement,energy_box,0.003588645486161113
270,layer4,xgrad_cam,Aortic enlargement,iou,0.0
270,layer4,xgrad_cam,Aortic enlargement,distance,3.7251385294794344
270,layer3,grad_cam,Pleural thickening,pointing_game,0.0
270,layer3,grad_cam,Pleural thickening,energy_box,0.0005558804259635508
270,layer3,grad_cam,Pleural thickening,iou,0.0
270,layer3,grad_cam,Pleural thickening,distance,7.307365922346363
270,layer3,grad_cam_plus_plus,Pleural thickening,pointing_game,0.0
270,layer3,grad_cam_plus_plus,Pleural thickening,energy_box,0.0015459023416042328
270,layer3,grad_cam_plus_plus,Pleural thickening,iou,0.0
270,layer3,grad_cam_plus_plus,Pleural thickening,distance,7.71810216964454
270,layer3,xgrad_cam,Pleural thickening,pointing_game,0.0
270,layer3,xgrad_cam,Pleural thickening,energy_box,0.0006360031547956169
270,layer3,xgrad_cam,Pleural thickening,iou,0.0
270,layer3,xgrad_cam,Pleural thickening,distance,8.30457806970755
270,layer4,grad_cam,Pleural thickening,pointing_game,0.0
270,layer4,grad_cam,Pleural thickening,energy_box,0.0007174570928327739
270,layer4,grad_cam,Pleural thickening,iou,0.0
270,layer4,grad_cam,Pleural thickening,distance,7.2594329931753085
270,layer4,grad_cam_plus_plus,Pleural thickening,pointing_game,0.0
270,layer4,grad_cam_plus_plus,Pleural thickening,energy_box,0.0026108778547495604
270,layer4,grad_cam_plus_plus,Pleural thickening,iou,0.003250687150284648
270,layer4,grad_cam_plus_plus,Pleural thickening,distance,4.578717598389173
270,layer4,xgrad_cam,Pleural thickening,pointing_game,0.0
270,layer4,xgrad_cam,Pleural thickening,energy_box,0.000717455055564642
270,layer4,xgrad_cam,Pleural thickening,iou,0.0
270,layer4,xgrad_cam,Pleural thickening,distance,7.2594329931753085
271,layer3,grad_cam,No finding,entropy,15.1300687789917
271,layer3,grad_cam,No finding,top_1pct,0.03613486886024475
271,layer3,grad_cam_plus_plus,No finding,entropy,15.58739948272705
271,layer3,grad_cam_plus_plus,No finding,top_1pct,0.01681479811668396
271,layer3,xgrad_cam,No finding,entropy,15.256345748901367
271,layer3,xgrad_cam,No finding,top_1pct,0.03368639573454857
271,layer4,grad_cam,No finding,entropy,14.417781829833984
271,layer4,grad_cam,No finding,top_1pct,0.05144302174448967
271,layer4,grad_cam_plus_plus,No finding,entropy,14.985918045043945
271,layer4,grad_cam_plus_plus,No finding,top_1pct,0.040806353092193604
271,layer4,xgrad_cam,No finding,entropy,14.417783737182617
271,layer4,xgrad_cam,No finding,top_1pct,0.05144302919507027
272,layer3,grad_cam,No finding,entropy,14.839140892028809
272,layer3,grad_cam,No finding,top_1pct,0.042115841060876846
272,layer3,grad_cam_plus_plus,No finding,entropy,15.585409164428711
272,layer3,grad_cam_plus_plus,No finding,top_1pct,0.017634043470025063
272,layer3,xgrad_cam,No finding,entropy,15.28612995147705
272,layer3,xgrad_cam,No finding,top_1pct,0.026676254346966743
272,layer4,grad_cam,No finding,entropy,14.701529502868652
272,layer4,grad_cam,No finding,top_1pct,0.039878882467746735
272,layer4,grad_cam_plus_plus,No finding,entropy,14.992255210876465
272,layer4,grad_cam_plus_plus,No finding,top_1pct,0.034724101424217224
272,layer4,xgrad_cam,No finding,entropy,14.701530456542969
272,layer4,xgrad_cam,No finding,top_1pct,0.039878882467746735
273,layer3,grad_cam,Aortic enlargement,pointing_game,0.0
273,layer3,grad_cam,Aortic enlargement,energy_box,0.04490314796566963
273,layer3,grad_cam,Aortic enlargement,iou,0.05869445949792862
273,layer3,grad_cam,Aortic enlargement,distance,0.6342674670810582
273,layer3,grad_cam_plus_plus,Aortic enlargement,pointing_game,0.0
273,layer3,grad_cam_plus_plus,Aortic enlargement,energy_box,0.015163147822022438
273,layer3,grad_cam_plus_plus,Aortic enlargement,iou,0.018155965954065323
273,layer3,grad_cam_plus_plus,Aortic enlargement,distance,0.6342674670810582
273,layer3,xgrad_cam,Aortic enlargement,pointing_game,0.0
273,layer3,xgrad_cam,Aortic enlargement,energy_box,0.04005381464958191
273,layer3,xgrad_cam,Aortic enlargement,iou,0.05454545468091965
273,layer3,xgrad_cam,Aortic enlargement,distance,0.6342674670810582
273,layer4,grad_cam,Aortic enlargement,pointing_game,0.0
273,layer4,grad_cam,Aortic enlargement,energy_box,0.019087333232164383
273,layer4,grad_cam,Aortic enlargement,iou,0.014393704012036324
273,layer4,grad_cam,Aortic enlargement,distance,1.0522408633426976
273,layer4,grad_cam_plus_plus,Aortic enlargement,pointing_game,0.0
273,layer4,grad_cam_plus_plus,Aortic enlargement,energy_box,0.023120896890759468
273,layer4,grad_cam_plus_plus,Aortic enlargement,iou,0.06557538360357285
273,layer4,grad_cam_plus_plus,Aortic enlargement,distance,1.3581657463138723
273,layer4,xgrad_cam,Aortic enlargement,pointing_game,0.0
273,layer4,xgrad_cam,Aortic enlargement,energy_box,0.019087335094809532
273,layer4,xgrad_cam,Aortic enlargement,iou,0.014393704012036324
273,layer4,xgrad_cam,Aortic enlargement,distance,1.0522408633426976
273,layer3,grad_cam,Cardiomegaly,pointing_game,0.0
273,layer3,grad_cam,Cardiomegaly,energy_box,0.035747263580560684
273,layer3,grad_cam,Cardiomegaly,iou,0.02254055254161358
273,layer3,grad_cam,Cardiomegaly,distance,0.7313955245848544
273,layer3,grad_cam_plus_plus,Cardiomegaly,pointing_game,0.0
273,layer3,grad_cam_plus_plus,Cardiomegaly,energy_box,0.037497952580451965
273,layer3,grad_cam_plus_plus,Cardiomegaly,iou,0.028577547520399094
273,layer3,grad_cam_plus_plus,Cardiomegaly,distance,1.456798281851875
273,layer3,xgrad_cam,Cardiomegaly,pointing_game,0.0
273,layer3,xgrad_cam,Cardiomegaly,energy_box,0.038912221789360046
273,layer3,xgrad_cam,Cardiomegaly,iou,0.02973802201449871
273,layer3,xgrad_cam,Cardiomegaly,distance,0.31680042899886013
273,layer4,grad_cam,Cardiomegaly,pointing_game,0.0
273,layer4,grad_cam,Cardiomegaly,energy_box,0.03118870221078396
273,layer4,grad_cam,Cardiomegaly,iou,0.01070315670222044
273,layer4,grad_cam,Cardiomegaly,distance,0.9477830123988981
273,layer4,grad_cam_plus_plus,Cardiomegaly,pointing_game,0.0
273,layer4,grad_cam_plus_plus,Cardiomegaly,energy_box,0.0753055065870285
273,layer4,grad_cam_plus_plus,Cardiomegaly,iou,0.13499662280082703
273,layer4,grad_cam_plus_plus,Cardiomegaly,distance,0.32779551162976195
273,layer4,xgrad_cam,Cardiomegaly,pointing_game,0.0
273,layer4,xgrad_cam,Cardiomegaly,energy_box,0.031188709661364555
273,layer4,xgrad_cam,Cardiomegaly,iou,0.01070315670222044
273,layer4,xgrad_cam,Cardiomegaly,distance,0.9477830123988981
274,layer3,grad_cam,No finding,entropy,15.144338607788086
274,layer3,grad_cam,No finding,top_1pct,0.03148758411407471
274,layer3,grad_cam_plus_plus,No finding,entropy,15.535517692565918
274,layer3,grad_cam_plus_plus,No finding,top_1pct,0.03423082455992699
274,layer3,xgrad_cam,No finding,entropy,15.144619941711426
274,layer3,xgrad_cam,No finding,top_1pct,0.032964739948511124
274,layer4,grad_cam,No finding,entropy,14.640817642211914
274,layer4,grad_cam,No finding,top_1pct,0.04219263419508934
274,layer4,grad_cam_plus_plus,No finding,entropy,15.238040924072266
274,layer4,grad_cam_plus_plus,No finding,top_1pct,0.037604060024023056
274,layer4,xgrad_cam,No finding,entropy,14.64081859588623
274,layer4,xgrad_cam,No finding,top_1pct,0.04219263419508934
275,layer3,grad_cam,Aortic enlargement,pointing_game,0.0
275,layer3,grad_cam,Aortic enlargement,energy_box,0.05010725185275078
275,layer3,grad_cam,Aortic enlargement,iou,0.0
275,layer3,grad_cam,Aortic enlargement,distance,3.8568644933197076
275,layer3,grad_cam_plus_plus,Aortic enlargement,pointing_game,0.0
275,layer3,grad_cam_plus_plus,Aortic enlargement,energy_box,0.0246849674731493
275,layer3,grad_cam_plus_plus,Aortic enlargement,iou,0.005640765652060509
275,layer3,grad_cam_plus_plus,Aortic enlargement,distance,2.697834718581206
275,layer3,xgrad_cam,Aortic enlargement,pointing_game,0.0
275,layer3,xgrad_cam,Aortic enlargement,energy_box,0.04941194877028465
275,layer3,xgrad_cam,Aortic enlargement,iou,0.0
275,layer3,xgrad_cam,Aortic enlargement,distance,1.5541632680412314
275,layer4,grad_cam,Aortic enlargement,pointing_game,0.0
275,layer4,grad_cam,Aortic enlargement,energy_box,0.05953717976808548
275,layer4,grad_cam,Aortic enlargement,iou,0.05081277713179588
275,layer4,grad_cam,Aortic enlargement,distance,0.3847104130415565
275,layer4,grad_cam_plus_plus,Aortic enlargement,pointing_game,1.0
275,layer4,grad_cam_plus_plus,Aortic enlargement,energy_box,0.0452381931245327
275,layer4,grad_cam_plus_plus,Aortic enlargement,iou,0.06831992417573929
275,layer4,grad_cam_plus_plus,Aortic enlargement,distance,0.36775393319768124
275,layer4,xgrad_cam,Aortic enlargement,pointing_game,0.0
275,layer4,xgrad_cam,Aortic enlargement,energy_box,0.05953717231750488
275,layer4,xgrad_cam,Aortic enlargement,iou,0.05081277713179588
275,layer4,xgrad_cam,Aortic enlargement,distance,0.3847104130415565
275,layer3,grad_cam,Cardiomegaly,pointing_game,0.0
275,layer3,grad_cam,Cardiomegaly,energy_box,0.07129185646772385
275,layer3,grad_cam,Cardiomegaly,iou,0.0
275,layer3,grad_cam,Cardiomegaly,distance,0.7583409487194764
275,layer3,grad_cam_plus_plus,Cardiomegaly,pointing_game,0.0
275,layer3,grad_cam_plus_plus,Cardiomegaly,energy_box,0.0808444693684578
275,layer3,grad_cam_plus_plus,Cardiomegaly,iou,0.041683074086904526
275,layer3,grad_cam_plus_plus,Cardiomegaly,distance,0.9118450906646691
275,layer3,xgrad_cam,Cardiomegaly,pointing_game,0.0
275,layer3,xgrad_cam,Cardiomegaly,energy_box,0.07830146700143814
275,layer3,xgrad_cam,Cardiomegaly,iou,0.012131423689424992
275,layer3,xgrad_cam,Cardiomegaly,distance,0.7583409487194764
275,layer4,grad_cam,Cardiomegaly,pointing_game,1.0
275,layer4,grad_cam,Cardiomegaly,energy_box,0.17524437606334686
275,layer4,grad_cam,Cardiomegaly,iou,0.17491166293621063
275,layer4,grad_cam,Cardiomegaly,distance,0.38521836998002923
275,layer4,grad_cam_plus_plus,Cardiomegaly,pointing_game,0.0
275,layer4,grad_cam_plus_plus,Cardiomegaly,energy_box,0.11756119877099991
275,layer4,grad_cam_plus_plus,Cardiomegaly,iou,0.16381537914276123
275,layer4,grad_cam_plus_plus,Cardiomegaly,distance,1.5512845035702028
275,layer4,xgrad_cam,Cardiomegaly,pointing_game,1.0
275,layer4,xgrad_cam,Cardiomegaly,energy_box,0.17524434626102448
275,layer4,xgrad_cam,Cardiomegaly,iou,0.17491166293621063
275,layer4,xgrad_cam,Cardiomegaly,distance,0.38521836998002923
275,layer3,grad_cam,Pleural effusion,pointing_game,0.0
275,layer3,grad_cam,Pleural effusion,energy_box,0.0005293014692142606
275,layer3,grad_cam,Pleural effusion,iou,0.0
275,layer3,grad_cam,Pleural effusion,distance,7.025133281050749
275,layer3,grad_cam_plus_plus,Pleural effusion,pointing_game,0.0
275,layer3,grad_cam_plus_plus,Pleural effusion,energy_box,0.0013238397659733891
275,layer3,grad_cam_plus_plus,Pleural effusion,iou,0.0
275,layer3,grad_cam_plus_plus,Pleural effusion,distance,9.728461136457453
275,layer3,xgrad_cam,Pleural effusion,pointing_game,0.0
275,layer3,xgrad_cam,Pleural effusion,energy_box,0.0014918860979378223
275,layer3,xgrad_cam,Pleural effusion,iou,0.0
275,layer3,xgrad_cam,Pleural effusion,distance,10.647050037050741
275,layer4,grad_cam,Pleural effusion,pointing_game,0.0
275,layer4,grad_cam,Pleural effusion,energy_box,0.015115831047296524
275,layer4,grad_cam,Pleural effusion,iou,0.03248973935842514
275,layer4,grad_cam,Pleural effusion,distance,1.244008586047973
275,layer4,grad_cam_plus_plus,Pleural effusion,pointing_game,0.0
275,layer4,grad_cam_plus_plus,Pleural effusion,energy_box,0.0020825229585170746
275,layer4,grad_cam_plus_plus,Pleural effusion,iou,0.004166666883975267
275,layer4,grad_cam_plus_plus,Pleural effusion,distance,3.005693903907705
275,layer4,xgrad_cam,Pleural effusion,pointing_game,0.0
275,layer4,xgrad_cam,Pleural effusion,energy_box,0.015115832909941673
275,layer4,xgrad_cam,Pleural effusion,iou,0.03248973935842514
275,layer4,xgrad_cam,Pleural effusion,distance,1.244008586047973
275,layer3,grad_cam,Pleural thickening,pointing_game,0.0
275,layer3,grad_cam,Pleural thickening,energy_box,0.0030610798858106136
275,layer3,grad_cam,Pleural thickening,iou,0.0
275,layer3,grad_cam,Pleural thickening,distance,1.0206356524319402
275,layer3,grad_cam_plus_plus,Pleural thickening,pointing_game,0.0
275,layer3,grad_cam_plus_plus,Pleural thickening,energy_box,0.022173430770635605
275,layer3,grad_cam_plus_plus,Pleural thickening,iou,0.005721227265894413
275,layer3,grad_cam_plus_plus,Pleural thickening,distance,3.7522004955205635
275,layer3,xgrad_cam,Pleural thickening,pointing_game,0.0
275,layer3,xgrad_cam,Pleural thickening,energy_box,0.004078252706676722
275,layer3,xgrad_cam,Pleural thickening,iou,0.0
275,layer3,xgrad_cam,Pleural thickening,distance,1.4430307729409284
275,layer4,grad_cam,Pleural thickening,pointing_game,0.0
275,layer4,grad_cam,Pleural thickening,energy_box,0.014239751733839512
275,layer4,grad_cam,Pleural thickening,iou,0.0
275,layer4,grad_cam,Pleural thickening,distance,1.4721964169582504
275,layer4,grad_cam_plus_plus,Pleural thickening,pointing_game,0.0
275,layer4,grad_cam_plus_plus,Pleural thickening,energy_box,0.01720619387924671
275,layer4,grad_cam_plus_plus,Pleural thickening,iou,0.0
275,layer4,grad_cam_plus_plus,Pleural thickening,distance,1.9655928348633056
275,layer4,xgrad_cam,Pleural thickening,pointing_game,0.0
275,layer4,xgrad_cam,Pleural thickening,energy_box,0.014239753596484661
275,layer4,xgrad_cam,Pleural thickening,iou,0.0
275,layer4,xgrad_cam,Pleural thickening,distance,1.4721964169582504
275,layer3,grad_cam,Pulmonary fibrosis,pointing_game,0.0
275,layer3,grad_cam,Pulmonary fibrosis,energy_box,0.004519158508628607
275,layer3,grad_cam,Pulmonary fibrosis,iou,0.0
275,layer3,grad_cam,Pulmonary fibrosis,distance,1.9502077724131364
275,layer3,grad_cam_plus_plus,Pulmonary fibrosis,pointing_game,0.0
275,layer3,grad_cam_plus_plus,Pulmonary fibrosis,energy_box,0.012132354080677032
275,layer3,grad_cam_plus_plus,Pulmonary fibrosis,iou,0.0009701366652734578
275,layer3,grad_cam_plus_plus,Pulmonary fibrosis,distance,4.910315162881038
275,layer3,xgrad_cam,Pulmonary fibrosis,pointing_game,0.0
275,layer3,xgrad_cam,Pulmonary fibrosis,energy_box,0.0023136772215366364
275,layer3,xgrad_cam,Pulmonary fibrosis,iou,0.0
275,layer3,xgrad_cam,Pulmonary fibrosis,distance,1.9502077724131364
275,layer4,grad_cam,Pulmonary fibrosis,pointing_game,0.0
275,layer4,grad_cam,Pulmonary fibrosis,energy_box,0.0482175387442112
275,layer4,grad_cam,Pulmonary fibrosis,iou,0.033707864582538605
275,layer4,grad_cam,Pulmonary fibrosis,distance,1.2024605899373768
275,layer4,grad_cam_plus_plus,Pulmonary fibrosis,pointing_game,0.0
275,layer4,grad_cam_plus_plus,Pulmonary fibrosis,energy_box,0.016992786899209023
275,layer4,grad_cam_plus_plus,Pulmonary fibrosis,iou,0.04528301954269409
275,layer4,grad_cam_plus_plus,Pulmonary fibrosis,distance,1.4236279360485873
275,layer4,xgrad_cam,Pulmonary fibrosis,pointing_game,0.0
275,layer4,xgrad_cam,Pulmonary fibrosis,energy_box,0.04821754992008209
275,layer4,xgrad_cam,Pulmonary fibrosis,iou,0.033707864582538605
275,layer4,xgrad_cam,Pulmonary fibrosis,distance,1.2024605899373768
276,layer3,grad_cam,Aortic enlargement,pointing_game,0.0
276,layer3,grad_cam,Aortic enlargement,energy_box,0.05151187628507614
276,layer3,grad_cam,Aortic enlargement,iou,0.0071428571827709675
276,layer3,grad_cam,Aortic enlargement,distance,1.2775271104381294
276,layer3,grad_cam_plus_plus,Aortic enlargement,pointing_game,0.0
276,layer3,grad_cam_plus_plus,Aortic enlargement,energy_box,0.04202951118350029
276,layer3,grad_cam_plus_plus,Aortic enlargement,iou,0.03879333287477493
276,layer3,grad_cam_plus_plus,Aortic enlargement,distance,0.7145615701364271
276,layer3,xgrad_cam,Aortic enlargement,pointing_game,0.0
276,layer3,xgrad_cam,Aortic enlargement,energy_box,0.05327189713716507
276,layer3,xgrad_cam,Aortic enlargement,iou,0.024741340428590775
276,layer3,xgrad_cam,Aortic enlargement,distance,1.2775271104381294
276,layer4,grad_cam,Aortic enlargement,pointing_game,0.0
276,layer4,grad_cam,Aortic enlargement,energy_box,0.08369413018226624
276,layer4,grad_cam,Aortic enlargement,iou,0.12378837168216705
276,layer4,grad_cam,Aortic enlargement,distance,0.5495743821202655
276,layer4,grad_cam_plus_plus,Aortic enlargement,pointing_game,0.0
276,layer4,grad_cam_plus_plus,Aortic enlargement,energy_box,0.07452800869941711
276,layer4,grad_cam_plus_plus,Aortic enlargement,iou,0.15732237696647644
276,layer4,grad_cam_plus_plus,Aortic enlargement,distance,0.5495743821202655
276,layer4,xgrad_cam,Aortic enlargement,pointing_game,0.0
276,layer4,xgrad_cam,Aortic enlargement,energy_box,0.08369413763284683
276,layer4,xgrad_cam,Aortic enlargement,iou,0.12378837168216705
276,layer4,xgrad_cam,Aortic enlargement,distance,0.5495743821202655
276,layer3,grad_cam,Cardiomegaly,pointing_game,1.0
276,layer3,grad_cam,Cardiomegaly,energy_box,0.1656792014837265
276,layer3,grad_cam,Cardiomegaly,iou,0.2278815358877182
276,layer3,grad_cam,Cardiomegaly,distance,0.38995325356116317
276,layer3,grad_cam_plus_plus,Cardiomegaly,pointing_game,1.0
276,layer3,grad_cam_plus_plus,Cardiomegaly,energy_box,0.08536563068628311
276,layer3,grad_cam_plus_plus,Cardiomegaly,iou,0.0781538188457489
276,layer3,grad_cam_plus_plus,Cardiomegaly,distance,0.18269507298621593
276,layer3,xgrad_cam,Cardiomegaly,pointing_game,1.0
276,layer3,xgrad_cam,Cardiomegaly,energy_box,0.1409958302974701
276,layer3,xgrad_cam,Cardiomegaly,iou,0.2741610109806061
276,layer3,xgrad_cam,Cardiomegaly,distance,0.1766672393665148
276,layer4,grad_cam,Cardiomegaly,pointing_game,0.0
276,layer4,grad_cam,Cardiomegaly,energy_box,0.20102135837078094
276,layer4,grad_cam,Cardiomegaly,iou,0.2928156852722168
276,layer4,grad_cam,Cardiomegaly,distance,0.37446518864206274
276,layer4,grad_cam_plus_plus,Cardiomegaly,pointing_game,0.0
276,layer4,grad_cam_plus_plus,Cardiomegaly,energy_box,0.16120712459087372
276,layer4,grad_cam_plus_plus,Cardiomegaly,iou,0.28522366285324097
276,layer4,grad_cam_plus_plus,Cardiomegaly,distance,0.19999028670283467
276,layer4,xgrad_cam,Cardiomegaly,pointing_game,0.0
276,layer4,xgrad_cam,Cardiomegaly,energy_box,0.20102137327194214
276,layer4,xgrad_cam,Cardiomegaly,iou,0.2928156852722168
276,layer4,xgrad_cam,Cardiomegaly,distance,0.37446518864206274
277,layer3,grad_cam,No finding,entropy,14.918851852416992
277,layer3,grad_cam,No finding,top_1pct,0.04470573738217354
277,layer3,grad_cam_plus_plus,No finding,entropy,15.584932327270508
277,layer3,grad_cam_plus_plus,No finding,top_1pct,0.01694369874894619
277,layer3,xgrad_cam,No finding,entropy,14.925856590270996
277,layer3,xgrad_cam,No finding,top_1pct,0.04639607295393944
277,layer4,grad_cam,No finding,entropy,14.282663345336914
277,layer4,grad_cam,No finding,top_1pct,0.05872239172458649
277,layer4,grad_cam_plus_plus,No finding,entropy,14.899523735046387
277,layer4,grad_cam_plus_plus,No finding,top_1pct,0.04468928650021553
277,layer4,xgrad_cam,No finding,entropy,14.28266429901123
277,layer4,xgrad_cam,No finding,top_1pct,0.058722395449876785
278,layer3,grad_cam,No finding,entropy,15.064716339111328
278,layer3,grad_cam,No finding,top_1pct,0.0339149609208107
278,layer3,grad_cam_plus_plus,No finding,entropy,15.585541725158691
278,layer3,grad_cam_plus_plus,No finding,top_1pct,0.01597522385418415
278,layer3,xgrad_cam,No finding,entropy,15.077106475830078
278,layer3,xgrad_cam,No finding,top_1pct,0.03640306740999222
278,layer4,grad_cam,No finding,entropy,14.436752319335938
278,layer4,grad_cam,No finding,top_1pct,0.04803003370761871
278,layer4,grad_cam_plus_plus,No finding,entropy,14.959789276123047
278,layer4,grad_cam_plus_plus,No finding,top_1pct,0.039120253175497055
278,layer4,xgrad_cam,No finding,entropy,14.436752319335938
278,layer4,xgrad_cam,No finding,top_1pct,0.048030029982328415
279,layer3,grad_cam,No finding,entropy,15.179889678955078
279,layer3,grad_cam,No finding,top_1pct,0.03352280333638191
279,layer3,grad_cam_plus_plus,No finding,entropy,15.587320327758789
279,layer3,grad_cam_plus_plus,No finding,top_1pct,0.018185973167419434
279,layer3,xgrad_cam,No finding,entropy,15.050215721130371
279,layer3,xgrad_cam,No finding,top_1pct,0.038275346159935
279,layer4,grad_cam,No finding,entropy,14.56832218170166
279,layer4,grad_cam,No finding,top_1pct,0.046813901513814926
279,layer4,grad_cam_plus_plus,No finding,entropy,15.11111068725586
279,layer4,grad_cam_plus_plus,No finding,top_1pct,0.03540525212883949
279,layer4,xgrad_cam,No finding,entropy,14.56832218170166
279,layer4,xgrad_cam,No finding,top_1pct,0.046813901513814926
280,layer3,grad_cam,No finding,entropy,15.238505363464355
280,layer3,grad_cam,No finding,top_1pct,0.032094087451696396
280,layer3,grad_cam_plus_plus,No finding,entropy,15.561935424804688
280,layer3,grad_cam_plus_plus,No finding,top_1pct,0.02593066543340683
280,layer3,xgrad_cam,No finding,entropy,15.0657377243042
280,layer3,xgrad_cam,No finding,top_1pct,0.03867395967245102
280,layer4,grad_cam,No finding,entropy,14.117486953735352
280,layer4,grad_cam,No finding,top_1pct,0.06648176908493042
280,layer4,grad_cam_plus_plus,No finding,entropy,15.293159484863281
280,layer4,grad_cam_plus_plus,No finding,top_1pct,0.0327700711786747
280,layer4,xgrad_cam,No finding,entropy,14.117486953735352
280,layer4,xgrad_cam,No finding,top_1pct,0.06648176908493042
281,layer3,grad_cam,No finding,entropy,14.71926498413086
281,layer3,grad_cam,No finding,top_1pct,0.05922383815050125
281,layer3,grad_cam_plus_plus,No finding,entropy,15.577061653137207
281,layer3,grad_cam_plus_plus,No finding,top_1pct,0.017382219433784485
281,layer3,xgrad_cam,No finding,entropy,14.66665267944336
281,layer3,xgrad_cam,No finding,top_1pct,0.06446809321641922
281,layer4,grad_cam,No finding,entropy,14.27696418762207
281,layer4,grad_cam,No finding,top_1pct,0.05591490492224693
281,layer4,grad_cam_plus_plus,No finding,entropy,14.916091918945312
281,layer4,grad_cam_plus_plus,No finding,top_1pct,0.04326406866312027
281,layer4,xgrad_cam,No finding,entropy,14.27696418762207
281,layer4,xgrad_cam,No finding,top_1pct,0.05591490492224693
282,layer3,grad_cam,No finding,entropy,15.159744262695312
282,layer3,grad_cam,No finding,top_1pct,0.045056071132421494
282,layer3,grad_cam_plus_plus,No finding,entropy,15.571083068847656
282,layer3,grad_cam_plus_plus,No finding,top_1pct,0.017375031486153603
282,layer3,xgrad_cam,No finding,entropy,14.976879119873047
282,layer3,xgrad_cam,No finding,top_1pct,0.054340824484825134
282,layer4,grad_cam,No finding,entropy,14.305442810058594
282,layer4,grad_cam,No finding,top_1pct,0.05879570543766022
282,layer4,grad_cam_plus_plus,No finding,entropy,15.13173770904541
282,layer4,grad_cam_plus_plus,No finding,top_1pct,0.03920162096619606
282,layer4,xgrad_cam,No finding,entropy,14.30544376373291
282,layer4,xgrad_cam,No finding,top_1pct,0.05879570543766022
283,layer3,grad_cam,No finding,entropy,14.948122024536133
283,layer3,grad_cam,No finding,top_1pct,0.043331753462553024
283,layer3,grad_cam_plus_plus,No finding,entropy,15.578954696655273
283,layer3,grad_cam_plus_plus,No finding,top_1pct,0.01698272116482258
283,layer3,xgrad_cam,No finding,entropy,15.091882705688477
283,layer3,xgrad_cam,No finding,top_1pct,0.043562088161706924
283,layer4,grad_cam,No finding,entropy,14.204669952392578
283,layer4,grad_cam,No finding,top_1pct,0.05953410267829895
283,layer4,grad_cam_plus_plus,No finding,entropy,14.731603622436523
283,layer4,grad_cam_plus_plus,No finding,top_1pct,0.04946110397577286
283,layer4,xgrad_cam,No finding,entropy,14.204669952392578
283,layer4,xgrad_cam,No finding,top_1pct,0.05953411012887955
284,layer3,grad_cam,No finding,entropy,14.875469207763672
284,layer3,grad_cam,No finding,top_1pct,0.04524262621998787
284,layer3,grad_cam_plus_plus,No finding,entropy,15.589860916137695
284,layer3,grad_cam_plus_plus,No finding,top_1pct,0.016565809026360512
284,layer3,xgrad_cam,No finding,entropy,15.172279357910156
284,layer3,xgrad_cam,No finding,top_1pct,0.0292230024933815
284,layer4,grad_cam,No finding,entropy,14.663492202758789
284,layer4,grad_cam,No finding,top_1pct,0.0508861280977726
284,layer4,grad_cam_plus_plus,No finding,entropy,15.154203414916992
284,layer4,grad_cam_plus_plus,No finding,top_1pct,0.03851684555411339
284,layer4,xgrad_cam,No finding,entropy,14.663491249084473
284,layer4,xgrad_cam,No finding,top_1pct,0.0508861280977726
285,layer3,grad_cam,No finding,entropy,14.445858001708984
285,layer3,grad_cam,No finding,top_1pct,0.07549860328435898
285,layer3,grad_cam_plus_plus,No finding,entropy,15.578540802001953
285,layer3,grad_cam_plus_plus,No finding,top_1pct,0.01743137463927269
285,layer3,xgrad_cam,No finding,entropy,15.043498039245605
285,layer3,xgrad_cam,No finding,top_1pct,0.06674246490001678
285,layer4,grad_cam,No finding,entropy,14.790728569030762
285,layer4,grad_cam,No finding,top_1pct,0.03881042078137398
285,layer4,grad_cam_plus_plus,No finding,entropy,15.022846221923828
285,layer4,grad_cam_plus_plus,No finding,top_1pct,0.03407762199640274
285,layer4,xgrad_cam,No finding,entropy,14.790727615356445
285,layer4,xgrad_cam,No finding,top_1pct,0.03881041705608368
286,layer3,grad_cam,No finding,entropy,14.883991241455078
286,layer3,grad_cam,No finding,top_1pct,0.04398612678050995
286,layer3,grad_cam_plus_plus,No finding,entropy,15.578765869140625
286,layer3,grad_cam_plus_plus,No finding,top_1pct,0.02030555158853531
286,layer3,xgrad_cam,No finding,entropy,14.821022987365723
286,layer3,xgrad_cam,No finding,top_1pct,0.050372783094644547
286,layer4,grad_cam,No finding,entropy,14.310346603393555
286,layer4,grad_cam,No finding,top_1pct,0.05295022949576378
286,layer4,grad_cam_plus_plus,No finding,entropy,14.813403129577637
286,layer4,grad_cam_plus_plus,No finding,top_1pct,0.041824281215667725
286,layer4,xgrad_cam,No finding,entropy,14.310346603393555
286,layer4,xgrad_cam,No finding,top_1pct,0.052950236946344376
287,layer3,grad_cam,No finding,entropy,15.229673385620117
287,layer3,grad_cam,No finding,top_1pct,0.048197925090789795
287,layer3,grad_cam_plus_plus,No finding,entropy,15.353307723999023
287,layer3,grad_cam_plus_plus,No finding,top_1pct,0.054114360362291336
287,layer3,xgrad_cam,No finding,entropy,14.827668190002441
287,layer3,xgrad_cam,No finding,top_1pct,0.0937669649720192
287,layer4,grad_cam,No finding,entropy,14.517374992370605
287,layer4,grad_cam,No finding,top_1pct,0.04267815127968788
287,layer4,grad_cam_plus_plus,No finding,entropy,14.786230087280273
287,layer4,grad_cam_plus_plus,No finding,top_1pct,0.03925907611846924
287,layer4,xgrad_cam,No finding,entropy,14.517375946044922
287,layer4,xgrad_cam,No finding,top_1pct,0.04267815127968788
288,layer3,grad_cam,No finding,entropy,15.121989250183105
288,layer3,grad_cam,No finding,top_1pct,0.038204390555620193
288,layer3,grad_cam_plus_plus,No finding,entropy,15.5206298828125
288,layer3,grad_cam_plus_plus,No finding,top_1pct,0.03470075875520706
288,layer3,xgrad_cam,No finding,entropy,15.130105972290039
288,layer3,xgrad_cam,No finding,top_1pct,0.06132157891988754
288,layer4,grad_cam,No finding,entropy,14.06662368774414
288,layer4,grad_cam,No finding,top_1pct,0.06074986234307289
288,layer4,grad_cam_plus_plus,No finding,entropy,14.84581184387207
288,layer4,grad_cam_plus_plus,No finding,top_1pct,0.04282424598932266
288,layer4,xgrad_cam,No finding,entropy,14.066621780395508
288,layer4,xgrad_cam,No finding,top_1pct,0.06074986234307289
289,layer3,grad_cam,Aortic enlargement,pointing_game,0.0
289,layer3,grad_cam,Aortic enlargement,energy_box,0.036433588713407516
289,layer3,grad_cam,Aortic enlargement,iou,0.028588995337486267
289,layer3,grad_cam,Aortic enlargement,distance,0.46400929476993635
289,layer3,grad_cam_plus_plus,Aortic enlargement,pointing_game,0.0
289,layer3,grad_cam_plus_plus,Aortic enlargement,energy_box,0.018576238304376602
289,layer3,grad_cam_plus_plus,Aortic enlargement,iou,0.02498627081513405
289,layer3,grad_cam_plus_plus,Aortic enlargement,distance,2.449812518912403
289,layer3,xgrad_cam,Aortic enlargement,pointing_game,0.0
289,layer3,xgrad_cam,Aortic enlargement,energy_box,0.03449693322181702
289,layer3,xgrad_cam,Aortic enlargement,iou,0.03303547203540802
289,layer3,xgrad_cam,Aortic enlargement,distance,3.9139736462903016
289,layer4,grad_cam,Aortic enlargement,pointing_game,0.0
289,layer4,grad_cam,Aortic enlargement,energy_box,0.033905990421772
289,layer4,grad_cam,Aortic enlargement,iou,0.06940273940563202
289,layer4,grad_cam,Aortic enlargement,distance,1.048789383429511
289,layer4,grad_cam_plus_plus,Aortic enlargement,pointing_game,0.0
289,layer4,grad_cam_plus_plus,Aortic enlargement,energy_box,0.025087453424930573
289,layer4,grad_cam_plus_plus,Aortic enlargement,iou,0.06118210777640343
289,layer4,grad_cam_plus_plus,Aortic enlargement,distance,1.4944169747651304
289,layer4,xgrad_cam,Aortic enlargement,pointing_game,0.0
289,layer4,xgrad_cam,Aortic enlargement,energy_box,0.033905990421772
289,layer4,xgrad_cam,Aortic enlargement,iou,0.06940273940563202
289,layer4,xgrad_cam,Aortic enlargement,distance,1.048789383429511
289,layer3,grad_cam,Cardiomegaly,pointing_game,0.0
289,layer3,grad_cam,Cardiomegaly,energy_box,0.12301184982061386
289,layer3,grad_cam,Cardiomegaly,iou,0.1333208680152893
289,layer3,grad_cam,Cardiomegaly,distance,1.056094857065892
289,layer3,grad_cam_plus_plus,Cardiomegaly,pointing_game,0.0
289,layer3,grad_cam_plus_plus,Cardiomegaly,energy_box,0.06296151131391525
289,layer3,grad_cam_plus_plus,Cardiomegaly,iou,0.07266204059123993
289,layer3,grad_cam_plus_plus,Cardiomegaly,distance,1.4960830287556286
289,layer3,xgrad_cam,Cardiomegaly,pointing_game,0.0
289,layer3,xgrad_cam,Cardiomegaly,energy_box,0.11025349795818329
289,layer3,xgrad_cam,Cardiomegaly,iou,0.14619600772857666
289,layer3,xgrad_cam,Cardiomegaly,distance,0.31917705817425124
289,layer4,grad_cam,Cardiomegaly,pointing_game,1.0
289,layer4,grad_cam,Cardiomegaly,energy_box,0.17018190026283264
289,layer4,grad_cam,Cardiomegaly,iou,0.2632090151309967
289,layer4,grad_cam,Cardiomegaly,distance,0.09525918477195851
289,layer4,grad_cam_plus_plus,Cardiomegaly,pointing_game,1.0
289,layer4,grad_cam_plus_plus,Cardiomegaly,energy_box,0.13252268731594086
289,layer4,grad_cam_plus_plus,Cardiomegaly,iou,0.24234354496002197
289,layer4,grad_cam_plus_plus,Cardiomegaly,distance,0.22790432047139184
289,layer4,xgrad_cam,Cardiomegaly,pointing_game,1.0
289,layer4,xgrad_cam,Cardiomegaly,energy_box,0.17018188536167145
289,layer4,xgrad_cam,Cardiomegaly,iou,0.2632090151309967
289,layer4,xgrad_cam,Cardiomegaly,distance,0.09525918477195851
290,layer3,grad_cam,No finding,entropy,14.928679466247559
290,layer3,grad_cam,No finding,top_1pct,0.041324034333229065
290,layer3,grad_cam_plus_plus,No finding,entropy,15.586519241333008
290,layer3,grad_cam_plus_plus,No finding,top_1pct,0.017627118155360222
290,layer3,xgrad_cam,No finding,entropy,15.039013862609863
290,layer3,xgrad_cam,No finding,top_1pct,0.03932220861315727
290,layer4,grad_cam,No finding,entropy,15.153287887573242
290,layer4,grad_cam,No finding,top_1pct,0.031010955572128296
290,layer4,grad_cam_plus_plus,No finding,entropy,15.269927978515625
290,layer4,grad_cam_plus_plus,No finding,top_1pct,0.028331909328699112
290,layer4,xgrad_cam,No finding,entropy,15.153287887573242
290,layer4,xgrad_cam,No finding,top_1pct,0.031010953709483147
291,layer3,grad_cam,Aortic enlargement,pointing_game,0.0
291,layer3,grad_cam,Aortic enlargement,energy_box,0.03371909633278847
291,layer3,grad_cam,Aortic enlargement,iou,0.027220631018280983
291,layer3,grad_cam,Aortic enlargement,distance,1.0438305736478177
291,layer3,grad_cam_plus_plus,Aortic enlargement,pointing_game,0.0
291,layer3,grad_cam_plus_plus,Aortic enlargement,energy_box,0.0131968529894948
291,layer3,grad_cam_plus_plus,Aortic enlargement,iou,0.021713336929678917
291,layer3,grad_cam_plus_plus,Aortic enlargement,distance,1.0713254050001046
291,layer3,xgrad_cam,Aortic enlargement,pointing_game,0.0
291,layer3,xgrad_cam,Aortic enlargement,energy_box,0.03016510233283043
291,layer3,xgrad_cam,Aortic enlargement,iou,0.03010033443570137
291,layer3,xgrad_cam,Aortic enlargement,distance,1.0438305736478177
291,layer4,grad_cam,Aortic enlargement,pointing_game,0.0
291,layer4,grad_cam,Aortic enlargement,energy_box,0.012474745512008667
291,layer4,grad_cam,Aortic enlargement,iou,0.013161969371140003
291,layer4,grad_cam,Aortic enlargement,distance,0.7190349389441008
291,layer4,grad_cam_plus_plus,Aortic enlargement,pointing_game,0.0
291,layer4,grad_cam_plus_plus,Aortic enlargement,energy_box,0.02003956027328968
291,layer4,grad_cam_plus_plus,Aortic enlargement,iou,0.06019151955842972
291,layer4,grad_cam_plus_plus,Aortic enlargement,distance,1.3588545601616375
291,layer4,xgrad_cam,Aortic enlargement,pointing_game,0.0
291,layer4,xgrad_cam,Aortic enlargement,energy_box,0.012474743649363518
291,layer4,xgrad_cam,Aortic enlargement,iou,0.013161969371140003
291,layer4,xgrad_cam,Aortic enlargement,distance,0.7190349389441008
291,layer3,grad_cam,Cardiomegaly,pointing_game,0.0
291,layer3,grad_cam,Cardiomegaly,energy_box,0.07298445701599121
291,layer3,grad_cam,Cardiomegaly,iou,0.07344632595777512
291,layer3,grad_cam,Cardiomegaly,distance,0.24010719468570896
291,layer3,grad_cam_plus_plus,Cardiomegaly,pointing_game,0.0
291,layer3,grad_cam_plus_plus,Cardiomegaly,energy_box,0.047293681651353836
291,layer3,grad_cam_plus_plus,Cardiomegaly,iou,0.04691120237112045
291,layer3,grad_cam_plus_plus,Cardiomegaly,distance,1.3175399218939914
291,layer3,xgrad_cam,Cardiomegaly,pointing_game,0.0
291,layer3,xgrad_cam,Cardiomegaly,energy_box,0.0729125514626503
291,layer3,xgrad_cam,Cardiomegaly,iou,0.0847383439540863
291,layer3,xgrad_cam,Cardiomegaly,distance,0.24010719468570896
291,layer4,grad_cam,Cardiomegaly,pointing_game,0.0
291,layer4,grad_cam,Cardiomegaly,energy_box,0.0753052830696106
291,layer4,grad_cam,Cardiomegaly,iou,0.10625965893268585
291,layer4,grad_cam,Cardiomegaly,distance,0.598695539588912
291,layer4,grad_cam_plus_plus,Cardiomegaly,pointing_game,1.0
291,layer4,grad_cam_plus_plus,Cardiomegaly,energy_box,0.10350465774536133
291,layer4,grad_cam_plus_plus,Cardiomegaly,iou,0.289250910282135
291,layer4,grad_cam_plus_plus,Cardiomegaly,distance,0.23601022074737651
291,layer4,xgrad_cam,Cardiomegaly,pointing_game,0.0
291,layer4,xgrad_cam,Cardiomegaly,energy_box,0.0753052607178688
291,layer4,xgrad_cam,Cardiomegaly,iou,0.10625965893268585
291,layer4,xgrad_cam,Cardiomegaly,distance,0.598695539588912
292,layer3,grad_cam,No finding,entropy,14.987222671508789
292,layer3,grad_cam,No finding,top_1pct,0.03856630250811577
292,layer3,grad_cam_plus_plus,No finding,entropy,15.59138298034668
292,layer3,grad_cam_plus_plus,No finding,top_1pct,0.017512116581201553
292,layer3,xgrad_cam,No finding,entropy,15.100627899169922
292,layer3,xgrad_cam,No finding,top_1pct,0.038505371659994125
292,layer4,grad_cam,No finding,entropy,14.69011116027832
292,layer4,grad_cam,No finding,top_1pct,0.041164640337228775
292,layer4,grad_cam_plus_plus,No finding,entropy,15.057088851928711
292,layer4,grad_cam_plus_plus,No finding,top_1pct,0.03468216955661774
292,layer4,xgrad_cam,No finding,entropy,14.69011116027832
292,layer4,xgrad_cam,No finding,top_1pct,0.041164644062519073
293,layer3,grad_cam,No finding,entropy,14.964899063110352
293,layer3,grad_cam,No finding,top_1pct,0.046358197927474976
293,layer3,grad_cam_plus_plus,No finding,entropy,15.574382781982422
293,layer3,grad_cam_plus_plus,No finding,top_1pct,0.02127574011683464
293,layer3,xgrad_cam,No finding,entropy,15.26614761352539
293,layer3,xgrad_cam,No finding,top_1pct,0.035125065594911575
293,layer4,grad_cam,No finding,entropy,14.925331115722656
293,layer4,grad_cam,No finding,top_1pct,0.03247852623462677
293,layer4,grad_cam_plus_plus,No finding,entropy,15.08453369140625
293,layer4,grad_cam_plus_plus,No finding,top_1pct,0.031037384644150734
293,layer4,xgrad_cam,No finding,entropy,14.925333023071289
293,layer4,xgrad_cam,No finding,top_1pct,0.03247852995991707
294,layer3,grad_cam,No finding,entropy,14.919317245483398
294,layer3,grad_cam,No finding,top_1pct,0.07140006870031357
294,layer3,grad_cam_plus_plus,No finding,entropy,15.402698516845703
294,layer3,grad_cam_plus_plus,No finding,top_1pct,0.05065808817744255
294,layer3,xgrad_cam,No finding,entropy,14.48826789855957
294,layer3,xgrad_cam,No finding,top_1pct,0.11495465040206909
294,layer4,grad_cam,No finding,entropy,13.712379455566406
294,layer4,grad_cam,No finding,top_1pct,0.06012279912829399
294,layer4,grad_cam_plus_plus,No finding,entropy,14.538919448852539
294,layer4,grad_cam_plus_plus,No finding,top_1pct,0.047835573554039
294,layer4,xgrad_cam,No finding,entropy,13.712381362915039
294,layer4,xgrad_cam,No finding,top_1pct,0.06012279540300369
295,layer3,grad_cam,No finding,entropy,14.731435775756836
295,layer3,grad_cam,No finding,top_1pct,0.056085407733917236
295,layer3,grad_cam_plus_plus,No finding,entropy,15.583022117614746
295,layer3,grad_cam_plus_plus,No finding,top_1pct,0.017656775191426277
295,layer3,xgrad_cam,No finding,entropy,15.047809600830078
295,layer3,xgrad_cam,No finding,top_1pct,0.04110044986009598
295,layer4,grad_cam,No finding,entropy,14.475504875183105
295,layer4,grad_cam,No finding,top_1pct,0.04966128617525101
295,layer4,grad_cam_plus_plus,No finding,entropy,14.955726623535156
295,layer4,grad_cam_plus_plus,No finding,top_1pct,0.0395810641348362
295,layer4,xgrad_cam,No finding,entropy,14.475505828857422
295,layer4,xgrad_cam,No finding,top_1pct,0.04966128617525101
296,layer3,grad_cam,No finding,entropy,14.749408721923828
296,layer3,grad_cam,No finding,top_1pct,0.04638088122010231
296,layer3,grad_cam_plus_plus,No finding,entropy,15.580733299255371
296,layer3,grad_cam_plus_plus,No finding,top_1pct,0.017676688730716705
296,layer3,xgrad_cam,No finding,entropy,15.094867706298828
296,layer3,xgrad_cam,No finding,top_1pct,0.03983049839735031
296,layer4,grad_cam,No finding,entropy,14.741783142089844
296,layer4,grad_cam,No finding,top_1pct,0.0432404950261116
296,layer4,grad_cam_plus_plus,No finding,entropy,15.056783676147461
296,layer4,grad_cam_plus_plus,No finding,top_1pct,0.037161488085985184
296,layer4,xgrad_cam,No finding,entropy,14.741783142089844
296,layer4,xgrad_cam,No finding,top_1pct,0.0432404950261116
297,layer3,grad_cam,No finding,entropy,15.003225326538086
297,layer3,grad_cam,No finding,top_1pct,0.041993387043476105
297,layer3,grad_cam_plus_plus,No finding,entropy,15.587726593017578
297,layer3,grad_cam_plus_plus,No finding,top_1pct,0.02054758556187153
297,layer3,xgrad_cam,No finding,entropy,15.106423377990723
297,layer3,xgrad_cam,No finding,top_1pct,0.04337343946099281
297,layer4,grad_cam,No finding,entropy,14.859526634216309
297,layer4,grad_cam,No finding,top_1pct,0.03276100382208824
297,layer4,grad_cam_plus_plus,No finding,entropy,15.109566688537598
297,layer4,grad_cam_plus_plus,No finding,top_1pct,0.02928626351058483
297,layer4,xgrad_cam,No finding,entropy,14.859525680541992
297,layer4,xgrad_cam,No finding,top_1pct,0.03276100382208824
298,layer3,grad_cam,No finding,entropy,14.751590728759766
298,layer3,grad_cam,No finding,top_1pct,0.06618805229663849
298,layer3,grad_cam_plus_plus,No finding,entropy,15.582256317138672
298,layer3,grad_cam_plus_plus,No finding,top_1pct,0.01906152069568634
298,layer3,xgrad_cam,No finding,entropy,15.183080673217773
298,layer3,xgrad_cam,No finding,top_1pct,0.06728391349315643
298,layer4,grad_cam,No finding,entropy,14.881370544433594
298,layer4,grad_cam,No finding,top_1pct,0.03296558931469917
298,layer4,grad_cam_plus_plus,No finding,entropy,15.073349952697754
298,layer4,grad_cam_plus_plus,No finding,top_1pct,0.029267916455864906
298,layer4,xgrad_cam,No finding,entropy,14.881369590759277
298,layer4,xgrad_cam,No finding,top_1pct,0.032965585589408875
299,layer3,grad_cam,Aortic enlargement,pointing_game,0.0
299,layer3,grad_cam,Aortic enlargement,energy_box,0.056207623332738876
299,layer3,grad_cam,Aortic enlargement,iou,0.028652139008045197
299,layer3,grad_cam,Aortic enlargement,distance,3.103962791407053
299,layer3,grad_cam_plus_plus,Aortic enlargement,pointing_game,0.0
299,layer3,grad_cam_plus_plus,Aortic enlargement,energy_box,0.02195056900382042
299,layer3,grad_cam_plus_plus,Aortic enlargement,iou,0.036807816475629807
299,layer3,grad_cam_plus_plus,Aortic enlargement,distance,1.6216177248954629
299,layer3,xgrad_cam,Aortic enlargement,pointing_game,0.0
299,layer3,xgrad_cam,Aortic enlargement,energy_box,0.04911696910858154
299,layer3,xgrad_cam,Aortic enlargement,iou,0.03637686371803284
299,layer3,xgrad_cam,Aortic enlargement,distance,2.066941370893161
299,layer4,grad_cam,Aortic enlargement,pointing_game,0.0
299,layer4,grad_cam,Aortic enlargement,energy_box,0.02477450668811798
299,layer4,grad_cam,Aortic enlargement,iou,0.013908368535339832
299,layer4,grad_cam,Aortic enlargement,distance,1.3492160491403211
299,layer4,grad_cam_plus_plus,Aortic enlargement,pointing_game,0.0
299,layer4,grad_cam_plus_plus,Aortic enlargement,energy_box,0.022528396919369698
299,layer4,grad_cam_plus_plus,Aortic enlargement,iou,0.019302090629935265
299,layer4,grad_cam_plus_plus,Aortic enlargement,distance,1.3492160491403211
299,layer4,xgrad_cam,Aortic enlargement,pointing_game,0.0
299,layer4,xgrad_cam,Aortic enlargement,energy_box,0.02477450668811798
299,layer4,xgrad_cam,Aortic enlargement,iou,0.013908368535339832
299,layer4,xgrad_cam,Aortic enlargement,distance,1.3492160491403211
299,layer3,grad_cam,Other lesion,pointing_game,0.0
299,layer3,grad_cam,Other lesion,energy_box,0.0004460677446331829
299,layer3,grad_cam,Other lesion,iou,0.0
299,layer3,grad_cam,Other lesion,distance,2.292062635220921
299,layer3,grad_cam_plus_plus,Other lesion,pointing_game,0.0
299,layer3,grad_cam_plus_plus,Other lesion,energy_box,0.00656662555411458
299,layer3,grad_cam_plus_plus,Other lesion,iou,0.0
299,layer3,grad_cam_plus_plus,Other lesion,distance,5.788513093387859
299,layer3,xgrad_cam,Other lesion,pointing_game,0.0
299,layer3,xgrad_cam,Other lesion,energy_box,0.0
299,layer3,xgrad_cam,Other lesion,iou,0.0
299,layer3,xgrad_cam,Other lesion,distance,2.292062635220921
299,layer4,grad_cam,Other lesion,pointing_game,0.0
299,layer4,grad_cam,Other lesion,energy_box,0.0
299,layer4,grad_cam,Other lesion,iou,0.0
299,layer4,grad_cam,Other lesion,distance,3.765165935704694
299,layer4,grad_cam_plus_plus,Other lesion,pointing_game,0.0
299,layer4,grad_cam_plus_plus,Other lesion,energy_box,0.008114919997751713
299,layer4,grad_cam_plus_plus,Other lesion,iou,0.011242562904953957
299,layer4,grad_cam_plus_plus,Other lesion,distance,3.7557348441717173
299,layer4,xgrad_cam,Other lesion,pointing_game,0.0
299,layer4,xgrad_cam,Other lesion,energy_box,0.0
299,layer4,xgrad_cam,Other lesion,iou,0.0
299,layer4,xgrad_cam,Other lesion,distance,3.765165935704694
299,layer3,grad_cam,Pleural effusion,pointing_game,0.0
299,layer3,grad_cam,Pleural effusion,energy_box,0.0455256812274456
299,layer3,grad_cam,Pleural effusion,iou,0.0640096589922905
299,layer3,grad_cam,Pleural effusion,distance,0.4659464134408116
299,layer3,grad_cam_plus_plus,Pleural effusion,pointing_game,0.0
299,layer3,grad_cam_plus_plus,Pleural effusion,energy_box,0.017199134454131126
299,layer3,grad_cam_plus_plus,Pleural effusion,iou,0.015683531761169434
299,layer3,grad_cam_plus_plus,Pleural effusion,distance,4.352315586340444
299,layer3,xgrad_cam,Pleural effusion,pointing_game,0.0
299,layer3,xgrad_cam,Pleural effusion,energy_box,0.03111216425895691
299,layer3,xgrad_cam,Pleural effusion,iou,0.04903581365942955
299,layer3,xgrad_cam,Pleural effusion,distance,3.684031153035416
299,layer4,grad_cam,Pleural effusion,pointing_game,1.0
299,layer4,grad_cam,Pleural effusion,energy_box,0.09267952293157578
299,layer4,grad_cam,Pleural effusion,iou,0.1657121777534485
299,layer4,grad_cam,Pleural effusion,distance,0.2099542048425899
299,layer4,grad_cam_plus_plus,Pleural effusion,pointing_game,0.0
299,layer4,grad_cam_plus_plus,Pleural effusion,energy_box,0.03431105613708496
299,layer4,grad_cam_plus_plus,Pleural effusion,iou,0.04495449364185333
299,layer4,grad_cam_plus_plus,Pleural effusion,distance,1.1902184294421183
299,layer4,xgrad_cam,Pleural effusion,pointing_game,1.0
299,layer4,xgrad_cam,Pleural effusion,energy_box,0.09267952293157578
299,layer4,xgrad_cam,Pleural effusion,iou,0.1657121777534485
299,layer4,xgrad_cam,Pleural effusion,distance,0.2099542048425899
299,layer3,grad_cam,Pleural thickening,pointing_game,0.0
299,layer3,grad_cam,Pleural thickening,energy_box,6.938494607311441e-06
299,layer3,grad_cam,Pleural thickening,iou,0.0
299,layer3,grad_cam,Pleural thickening,distance,5.95480571753458
299,layer3,grad_cam_plus_plus,Pleural thickening,pointing_game,0.0
299,layer3,grad_cam_plus_plus,Pleural thickening,energy_box,0.0027288359124213457
299,layer3,grad_cam_plus_plus,Pleural thickening,iou,0.0
299,layer3,grad_cam_plus_plus,Pleural thickening,distance,8.867836889566746
299,layer3,xgrad_cam,Pleural thickening,pointing_game,0.0
299,layer3,xgrad_cam,Pleural thickening,energy_box,6.87677129462827e-06
299,layer3,xgrad_cam,Pleural thickening,iou,0.0
299,layer3,xgrad_cam,Pleural thickening,distance,7.246144523105554
299,layer4,grad_cam,Pleural thickening,pointing_game,0.0
299,layer4,grad_cam,Pleural thickening,energy_box,0.0021253442391753197
299,layer4,grad_cam,Pleural thickening,iou,0.0
299,layer4,grad_cam,Pleural thickening,distance,10.257289359834713
299,layer4,grad_cam_plus_plus,Pleural thickening,pointing_game,0.0
299,layer4,grad_cam_plus_plus,Pleural thickening,energy_box,0.0029296306893229485
299,layer4,grad_cam_plus_plus,Pleural thickening,iou,0.0
299,layer4,grad_cam_plus_plus,Pleural thickening,distance,10.257289359834713
299,layer4,xgrad_cam,Pleural thickening,pointing_game,0.0
299,layer4,xgrad_cam,Pleural thickening,energy_box,0.002125344006344676
299,layer4,xgrad_cam,Pleural thickening,iou,0.0
299,layer4,xgrad_cam,Pleural thickening,distance,10.257289359834713
299,layer3,grad_cam,Pneumothorax,pointing_game,0.0
299,layer3,grad_cam,Pneumothorax,energy_box,0.0031492356210947037
299,layer3,grad_cam,Pneumothorax,iou,0.0
299,layer3,grad_cam,Pneumothorax,distance,8.759008477867965
299,layer3,grad_cam_plus_plus,Pneumothorax,pointing_game,0.0
299,layer3,grad_cam_plus_plus,Pneumothorax,energy_box,0.003317340509966016
299,layer3,grad_cam_plus_plus,Pneumothorax,iou,0.0
299,layer3,grad_cam_plus_plus,Pneumothorax,distance,8.867836889566746
299,layer3,xgrad_cam,Pneumothorax,pointing_game,0.0
299,layer3,xgrad_cam,Pneumothorax,energy_box,0.0013821093598380685
299,layer3,xgrad_cam,Pneumothorax,iou,0.0
299,layer3,xgrad_cam,Pneumothorax,distance,3.6932358575362296
299,layer4,grad_cam,Pneumothorax,pointing_game,0.0
299,layer4,grad_cam,Pneumothorax,energy_box,0.0
299,layer4,grad_cam,Pneumothorax,iou,0.0
299,layer4,grad_cam,Pneumothorax,distance,8.393873582881618
299,layer4,grad_cam_plus_plus,Pneumothorax,pointing_game,0.0
299,layer4,grad_cam_plus_plus,Pneumothorax,energy_box,0.005289061460644007
299,layer4,grad_cam_plus_plus,Pneumothorax,iou,0.008096108213067055
299,layer4,grad_cam_plus_plus,Pneumothorax,distance,2.0458496260130317
299,layer4,xgrad_cam,Pneumothorax,pointing_game,0.0
299,layer4,xgrad_cam,Pneumothorax,energy_box,0.0
299,layer4,xgrad_cam,Pneumothorax,iou,0.0
299,layer4,xgrad_cam,Pneumothorax,distance,8.393873582881618
300,layer3,grad_cam,No finding,entropy,15.064533233642578
300,layer3,grad_cam,No finding,top_1pct,0.03930697962641716
300,layer3,grad_cam_plus_plus,No finding,entropy,15.587318420410156
300,layer3,grad_cam_plus_plus,No finding,top_1pct,0.01898680441081524
300,layer3,xgrad_cam,No finding,entropy,15.141801834106445
300,layer3,xgrad_cam,No finding,top_1pct,0.03361879289150238
300,layer4,grad_cam,No finding,entropy,15.238534927368164
300,layer4,grad_cam,No finding,top_1pct,0.027061237022280693
300,layer4,grad_cam_plus_plus,No finding,entropy,15.332119941711426
300,layer4,grad_cam_plus_plus,No finding,top_1pct,0.02495848760008812
300,layer4,xgrad_cam,No finding,entropy,15.238534927368164
300,layer4,xgrad_cam,No finding,top_1pct,0.027061237022280693
301,layer3,grad_cam,No finding,entropy,15.340734481811523
301,layer3,grad_cam,No finding,top_1pct,0.027764014899730682
301,layer3,grad_cam_plus_plus,No finding,entropy,15.401298522949219
301,layer3,grad_cam_plus_plus,No finding,top_1pct,0.049418769776821136
301,layer3,xgrad_cam,No finding,entropy,14.892884254455566
301,layer3,xgrad_cam,No finding,top_1pct,0.09111914783716202
301,layer4,grad_cam,No finding,entropy,14.694568634033203
301,layer4,grad_cam,No finding,top_1pct,0.0390687957406044
301,layer4,grad_cam_plus_plus,No finding,entropy,14.896257400512695
301,layer4,grad_cam_plus_plus,No finding,top_1pct,0.03572480008006096
301,layer4,xgrad_cam,No finding,entropy,14.694570541381836
301,layer4,xgrad_cam,No finding,top_1pct,0.0390687957406044
302,layer3,grad_cam,No finding,entropy,14.788895606994629
302,layer3,grad_cam,No finding,top_1pct,0.04585181176662445
302,layer3,grad_cam_plus_plus,No finding,entropy,15.57853889465332
302,layer3,grad_cam_plus_plus,No finding,top_1pct,0.01671651564538479
302,layer3,xgrad_cam,No finding,entropy,14.786048889160156
302,layer3,xgrad_cam,No finding,top_1pct,0.04778733476996422
302,layer4,grad_cam,No finding,entropy,14.242916107177734
302,layer4,grad_cam,No finding,top_1pct,0.051993340253829956
302,layer4,grad_cam_plus_plus,No finding,entropy,14.89168930053711
302,layer4,grad_cam_plus_plus,No finding,top_1pct,0.04057936370372772
302,layer4,xgrad_cam,No finding,entropy,14.242916107177734
302,layer4,xgrad_cam,No finding,top_1pct,0.051993343979120255
303,layer3,grad_cam,No finding,entropy,14.929040908813477
303,layer3,grad_cam,No finding,top_1pct,0.04024285078048706
303,layer3,grad_cam_plus_plus,No finding,entropy,15.591583251953125
303,layer3,grad_cam_plus_plus,No finding,top_1pct,0.015807442367076874
303,layer3,xgrad_cam,No finding,entropy,15.266195297241211
303,layer3,xgrad_cam,No finding,top_1pct,0.030598746612668037
303,layer4,grad_cam,No finding,entropy,14.587823867797852
303,layer4,grad_cam,No finding,top_1pct,0.04727013781666756
303,layer4,grad_cam_plus_plus,No finding,entropy,14.960372924804688
303,layer4,grad_cam_plus_plus,No finding,top_1pct,0.03880247101187706
303,layer4,xgrad_cam,No finding,entropy,14.587823867797852
303,layer4,xgrad_cam,No finding,top_1pct,0.04727013781666756
304,layer3,grad_cam,No finding,entropy,15.202853202819824
304,layer3,grad_cam,No finding,top_1pct,0.03337481617927551
304,layer3,grad_cam_plus_plus,No finding,entropy,15.587656021118164
304,layer3,grad_cam_plus_plus,No finding,top_1pct,0.01799364574253559
304,layer3,xgrad_cam,No finding,entropy,15.147074699401855
304,layer3,xgrad_cam,No finding,top_1pct,0.03266357257962227
304,layer4,grad_cam,No finding,entropy,14.507074356079102
304,layer4,grad_cam,No finding,top_1pct,0.054557811468839645
304,layer4,grad_cam_plus_plus,No finding,entropy,15.036115646362305
304,layer4,grad_cam_plus_plus,No finding,top_1pct,0.04055148735642433
304,layer4,xgrad_cam,No finding,entropy,14.507075309753418
304,layer4,xgrad_cam,No finding,top_1pct,0.054557815194129944
305,layer3,grad_cam,No finding,entropy,14.993974685668945
305,layer3,grad_cam,No finding,top_1pct,0.033704809844493866
305,layer3,grad_cam_plus_plus,No finding,entropy,15.577564239501953
305,layer3,grad_cam_plus_plus,No finding,top_1pct,0.017648180946707726
305,layer3,xgrad_cam,No finding,entropy,15.030699729919434
305,layer3,xgrad_cam,No finding,top_1pct,0.0372840017080307
305,layer4,grad_cam,No finding,entropy,14.474140167236328
305,layer4,grad_cam,No finding,top_1pct,0.04758947342634201
305,layer4,grad_cam_plus_plus,No finding,entropy,14.859045028686523
305,layer4,grad_cam_plus_plus,No finding,top_1pct,0.04119686409831047
305,layer4,xgrad_cam,No finding,entropy,14.474140167236328
305,layer4,xgrad_cam,No finding,top_1pct,0.04758947342634201
306,layer3,grad_cam,No finding,entropy,14.964166641235352
306,layer3,grad_cam,No finding,top_1pct,0.042452000081539154
306,layer3,grad_cam_plus_plus,No finding,entropy,15.578475952148438
306,layer3,grad_cam_plus_plus,No finding,top_1pct,0.016935383901000023
306,layer3,xgrad_cam,No finding,entropy,14.833929061889648
306,layer3,xgrad_cam,No finding,top_1pct,0.05169057101011276
306,layer4,grad_cam,No finding,entropy,14.26400089263916
306,layer4,grad_cam,No finding,top_1pct,0.051642563194036484
306,layer4,grad_cam_plus_plus,No finding,entropy,14.751506805419922
306,layer4,grad_cam_plus_plus,No finding,top_1pct,0.044042639434337616
306,layer4,xgrad_cam,No finding,entropy,14.26400089263916
306,layer4,xgrad_cam,No finding,top_1pct,0.051642563194036484
307,layer3,grad_cam,Cardiomegaly,pointing_game,1.0
307,layer3,grad_cam,Cardiomegaly,energy_box,0.16681641340255737
307,layer3,grad_cam,Cardiomegaly,iou,0.19430646300315857
307,layer3,grad_cam,Cardiomegaly,distance,0.2560701489354292
307,layer3,grad_cam_plus_plus,Cardiomegaly,pointing_game,0.0
307,layer3,grad_cam_plus_plus,Cardiomegaly,energy_box,0.0767555832862854
307,layer3,grad_cam_plus_plus,Cardiomegaly,iou,0.07954495400190353
307,layer3,grad_cam_plus_plus,Cardiomegaly,distance,1.5786475324243916
307,layer3,xgrad_cam,Cardiomegaly,pointing_game,1.0
307,layer3,xgrad_cam,Cardiomegaly,energy_box,0.1526126116514206
307,layer3,xgrad_cam,Cardiomegaly,iou,0.21700483560562134
307,layer3,xgrad_cam,Cardiomegaly,distance,0.2560701489354292
307,layer4,grad_cam,Cardiomegaly,pointing_game,0.0
307,layer4,grad_cam,Cardiomegaly,energy_box,0.20731717348098755
307,layer4,grad_cam,Cardiomegaly,iou,0.33241111040115356
307,layer4,grad_cam,Cardiomegaly,distance,0.20211372549342685
307,layer4,grad_cam_plus_plus,Cardiomegaly,pointing_game,0.0
307,layer4,grad_cam_plus_plus,Cardiomegaly,energy_box,0.158814936876297
307,layer4,grad_cam_plus_plus,Cardiomegaly,iou,0.30210554599761963
307,layer4,grad_cam_plus_plus,Cardiomegaly,distance,0.20211372549342685
307,layer4,xgrad_cam,Cardiomegaly,pointing_game,0.0
307,layer4,xgrad_cam,Cardiomegaly,energy_box,0.20731715857982635
307,layer4,xgrad_cam,Cardiomegaly,iou,0.33241111040115356
307,layer4,xgrad_cam,Cardiomegaly,distance,0.20211372549342685
307,layer3,grad_cam,Other lesion,pointing_game,0.0
307,layer3,grad_cam,Other lesion,energy_box,0.020563727244734764
307,layer3,grad_cam,Other lesion,iou,0.0
307,layer3,grad_cam,Other lesion,distance,1.3639319745205765
307,layer3,grad_cam_plus_plus,Other lesion,pointing_game,0.0
307,layer3,grad_cam_plus_plus,Other lesion,energy_box,0.054939765483140945
307,layer3,grad_cam_plus_plus,Other lesion,iou,0.024198012426495552
307,layer3,grad_cam_plus_plus,Other lesion,distance,0.6504259514476771
307,layer3,xgrad_cam,Other lesion,pointing_game,0.0
307,layer3,xgrad_cam,Other lesion,energy_box,0.014188842847943306
307,layer3,xgrad_cam,Other lesion,iou,0.0
307,layer3,xgrad_cam,Other lesion,distance,1.3639319745205765
307,layer4,grad_cam,Other lesion,pointing_game,0.0
307,layer4,grad_cam,Other lesion,energy_box,0.00746881403028965
307,layer4,grad_cam,Other lesion,iou,0.0
307,layer4,grad_cam,Other lesion,distance,0.8726302032358414
307,layer4,grad_cam_plus_plus,Other lesion,pointing_game,0.0
307,layer4,grad_cam_plus_plus,Other lesion,energy_box,0.09232302010059357
307,layer4,grad_cam_plus_plus,Other lesion,iou,0.13130411505699158
307,layer4,grad_cam_plus_plus,Other lesion,distance,0.534743752681576
307,layer4,xgrad_cam,Other lesion,pointing_game,0.0
307,layer4,xgrad_cam,Other lesion,energy_box,0.00746883824467659
307,layer4,xgrad_cam,Other lesion,iou,0.0
307,layer4,xgrad_cam,Other lesion,distance,0.8726302032358414
307,layer3,grad_cam,Pleural thickening,pointing_game,0.0
307,layer3,grad_cam,Pleural thickening,energy_box,0.005255958065390587
307,layer3,grad_cam,Pleural thickening,iou,0.0
307,layer3,grad_cam,Pleural thickening,distance,5.534353620862654
307,layer3,grad_cam_plus_plus,Pleural thickening,pointing_game,0.0
307,layer3,grad_cam_plus_plus,Pleural thickening,energy_box,0.0024632769636809826
307,layer3,grad_cam_plus_plus,Pleural thickening,iou,0.0052863433957099915
307,layer3,grad_cam_plus_plus,Pleural thickening,distance,0.6187414039356941
307,layer3,xgrad_cam,Pleural thickening,pointing_game,0.0
307,layer3,xgrad_cam,Pleural thickening,energy_box,0.0051476736553013325
307,layer3,xgrad_cam,Pleural thickening,iou,0.0
307,layer3,xgrad_cam,Pleural thickening,distance,6.061051470675807
307,layer4,grad_cam,Pleural thickening,pointing_game,0.0
307,layer4,grad_cam,Pleural thickening,energy_box,7.894777809269726e-05
307,layer4,grad_cam,Pleural thickening,iou,0.0
307,layer4,grad_cam,Pleural thickening,distance,2.2951782499075324
307,layer4,grad_cam_plus_plus,Pleural thickening,pointing_game,0.0
307,layer4,grad_cam_plus_plus,Pleural thickening,energy_box,0.0019328041234984994
307,layer4,grad_cam_plus_plus,Pleural thickening,iou,0.0
307,layer4,grad_cam_plus_plus,Pleural thickening,distance,2.2951782499075324
307,layer4,xgrad_cam,Pleural thickening,pointing_game,0.0
307,layer4,xgrad_cam,Pleural thickening,energy_box,7.894734881119803e-05
307,layer4,xgrad_cam,Pleural thickening,iou,0.0
307,layer4,xgrad_cam,Pleural thickening,distance,2.2951782499075324
308,layer3,grad_cam,Aortic enlargement,pointing_game,0.0
308,layer3,grad_cam,Aortic enlargement,energy_box,0.0484560951590538
308,layer3,grad_cam,Aortic enlargement,iou,0.05939653143286705
308,layer3,grad_cam,Aortic enlargement,distance,3.0133816536187377
308,layer3,grad_cam_plus_plus,Aortic enlargement,pointing_game,0.0
308,layer3,grad_cam_plus_plus,Aortic enlargement,energy_box,0.02101244404911995
308,layer3,grad_cam_plus_plus,Aortic enlargement,iou,0.03172849863767624
308,layer3,grad_cam_plus_plus,Aortic enlargement,distance,2.38744469871011
308,layer3,xgrad_cam,Aortic enlargement,pointing_game,0.0
308,layer3,xgrad_cam,Aortic enlargement,energy_box,0.046790190041065216
308,layer3,xgrad_cam,Aortic enlargement,iou,0.06550022214651108
308,layer3,xgrad_cam,Aortic enlargement,distance,1.5287113850982057
308,layer4,grad_cam,Aortic enlargement,pointing_game,0.0
308,layer4,grad_cam,Aortic enlargement,energy_box,0.04624691605567932
308,layer4,grad_cam,Aortic enlargement,iou,0.19865570962429047
308,layer4,grad_cam,Aortic enlargement,distance,0.5580124966295795
308,layer4,grad_cam_plus_plus,Aortic enlargement,pointing_game,0.0
308,layer4,grad_cam_plus_plus,Aortic enlargement,energy_box,0.03477787971496582
308,layer4,grad_cam_plus_plus,Aortic enlargement,iou,0.12771858274936676
308,layer4,grad_cam_plus_plus,Aortic enlargement,distance,0.5767076116550288
308,layer4,xgrad_cam,Aortic enlargement,pointing_game,0.0
308,layer4,xgrad_cam,Aortic enlargement,energy_box,0.04624691605567932
308,layer4,xgrad_cam,Aortic enlargement,iou,0.19865570962429047
308,layer4,xgrad_cam,Aortic enlargement,distance,0.5580124966295795
308,layer3,grad_cam,Cardiomegaly,pointing_game,1.0
308,layer3,grad_cam,Cardiomegaly,energy_box,0.17872701585292816
308,layer3,grad_cam,Cardiomegaly,iou,0.3129695653915405
308,layer3,grad_cam,Cardiomegaly,distance,0.11005661307076937
308,layer3,grad_cam_plus_plus,Cardiomegaly,pointing_game,0.0
308,layer3,grad_cam_plus_plus,Cardiomegaly,energy_box,0.07786816358566284
308,layer3,grad_cam_plus_plus,Cardiomegaly,iou,0.12807337939739227
308,layer3,grad_cam_plus_plus,Cardiomegaly,distance,1.5101293917240912
308,layer3,xgrad_cam,Cardiomegaly,pointing_game,1.0
308,layer3,xgrad_cam,Cardiomegaly,energy_box,0.15958362817764282
308,layer3,xgrad_cam,Cardiomegaly,iou,0.33105868101119995
308,layer3,xgrad_cam,Cardiomegaly,distance,0.10688003225005337
308,layer4,grad_cam,Cardiomegaly,pointing_game,0.0
308,layer4,grad_cam,Cardiomegaly,energy_box,0.19709986448287964
308,layer4,grad_cam,Cardiomegaly,iou,0.305684894323349
308,layer4,grad_cam,Cardiomegaly,distance,0.19052573076682636
308,layer4,grad_cam_plus_plus,Cardiomegaly,pointing_game,0.0
308,layer4,grad_cam_plus_plus,Cardiomegaly,energy_box,0.1370181292295456
308,layer4,grad_cam_plus_plus,Cardiomegaly,iou,0.26467469334602356
308,layer4,grad_cam_plus_plus,Cardiomegaly,distance,0.482246018658284
308,layer4,xgrad_cam,Cardiomegaly,pointing_game,0.0
308,layer4,xgrad_cam,Cardiomegaly,energy_box,0.19709987938404083
308,layer4,xgrad_cam,Cardiomegaly,iou,0.305684894323349
308,layer4,xgrad_cam,Cardiomegaly,distance,0.19052573076682636
308,layer3,grad_cam,Pleural thickening,pointing_game,0.0
308,layer3,grad_cam,Pleural thickening,energy_box,4.811695180251263e-05
308,layer3,grad_cam,Pleural thickening,iou,0.0
308,layer3,grad_cam,Pleural thickening,distance,6.369287415536133
308,layer3,grad_cam_plus_plus,Pleural thickening,pointing_game,0.0
308,layer3,grad_cam_plus_plus,Pleural thickening,energy_box,0.002733200555667281
308,layer3,grad_cam_plus_plus,Pleural thickening,iou,0.0
308,layer3,grad_cam_plus_plus,Pleural thickening,distance,3.04228674822004
308,layer3,xgrad_cam,Pleural thickening,pointing_game,0.0
308,layer3,xgrad_cam,Pleural thickening,energy_box,0.0
308,layer3,xgrad_cam,Pleural thickening,iou,0.0
308,layer3,xgrad_cam,Pleural thickening,distance,2.893648878052478
308,layer4,grad_cam,Pleural thickening,pointing_game,0.0
308,layer4,grad_cam,Pleural thickening,energy_box,0.0002185630874009803
308,layer4,grad_cam,Pleural thickening,iou,0.0
308,layer4,grad_cam,Pleural thickening,distance,3.2831092144764717
308,layer4,grad_cam_plus_plus,Pleural thickening,pointing_game,0.0
308,layer4,grad_cam_plus_plus,Pleural thickening,energy_box,0.0030210961122065783
308,layer4,grad_cam_plus_plus,Pleural thickening,iou,0.0
308,layer4,grad_cam_plus_plus,Pleural thickening,distance,3.285980813439048
308,layer4,xgrad_cam,Pleural thickening,pointing_game,0.0
308,layer4,xgrad_cam,Pleural thickening,energy_box,0.00021856310195289552
308,layer4,xgrad_cam,Pleural thickening,iou,0.0
308,layer4,xgrad_cam,Pleural thickening,distance,3.2831092144764717
309,layer3,grad_cam,Aortic enlargement,pointing_game,0.0
309,layer3,grad_cam,Aortic enlargement,energy_box,0.036731913685798645
309,layer3,grad_cam,Aortic enlargement,iou,0.013227513059973717
309,layer3,grad_cam,Aortic enlargement,distance,0.9561581863522977
309,layer3,grad_cam_plus_plus,Aortic enlargement,pointing_game,0.0
309,layer3,grad_cam_plus_plus,Aortic enlargement,energy_box,0.01565481908619404
309,layer3,grad_cam_plus_plus,Aortic enlargement,iou,0.02826828323304653
309,layer3,grad_cam_plus_plus,Aortic enlargement,distance,0.9561581863522977
309,layer3,xgrad_cam,Aortic enlargement,pointing_game,0.0
309,layer3,xgrad_cam,Aortic enlargement,energy_box,0.03707486018538475
309,layer3,xgrad_cam,Aortic enlargement,iou,0.022441651672124863
309,layer3,xgrad_cam,Aortic enlargement,distance,0.9561581863522977
309,layer4,grad_cam,Aortic enlargement,pointing_game,0.0
309,layer4,grad_cam,Aortic enlargement,energy_box,0.024770105257630348
309,layer4,grad_cam,Aortic enlargement,iou,0.048836056143045425
309,layer4,grad_cam,Aortic enlargement,distance,1.1577722687859178
309,layer4,grad_cam_plus_plus,Aortic enlargement,pointing_game,0.0
309,layer4,grad_cam_plus_plus,Aortic enlargement,energy_box,0.025594836100935936
309,layer4,grad_cam_plus_plus,Aortic enlargement,iou,0.07205165922641754
309,layer4,grad_cam_plus_plus,Aortic enlargement,distance,1.1577722687859178
309,layer4,xgrad_cam,Aortic enlargement,pointing_game,0.0
309,layer4,xgrad_cam,Aortic enlargement,energy_box,0.02477010153234005
309,layer4,xgrad_cam,Aortic enlargement,iou,0.048836056143045425
309,layer4,xgrad_cam,Aortic enlargement,distance,1.1577722687859178
309,layer3,grad_cam,Cardiomegaly,pointing_game,0.0
309,layer3,grad_cam,Cardiomegaly,energy_box,0.14583437144756317
309,layer3,grad_cam,Cardiomegaly,iou,0.3152958154678345
309,layer3,grad_cam,Cardiomegaly,distance,0.157549185230548
309,layer3,grad_cam_plus_plus,Cardiomegaly,pointing_game,0.0
309,layer3,grad_cam_plus_plus,Cardiomegaly,energy_box,0.05019426718354225
309,layer3,grad_cam_plus_plus,Cardiomegaly,iou,0.05053994059562683
309,layer3,grad_cam_plus_plus,Cardiomegaly,distance,1.3528768753000946
309,layer3,xgrad_cam,Cardiomegaly,pointing_game,0.0
309,layer3,xgrad_cam,Cardiomegaly,energy_box,0.11792705208063126
309,layer3,xgrad_cam,Cardiomegaly,iou,0.3649478256702423
309,layer3,xgrad_cam,Cardiomegaly,distance,0.157549185230548
309,layer4,grad_cam,Cardiomegaly,pointing_game,0.0
309,layer4,grad_cam,Cardiomegaly,energy_box,0.09307724237442017
309,layer4,grad_cam,Cardiomegaly,iou,0.14036524295806885
309,layer4,grad_cam,Cardiomegaly,distance,0.24684694992425102
309,layer4,grad_cam_plus_plus,Cardiomegaly,pointing_game,0.0
309,layer4,grad_cam_plus_plus,Cardiomegaly,energy_box,0.11070352792739868
309,layer4,grad_cam_plus_plus,Cardiomegaly,iou,0.20466604828834534
309,layer4,grad_cam_plus_plus,Cardiomegaly,distance,0.2375401297169463
309,layer4,xgrad_cam,Cardiomegaly,pointing_game,0.0
309,layer4,xgrad_cam,Cardiomegaly,energy_box,0.09307723492383957
309,layer4,xgrad_cam,Cardiomegaly,iou,0.14036524295806885
309,layer4,xgrad_cam,Cardiomegaly,distance,0.24684694992425102
310,layer3,grad_cam,No finding,entropy,14.967855453491211
310,layer3,grad_cam,No finding,top_1pct,0.043766237795352936
310,layer3,grad_cam_plus_plus,No finding,entropy,15.572586059570312
310,layer3,grad_cam_plus_plus,No finding,top_1pct,0.021100178360939026
310,layer3,xgrad_cam,No finding,entropy,15.079957962036133
310,layer3,xgrad_cam,No finding,top_1pct,0.04359520971775055
310,layer4,grad_cam,No finding,entropy,14.574692726135254
310,layer4,grad_cam,No finding,top_1pct,0.041674401611089706
310,layer4,grad_cam_plus_plus,No finding,entropy,14.852636337280273
310,layer4,grad_cam_plus_plus,No finding,top_1pct,0.03698375076055527
310,layer4,xgrad_cam,No finding,entropy,14.574692726135254
310,layer4,xgrad_cam,No finding,top_1pct,0.041674401611089706
311,layer3,grad_cam,Aortic enlargement,pointing_game,0.0
311,layer3,grad_cam,Aortic enlargement,energy_box,0.07773196697235107
311,layer3,grad_cam,Aortic enlargement,iou,0.0
311,layer3,grad_cam,Aortic enlargement,distance,2.984507646204599
311,layer3,grad_cam_plus_plus,Aortic enlargement,pointing_game,0.0
311,layer3,grad_cam_plus_plus,Aortic enlargement,energy_box,0.02469048835337162
311,layer3,grad_cam_plus_plus,Aortic enlargement,iou,0.01709677465260029
311,layer3,grad_cam_plus_plus,Aortic enlargement,distance,2.984507646204599
311,layer3,xgrad_cam,Aortic enlargement,pointing_game,0.0
311,layer3,xgrad_cam,Aortic enlargement,energy_box,0.08266684412956238
311,layer3,xgrad_cam,Aortic enlargement,iou,0.026147959753870964
311,layer3,xgrad_cam,Aortic enlargement,distance,2.984507646204599
311,layer4,grad_cam,Aortic enlargement,pointing_game,0.0
311,layer4,grad_cam,Aortic enlargement,energy_box,0.030743811279535294
311,layer4,grad_cam,Aortic enlargement,iou,0.04324902594089508
311,layer4,grad_cam,Aortic enlargement,distance,1.9071347040765814
311,layer4,grad_cam_plus_plus,Aortic enlargement,pointing_game,0.0
311,layer4,grad_cam_plus_plus,Aortic enlargement,energy_box,0.02779269590973854
311,layer4,grad_cam_plus_plus,Aortic enlargement,iou,0.05576488375663757
311,layer4,grad_cam_plus_plus,Aortic enlargement,distance,1.8478575820319705
311,layer4,xgrad_cam,Aortic enlargement,pointing_game,0.0
311,layer4,xgrad_cam,Aortic enlargement,energy_box,0.030743807554244995
311,layer4,xgrad_cam,Aortic enlargement,iou,0.04324902594089508
311,layer4,xgrad_cam,Aortic enlargement,distance,1.9071347040765814
311,layer3,grad_cam,Cardiomegaly,pointing_game,0.0
311,layer3,grad_cam,Cardiomegaly,energy_box,0.08131525665521622
311,layer3,grad_cam,Cardiomegaly,iou,0.09449003636837006
311,layer3,grad_cam,Cardiomegaly,distance,0.29796089000868686
311,layer3,grad_cam_plus_plus,Cardiomegaly,pointing_game,0.0
311,layer3,grad_cam_plus_plus,Cardiomegaly,energy_box,0.06181975454092026
311,layer3,grad_cam_plus_plus,Cardiomegaly,iou,0.04522361978888512
311,layer3,grad_cam_plus_plus,Cardiomegaly,distance,1.6176822668699276
311,layer3,xgrad_cam,Cardiomegaly,pointing_game,0.0
311,layer3,xgrad_cam,Cardiomegaly,energy_box,0.07551570981740952
311,layer3,xgrad_cam,Cardiomegaly,iou,0.0856754332780838
311,layer3,xgrad_cam,Cardiomegaly,distance,0.29796089000868686
311,layer4,grad_cam,Cardiomegaly,pointing_game,0.0
311,layer4,grad_cam,Cardiomegaly,energy_box,0.028540071099996567
311,layer4,grad_cam,Cardiomegaly,iou,0.0
311,layer4,grad_cam,Cardiomegaly,distance,1.479301309989143
311,layer4,grad_cam_plus_plus,Cardiomegaly,pointing_game,0.0
311,layer4,grad_cam_plus_plus,Cardiomegaly,energy_box,0.1160491555929184
311,layer4,grad_cam_plus_plus,Cardiomegaly,iou,0.20873595774173737
311,layer4,grad_cam_plus_plus,Cardiomegaly,distance,1.479301309989143
311,layer4,xgrad_cam,Cardiomegaly,pointing_game,0.0
311,layer4,xgrad_cam,Cardiomegaly,energy_box,0.02854005992412567
311,layer4,xgrad_cam,Cardiomegaly,iou,0.0
311,layer4,xgrad_cam,Cardiomegaly,distance,1.479301309989143
312,layer3,grad_cam,No finding,entropy,14.99801254272461
312,layer3,grad_cam,No finding,top_1pct,0.044493358582258224
312,layer3,grad_cam_plus_plus,No finding,entropy,15.581548690795898
312,layer3,grad_cam_plus_plus,No finding,top_1pct,0.01680702343583107
312,layer3,xgrad_cam,No finding,entropy,14.929418563842773
312,layer3,xgrad_cam,No finding,top_1pct,0.04556430131196976
312,layer4,grad_cam,No finding,entropy,14.986982345581055
312,layer4,grad_cam,No finding,top_1pct,0.03573761507868767
312,layer4,grad_cam_plus_plus,No finding,entropy,15.185900688171387
312,layer4,grad_cam_plus_plus,No finding,top_1pct,0.03256615996360779
312,layer4,xgrad_cam,No finding,entropy,14.986982345581055
312,layer4,xgrad_cam,No finding,top_1pct,0.03573761507868767
313,layer3,grad_cam,No finding,entropy,14.983274459838867
313,layer3,grad_cam,No finding,top_1pct,0.03783054277300835
313,layer3,grad_cam_plus_plus,No finding,entropy,15.590924263000488
313,layer3,grad_cam_plus_plus,No finding,top_1pct,0.016737764701247215
313,layer3,xgrad_cam,No finding,entropy,15.027135848999023
313,layer3,xgrad_cam,No finding,top_1pct,0.04007570073008537
313,layer4,grad_cam,No finding,entropy,14.011171340942383
313,layer4,grad_cam,No finding,top_1pct,0.06841903924942017
313,layer4,grad_cam_plus_plus,No finding,entropy,14.746417999267578
313,layer4,grad_cam_plus_plus,No finding,top_1pct,0.05243436247110367
313,layer4,xgrad_cam,No finding,entropy,14.0111722946167
313,layer4,xgrad_cam,No finding,top_1pct,0.06841903179883957
314,layer3,grad_cam,No finding,entropy,15.148701667785645
314,layer3,grad_cam,No finding,top_1pct,0.02910630591213703
314,layer3,grad_cam_plus_plus,No finding,entropy,15.5691499710083
314,layer3,grad_cam_plus_plus,No finding,top_1pct,0.01983538269996643
314,layer3,xgrad_cam,No finding,entropy,15.143044471740723
314,layer3,xgrad_cam,No finding,top_1pct,0.03833450376987457
314,layer4,grad_cam,No finding,entropy,14.363426208496094
314,layer4,grad_cam,No finding,top_1pct,0.05652746185660362
314,layer4,grad_cam_plus_plus,No finding,entropy,14.970345497131348
314,layer4,grad_cam_plus_plus,No finding,top_1pct,0.04238790273666382
314,layer4,xgrad_cam,No finding,entropy,14.363426208496094
314,layer4,xgrad_cam,No finding,top_1pct,0.05652746558189392
315,layer3,grad_cam,No finding,entropy,14.895873069763184
315,layer3,grad_cam,No finding,top_1pct,0.04556380212306976
315,layer3,grad_cam_plus_plus,No finding,entropy,15.575794219970703
315,layer3,grad_cam_plus_plus,No finding,top_1pct,0.017333654686808586
315,layer3,xgrad_cam,No finding,entropy,14.967341423034668
315,layer3,xgrad_cam,No finding,top_1pct,0.0456840842962265
315,layer4,grad_cam,No finding,entropy,14.380897521972656
315,layer4,grad_cam,No finding,top_1pct,0.053617674857378006
315,layer4,grad_cam_plus_plus,No finding,entropy,14.87611198425293
315,layer4,grad_cam_plus_plus,No finding,top_1pct,0.04314412176609039
315,layer4,xgrad_cam,No finding,entropy,14.380898475646973
315,layer4,xgrad_cam,No finding,top_1pct,0.053617674857378006
316,layer3,grad_cam,No finding,entropy,14.700284957885742
316,layer3,grad_cam,No finding,top_1pct,0.05353742092847824
316,layer3,grad_cam_plus_plus,No finding,entropy,15.584667205810547
316,layer3,grad_cam_plus_plus,No finding,top_1pct,0.017574245110154152
316,layer3,xgrad_cam,No finding,entropy,14.791703224182129
316,layer3,xgrad_cam,No finding,top_1pct,0.05168825760483742
316,layer4,grad_cam,No finding,entropy,14.512289047241211
316,layer4,grad_cam,No finding,top_1pct,0.04509411379694939
316,layer4,grad_cam_plus_plus,No finding,entropy,14.984451293945312
316,layer4,grad_cam_plus_plus,No finding,top_1pct,0.03760845586657524
316,layer4,xgrad_cam,No finding,entropy,14.512289047241211
316,layer4,xgrad_cam,No finding,top_1pct,0.045094117522239685
317,layer3,grad_cam,No finding,entropy,14.871862411499023
317,layer3,grad_cam,No finding,top_1pct,0.05530411750078201
317,layer3,grad_cam_plus_plus,No finding,entropy,15.587692260742188
317,layer3,grad_cam_plus_plus,No finding,top_1pct,0.016517791897058487
317,layer3,xgrad_cam,No finding,entropy,15.019655227661133
317,layer3,xgrad_cam,No finding,top_1pct,0.0537174716591835
317,layer4,grad_cam,No finding,entropy,14.344390869140625
317,layer4,grad_cam,No finding,top_1pct,0.055178865790367126
317,layer4,grad_cam_plus_plus,No finding,entropy,14.804972648620605
317,layer4,grad_cam_plus_plus,No finding,top_1pct,0.04574408009648323
317,layer4,xgrad_cam,No finding,entropy,14.344390869140625
317,layer4,xgrad_cam,No finding,top_1pct,0.055178865790367126
318,layer3,grad_cam,Aortic enlargement,pointing_game,0.0
318,layer3,grad_cam,Aortic enlargement,energy_box,0.13948531448841095
318,layer3,grad_cam,Aortic enlargement,iou,0.14977209270000458
318,layer3,grad_cam,Aortic enlargement,distance,1.208293109273327
318,layer3,grad_cam_plus_plus,Aortic enlargement,pointing_game,0.0
318,layer3,grad_cam_plus_plus,Aortic enlargement,energy_box,0.06150537356734276
318,layer3,grad_cam_plus_plus,Aortic enlargement,iou,0.06160568818449974
318,layer3,grad_cam_plus_plus,Aortic enlargement,distance,1.1708662555769638
318,layer3,xgrad_cam,Aortic enlargement,pointing_game,0.0
318,layer3,xgrad_cam,Aortic enlargement,energy_box,0.15125347673892975
318,layer3,xgrad_cam,Aortic enlargement,iou,0.15508924424648285
318,layer3,xgrad_cam,Aortic enlargement,distance,1.196785547602551
318,layer4,grad_cam,Aortic enlargement,pointing_game,1.0
318,layer4,grad_cam,Aortic enlargement,energy_box,0.10219097882509232
318,layer4,grad_cam,Aortic enlargement,iou,0.11483654379844666
318,layer4,grad_cam,Aortic enlargement,distance,0.37323397834269295
318,layer4,grad_cam_plus_plus,Aortic enlargement,pointing_game,1.0
318,layer4,grad_cam_plus_plus,Aortic enlargement,energy_box,0.11412684619426727
318,layer4,grad_cam_plus_plus,Aortic enlargement,iou,0.2061871588230133
318,layer4,grad_cam_plus_plus,Aortic enlargement,distance,0.37323397834269295
318,layer4,xgrad_cam,Aortic enlargement,pointing_game,1.0
318,layer4,xgrad_cam,Aortic enlargement,energy_box,0.10219097882509232
318,layer4,xgrad_cam,Aortic enlargement,iou,0.11483654379844666
318,layer4,xgrad_cam,Aortic enlargement,distance,0.37323397834269295
318,layer3,grad_cam,Cardiomegaly,pointing_game,0.0
318,layer3,grad_cam,Cardiomegaly,energy_box,0.09182572364807129
318,layer3,grad_cam,Cardiomegaly,iou,0.14671467244625092
318,layer3,grad_cam,Cardiomegaly,distance,1.2391341278209902
318,layer3,grad_cam_plus_plus,Cardiomegaly,pointing_game,0.0
318,layer3,grad_cam_plus_plus,Cardiomegaly,energy_box,0.04198972508311272
318,layer3,grad_cam_plus_plus,Cardiomegaly,iou,0.05903282389044762
318,layer3,grad_cam_plus_plus,Cardiomegaly,distance,1.5395625739516827
318,layer3,xgrad_cam,Cardiomegaly,pointing_game,1.0
318,layer3,xgrad_cam,Cardiomegaly,energy_box,0.08123227953910828
318,layer3,xgrad_cam,Cardiomegaly,iou,0.17596471309661865
318,layer3,xgrad_cam,Cardiomegaly,distance,0.12524824010573118
318,layer4,grad_cam,Cardiomegaly,pointing_game,0.0
318,layer4,grad_cam,Cardiomegaly,energy_box,0.07474009692668915
318,layer4,grad_cam,Cardiomegaly,iou,0.13221868872642517
318,layer4,grad_cam,Cardiomegaly,distance,0.5501192252712432
318,layer4,grad_cam_plus_plus,Cardiomegaly,pointing_game,0.0
318,layer4,grad_cam_plus_plus,Cardiomegaly,energy_box,0.07874077558517456
318,layer4,grad_cam_plus_plus,Cardiomegaly,iou,0.15817151963710785
318,layer4,grad_cam_plus_plus,Cardiomegaly,distance,0.2518813043732103
318,layer4,xgrad_cam,Cardiomegaly,pointing_game,0.0
318,layer4,xgrad_cam,Cardiomegaly,energy_box,0.07474009692668915
318,layer4,xgrad_cam,Cardiomegaly,iou,0.13221868872642517
318,layer4,xgrad_cam,Cardiomegaly,distance,0.5501192252712432
318,layer3,grad_cam,Other lesion,pointing_game,0.0
318,layer3,grad_cam,Other lesion,energy_box,0.02446753904223442
318,layer3,grad_cam,Other lesion,iou,0.0
318,layer3,grad_cam,Other lesion,distance,1.7663813848673635
318,layer3,grad_cam_plus_plus,Other lesion,pointing_game,0.0
318,layer3,grad_cam_plus_plus,Other lesion,energy_box,0.014866024255752563
318,layer3,grad_cam_plus_plus,Other lesion,iou,0.0
318,layer3,grad_cam_plus_plus,Other lesion,distance,1.4657143734089604
318,layer3,xgrad_cam,Other lesion,pointing_game,0.0
318,layer3,xgrad_cam,Other lesion,energy_box,0.018121208995580673
318,layer3,xgrad_cam,Other lesion,iou,0.0
318,layer3,xgrad_cam,Other lesion,distance,1.7663813848673635
318,layer4,grad_cam,Other lesion,pointing_game,0.0
318,layer4,grad_cam,Other lesion,energy_box,0.0
318,layer4,grad_cam,Other lesion,iou,0.0
318,layer4,grad_cam,Other lesion,distance,3.3298828368409317
318,layer4,grad_cam_plus_plus,Other lesion,pointing_game,0.0
318,layer4,grad_cam_plus_plus,Other lesion,energy_box,0.01783468760550022
318,layer4,grad_cam_plus_plus,Other lesion,iou,0.0027202137280255556
318,layer4,grad_cam_plus_plus,Other lesion,distance,0.9718139065468259
318,layer4,xgrad_cam,Other lesion,pointing_game,0.0
318,layer4,xgrad_cam,Other lesion,energy_box,0.0
318,layer4,xgrad_cam,Other lesion,iou,0.0
318,layer4,xgrad_cam,Other lesion,distance,3.3298828368409317
318,layer3,grad_cam,Pulmonary fibrosis,pointing_game,0.0
318,layer3,grad_cam,Pulmonary fibrosis,energy_box,0.03653637692332268
318,layer3,grad_cam,Pulmonary fibrosis,iou,0.0
318,layer3,grad_cam,Pulmonary fibrosis,distance,1.74580385554838
318,layer3,grad_cam_plus_plus,Pulmonary fibrosis,pointing_game,0.0
318,layer3,grad_cam_plus_plus,Pulmonary fibrosis,energy_box,0.019986938685178757
318,layer3,grad_cam_plus_plus,Pulmonary fibrosis,iou,0.001222845632582903
318,layer3,grad_cam_plus_plus,Pulmonary fibrosis,distance,0.9713167922364744
318,layer3,xgrad_cam,Pulmonary fibrosis,pointing_game,0.0
318,layer3,xgrad_cam,Pulmonary fibrosis,energy_box,0.032319191843271255
318,layer3,xgrad_cam,Pulmonary fibrosis,iou,0.0
318,layer3,xgrad_cam,Pulmonary fibrosis,distance,1.74580385554838
318,layer4,grad_cam,Pulmonary fibrosis,pointing_game,0.0
318,layer4,grad_cam,Pulmonary fibrosis,energy_box,0.00072768161771819
318,layer4,grad_cam,Pulmonary fibrosis,iou,0.0
318,layer4,grad_cam,Pulmonary fibrosis,distance,2.0117384219810632
318,layer4,grad_cam_plus_plus,Pulmonary fibrosis,pointing_game,0.0
318,layer4,grad_cam_plus_plus,Pulmonary fibrosis,energy_box,0.024576880037784576
318,layer4,grad_cam_plus_plus,Pulmonary fibrosis,iou,0.0037047015503048897
318,layer4,grad_cam_plus_plus,Pulmonary fibrosis,distance,1.4427054198111493
318,layer4,xgrad_cam,Pulmonary fibrosis,pointing_game,0.0
318,layer4,xgrad_cam,Pulmonary fibrosis,energy_box,0.0007276814430952072
318,layer4,xgrad_cam,Pulmonary fibrosis,iou,0.0
318,layer4,xgrad_cam,Pulmonary fibrosis,distance,2.0117384219810632
319,layer3,grad_cam,No finding,entropy,14.934173583984375
319,layer3,grad_cam,No finding,top_1pct,0.04372227191925049
319,layer3,grad_cam_plus_plus,No finding,entropy,15.589609146118164
319,layer3,grad_cam_plus_plus,No finding,top_1pct,0.018085559830069542
319,layer3,xgrad_cam,No finding,entropy,15.04814624786377
319,layer3,xgrad_cam,No finding,top_1pct,0.03999912738800049
319,layer4,grad_cam,No finding,entropy,15.060712814331055
319,layer4,grad_cam,No finding,top_1pct,0.03343021497130394
319,layer4,grad_cam_plus_plus,No finding,entropy,15.218814849853516
319,layer4,grad_cam_plus_plus,No finding,top_1pct,0.030240990221500397
319,layer4,xgrad_cam,No finding,entropy,15.060712814331055
319,layer4,xgrad_cam,No finding,top_1pct,0.03343021869659424
320,layer3,grad_cam,Lung Opacity,pointing_game,0.0
320,layer3,grad_cam,Lung Opacity,energy_box,0.03832979500293732
320,layer3,grad_cam,Lung Opacity,iou,0.0
320,layer3,grad_cam,Lung Opacity,distance,3.8407971152227467
320,layer3,grad_cam_plus_plus,Lung Opacity,pointing_game,0.0
320,layer3,grad_cam_plus_plus,Lung Opacity,energy_box,0.02001037448644638
320,layer3,grad_cam_plus_plus,Lung Opacity,iou,0.0058335778303444386
320,layer3,grad_cam_plus_plus,Lung Opacity,distance,4.388416582949654
320,layer3,xgrad_cam,Lung Opacity,pointing_game,0.0
320,layer3,xgrad_cam,Lung Opacity,energy_box,0.03365384042263031
320,layer3,xgrad_cam,Lung Opacity,iou,0.01286364533007145
320,layer3,xgrad_cam,Lung Opacity,distance,2.039133311525213
320,layer4,grad_cam,Lung Opacity,pointing_game,0.0
320,layer4,grad_cam,Lung Opacity,energy_box,0.04271912947297096
320,layer4,grad_cam,Lung Opacity,iou,0.07364289462566376
320,layer4,grad_cam,Lung Opacity,distance,1.2637538000880066
320,layer4,grad_cam_plus_plus,Lung Opacity,pointing_game,0.0
320,layer4,grad_cam_plus_plus,Lung Opacity,energy_box,0.034756988286972046
320,layer4,grad_cam_plus_plus,Lung Opacity,iou,0.06758493930101395
320,layer4,grad_cam_plus_plus,Lung Opacity,distance,1.2637538000880066
320,layer4,xgrad_cam,Lung Opacity,pointing_game,0.0
320,layer4,xgrad_cam,Lung Opacity,energy_box,0.04271913692355156
320,layer4,xgrad_cam,Lung Opacity,iou,0.07364289462566376
320,layer4,xgrad_cam,Lung Opacity,distance,1.2637538000880066
320,layer3,grad_cam,Other lesion,pointing_game,0.0
320,layer3,grad_cam,Other lesion,energy_box,0.07104671746492386
320,layer3,grad_cam,Other lesion,iou,0.0
320,layer3,grad_cam,Other lesion,distance,0.9095552372933677
320,layer3,grad_cam_plus_plus,Other lesion,pointing_game,0.0
320,layer3,grad_cam_plus_plus,Other lesion,energy_box,0.2066245973110199
320,layer3,grad_cam_plus_plus,Other lesion,iou,0.0014579384587705135
320,layer3,grad_cam_plus_plus,Other lesion,distance,0.9095552372933677
320,layer3,xgrad_cam,Other lesion,pointing_game,0.0
320,layer3,xgrad_cam,Other lesion,energy_box,0.06621287018060684
320,layer3,xgrad_cam,Other lesion,iou,0.0
320,layer3,xgrad_cam,Other lesion,distance,0.9813661628071642
320,layer4,grad_cam,Other lesion,pointing_game,0.0
320,layer4,grad_cam,Other lesion,energy_box,0.0
320,layer4,grad_cam,Other lesion,iou,0.0
320,layer4,grad_cam,Other lesion,distance,1.0177506956438156
320,layer4,grad_cam_plus_plus,Other lesion,pointing_game,1.0
320,layer4,grad_cam_plus_plus,Other lesion,energy_box,0.34026792645454407
320,layer4,grad_cam_plus_plus,Other lesion,iou,0.370744913816452
320,layer4,grad_cam_plus_plus,Other lesion,distance,0.11504151113593822
320,layer4,xgrad_cam,Other lesion,pointing_game,0.0
320,layer4,xgrad_cam,Other lesion,energy_box,0.0
320,layer4,xgrad_cam,Other lesion,iou,0.0
320,layer4,xgrad_cam,Other lesion,distance,1.0177506956438156
320,layer3,grad_cam,Pleural effusion,pointing_game,1.0
320,layer3,grad_cam,Pleural effusion,energy_box,0.6129812598228455
320,layer3,grad_cam,Pleural effusion,iou,0.14691349864006042
320,layer3,grad_cam,Pleural effusion,distance,0.23176408367140386
320,layer3,grad_cam_plus_plus,Pleural effusion,pointing_game,0.0
320,layer3,grad_cam_plus_plus,Pleural effusion,energy_box,0.2586418688297272
320,layer3,grad_cam_plus_plus,Pleural effusion,iou,0.21504473686218262
320,layer3,grad_cam_plus_plus,Pleural effusion,distance,0.9841427351202535
320,layer3,xgrad_cam,Pleural effusion,pointing_game,0.0
320,layer3,xgrad_cam,Pleural effusion,energy_box,0.4052204489707947
320,layer3,xgrad_cam,Pleural effusion,iou,0.3936420679092407
320,layer3,xgrad_cam,Pleural effusion,distance,0.3394596625806906
320,layer4,grad_cam,Pleural effusion,pointing_game,1.0
320,layer4,grad_cam,Pleural effusion,energy_box,0.5765540599822998
320,layer4,grad_cam,Pleural effusion,iou,0.589540421962738
320,layer4,grad_cam,Pleural effusion,distance,0.11092902134350656
320,layer4,grad_cam_plus_plus,Pleural effusion,pointing_game,1.0
320,layer4,grad_cam_plus_plus,Pleural effusion,energy_box,0.5259048938751221
320,layer4,grad_cam_plus_plus,Pleural effusion,iou,0.6415878534317017
320,layer4,grad_cam_plus_plus,Pleural effusion,distance,0.11092902134350656
320,layer4,xgrad_cam,Pleural effusion,pointing_game,1.0
320,layer4,xgrad_cam,Pleural effusion,energy_box,0.576554000377655
320,layer4,xgrad_cam,Pleural effusion,iou,0.589540421962738
320,layer4,xgrad_cam,Pleural effusion,distance,0.11092902134350656
321,layer3,grad_cam,No finding,entropy,15.088715553283691
321,layer3,grad_cam,No finding,top_1pct,0.0344606414437294
321,layer3,grad_cam_plus_plus,No finding,entropy,15.586210250854492
321,layer3,grad_cam_plus_plus,No finding,top_1pct,0.016834469512104988
321,layer3,xgrad_cam,No finding,entropy,15.3220853805542
321,layer3,xgrad_cam,No finding,top_1pct,0.03010508045554161
321,layer4,grad_cam,No finding,entropy,14.549760818481445
321,layer4,grad_cam,No finding,top_1pct,0.047967493534088135
321,layer4,grad_cam_plus_plus,No finding,entropy,14.948732376098633
321,layer4,grad_cam_plus_plus,No finding,top_1pct,0.039751674979925156
321,layer4,xgrad_cam,No finding,entropy,14.549760818481445
321,layer4,xgrad_cam,No finding,top_1pct,0.04796749725937843
322,layer3,grad_cam,Pleural thickening,pointing_game,0.0
322,layer3,grad_cam,Pleural thickening,energy_box,0.00020391869475133717
322,layer3,grad_cam,Pleural thickening,iou,0.0
322,layer3,grad_cam,Pleural thickening,distance,8.60783403414496
322,layer3,grad_cam_plus_plus,Pleural thickening,pointing_game,1.0
322,layer3,grad_cam_plus_plus,Pleural thickening,energy_box,0.0037093476857990026
322,layer3,grad_cam_plus_plus,Pleural thickening,iou,0.004027205985039473
322,layer3,grad_cam_plus_plus,Pleural thickening,distance,0.4547282248833406
322,layer3,xgrad_cam,Pleural thickening,pointing_game,0.0
322,layer3,xgrad_cam,Pleural thickening,energy_box,0.0034398825373500586
322,layer3,xgrad_cam,Pleural thickening,iou,0.0
322,layer3,xgrad_cam,Pleural thickening,distance,8.60783403414496
322,layer4,grad_cam,Pleural thickening,pointing_game,0.0
322,layer4,grad_cam,Pleural thickening,energy_box,0.000789420388173312
322,layer4,grad_cam,Pleural thickening,iou,0.0
322,layer4,grad_cam,Pleural thickening,distance,8.086409915843959
322,layer4,grad_cam_plus_plus,Pleural thickening,pointing_game,0.0
322,layer4,grad_cam_plus_plus,Pleural thickening,energy_box,0.0015444904565811157
322,layer4,grad_cam_plus_plus,Pleural thickening,iou,0.0
322,layer4,grad_cam_plus_plus,Pleural thickening,distance,6.672239547980536
322,layer4,xgrad_cam,Pleural thickening,pointing_game,0.0
322,layer4,xgrad_cam,Pleural thickening,energy_box,0.0007894204463809729
322,layer4,xgrad_cam,Pleural thickening,iou,0.0
322,layer4,xgrad_cam,Pleural thickening,distance,8.086409915843959
322,layer3,grad_cam,Pulmonary fibrosis,pointing_game,0.0
322,layer3,grad_cam,Pulmonary fibrosis,energy_box,0.0
322,layer3,grad_cam,Pulmonary fibrosis,iou,0.0
322,layer3,grad_cam,Pulmonary fibrosis,distance,12.51869856980968
322,layer3,grad_cam_plus_plus,Pulmonary fibrosis,pointing_game,0.0
322,layer3,grad_cam_plus_plus,Pulmonary fibrosis,energy_box,0.0009224572568200529
322,layer3,grad_cam_plus_plus,Pulmonary fibrosis,iou,0.001108296331949532
322,layer3,grad_cam_plus_plus,Pulmonary fibrosis,distance,23.112553975849096
322,layer3,xgrad_cam,Pulmonary fibrosis,pointing_game,0.0
322,layer3,xgrad_cam,Pulmonary fibrosis,energy_box,0.0
322,layer3,xgrad_cam,Pulmonary fibrosis,iou,0.0
322,layer3,xgrad_cam,Pulmonary fibrosis,distance,12.51869856980968
322,layer4,grad_cam,Pulmonary fibrosis,pointing_game,0.0
322,layer4,grad_cam,Pulmonary fibrosis,energy_box,0.00034478382440283895
322,layer4,grad_cam,Pulmonary fibrosis,iou,0.0
322,layer4,grad_cam,Pulmonary fibrosis,distance,13.836665896039902
322,layer4,grad_cam_plus_plus,Pulmonary fibrosis,pointing_game,0.0
322,layer4,grad_cam_plus_plus,Pulmonary fibrosis,energy_box,0.0005806269473396242
322,layer4,grad_cam_plus_plus,Pulmonary fibrosis,iou,0.0
322,layer4,grad_cam_plus_plus,Pulmonary fibrosis,distance,13.75115548412744
322,layer4,xgrad_cam,Pulmonary fibrosis,pointing_game,0.0
322,layer4,xgrad_cam,Pulmonary fibrosis,energy_box,0.00034478396992199123
322,layer4,xgrad_cam,Pulmonary fibrosis,iou,0.0
322,layer4,xgrad_cam,Pulmonary fibrosis,distance,13.836665896039902
323,layer3,grad_cam,Aortic enlargement,pointing_game,0.0
323,layer3,grad_cam,Aortic enlargement,energy_box,0.04278208315372467
323,layer3,grad_cam,Aortic enlargement,iou,0.012088838964700699
323,layer3,grad_cam,Aortic enlargement,distance,1.5265438339543855
323,layer3,grad_cam_plus_plus,Aortic enlargement,pointing_game,0.0
323,layer3,grad_cam_plus_plus,Aortic enlargement,energy_box,0.014871561899781227
323,layer3,grad_cam_plus_plus,Aortic enlargement,iou,0.0248735249042511
323,layer3,grad_cam_plus_plus,Aortic enlargement,distance,1.1386014021153426
323,layer3,xgrad_cam,Aortic enlargement,pointing_game,0.0
323,layer3,xgrad_cam,Aortic enlargement,energy_box,0.04650735855102539
323,layer3,xgrad_cam,Aortic enlargement,iou,0.07330227643251419
323,layer3,xgrad_cam,Aortic enlargement,distance,1.1386014021153426
323,layer4,grad_cam,Aortic enlargement,pointing_game,0.0
323,layer4,grad_cam,Aortic enlargement,energy_box,0.022432468831539154
323,layer4,grad_cam,Aortic enlargement,iou,0.031083092093467712
323,layer4,grad_cam,Aortic enlargement,distance,1.0401977379758578
323,layer4,grad_cam_plus_plus,Aortic enlargement,pointing_game,0.0
323,layer4,grad_cam_plus_plus,Aortic enlargement,energy_box,0.020588574931025505
323,layer4,grad_cam_plus_plus,Aortic enlargement,iou,0.04042113199830055
323,layer4,grad_cam_plus_plus,Aortic enlargement,distance,1.3959741203692195
323,layer4,xgrad_cam,Aortic enlargement,pointing_game,0.0
323,layer4,xgrad_cam,Aortic enlargement,energy_box,0.022432470694184303
323,layer4,xgrad_cam,Aortic enlargement,iou,0.031083092093467712
323,layer4,xgrad_cam,Aortic enlargement,distance,1.0401977379758578
323,layer3,grad_cam,Cardiomegaly,pointing_game,0.0
323,layer3,grad_cam,Cardiomegaly,energy_box,0.15036189556121826
323,layer3,grad_cam,Cardiomegaly,iou,0.21662591397762299
323,layer3,grad_cam,Cardiomegaly,distance,0.9473380131550796
323,layer3,grad_cam_plus_plus,Cardiomegaly,pointing_game,0.0
323,layer3,grad_cam_plus_plus,Cardiomegaly,energy_box,0.06996570527553558
323,layer3,grad_cam_plus_plus,Cardiomegaly,iou,0.07464189827442169
323,layer3,grad_cam_plus_plus,Cardiomegaly,distance,1.3855808493777095
323,layer3,xgrad_cam,Cardiomegaly,pointing_game,1.0
323,layer3,xgrad_cam,Cardiomegaly,energy_box,0.1476660966873169
323,layer3,xgrad_cam,Cardiomegaly,iou,0.2682085633277893
323,layer3,xgrad_cam,Cardiomegaly,distance,0.10873463081155828
323,layer4,grad_cam,Cardiomegaly,pointing_game,0.0
323,layer4,grad_cam,Cardiomegaly,energy_box,0.12092055380344391
323,layer4,grad_cam,Cardiomegaly,iou,0.14880326390266418
323,layer4,grad_cam,Cardiomegaly,distance,0.7358420066132415
323,layer4,grad_cam_plus_plus,Cardiomegaly,pointing_game,1.0
323,layer4,grad_cam_plus_plus,Cardiomegaly,energy_box,0.1512410193681717
323,layer4,grad_cam_plus_plus,Cardiomegaly,iou,0.27334311604499817
323,layer4,grad_cam_plus_plus,Cardiomegaly,distance,0.22781742749680028
323,layer4,xgrad_cam,Cardiomegaly,pointing_game,0.0
323,layer4,xgrad_cam,Cardiomegaly,energy_box,0.1209205687046051
323,layer4,xgrad_cam,Cardiomegaly,iou,0.14880326390266418
323,layer4,xgrad_cam,Cardiomegaly,distance,0.7358420066132415
324,layer3,grad_cam,No finding,entropy,14.801315307617188
324,layer3,grad_cam,No finding,top_1pct,0.0464966706931591
324,layer3,grad_cam_plus_plus,No finding,entropy,15.44585132598877
324,layer3,grad_cam_plus_plus,No finding,top_1pct,0.04392794892191887
324,layer3,xgrad_cam,No finding,entropy,14.926196098327637
324,layer3,xgrad_cam,No finding,top_1pct,0.07605214416980743
324,layer4,grad_cam,No finding,entropy,14.63827133178711
324,layer4,grad_cam,No finding,top_1pct,0.04033229872584343
324,layer4,grad_cam_plus_plus,No finding,entropy,14.940263748168945
324,layer4,grad_cam_plus_plus,No finding,top_1pct,0.03520302101969719
324,layer4,xgrad_cam,No finding,entropy,14.63827133178711
324,layer4,xgrad_cam,No finding,top_1pct,0.04033230245113373
325,layer3,grad_cam,No finding,entropy,15.279341697692871
325,layer3,grad_cam,No finding,top_1pct,0.027032669633626938
325,layer3,grad_cam_plus_plus,No finding,entropy,15.587615966796875
325,layer3,grad_cam_plus_plus,No finding,top_1pct,0.01679120771586895
325,layer3,xgrad_cam,No finding,entropy,15.276500701904297
325,layer3,xgrad_cam,No finding,top_1pct,0.026441797614097595
325,layer4,grad_cam,No finding,entropy,14.55810546875
325,layer4,grad_cam,No finding,top_1pct,0.04552596062421799
325,layer4,grad_cam_plus_plus,No finding,entropy,15.028759002685547
325,layer4,grad_cam_plus_plus,No finding,top_1pct,0.037170812487602234
325,layer4,xgrad_cam,No finding,entropy,14.55810546875
325,layer4,xgrad_cam,No finding,top_1pct,0.045525968074798584
326,layer3,grad_cam,No finding,entropy,14.974149703979492
326,layer3,grad_cam,No finding,top_1pct,0.051615241914987564
326,layer3,grad_cam_plus_plus,No finding,entropy,15.583518981933594
326,layer3,grad_cam_plus_plus,No finding,top_1pct,0.019656892865896225
326,layer3,xgrad_cam,No finding,entropy,14.90692138671875
326,layer3,xgrad_cam,No finding,top_1pct,0.055232517421245575
326,layer4,grad_cam,No finding,entropy,14.800704956054688
326,layer4,grad_cam,No finding,top_1pct,0.03948818892240524
326,layer4,grad_cam_plus_plus,No finding,entropy,15.105834007263184
326,layer4,grad_cam_plus_plus,No finding,top_1pct,0.03325039893388748
326,layer4,xgrad_cam,No finding,entropy,14.800704956054688
326,layer4,xgrad_cam,No finding,top_1pct,0.039488185197114944
327,layer3,grad_cam,No finding,entropy,14.693599700927734
327,layer3,grad_cam,No finding,top_1pct,0.042355071753263474
327,layer3,grad_cam_plus_plus,No finding,entropy,15.581579208374023
327,layer3,grad_cam_plus_plus,No finding,top_1pct,0.016607584431767464
327,layer3,xgrad_cam,No finding,entropy,14.940313339233398
327,layer3,xgrad_cam,No finding,top_1pct,0.03956020250916481
327,layer4,grad_cam,No finding,entropy,14.425971031188965
327,layer4,grad_cam,No finding,top_1pct,0.04854903742671013
327,layer4,grad_cam_plus_plus,No finding,entropy,14.92319393157959
327,layer4,grad_cam_plus_plus,No finding,top_1pct,0.03908427059650421
327,layer4,xgrad_cam,No finding,entropy,14.425971031188965
327,layer4,xgrad_cam,No finding,top_1pct,0.04854903742671013
328,layer3,grad_cam,Aortic enlargement,pointing_game,0.0
328,layer3,grad_cam,Aortic enlargement,energy_box,0.06865259259939194
328,layer3,grad_cam,Aortic enlargement,iou,0.10719459503889084
328,layer3,grad_cam,Aortic enlargement,distance,0.9399939989196823
328,layer3,grad_cam_plus_plus,Aortic enlargement,pointing_game,0.0
328,layer3,grad_cam_plus_plus,Aortic enlargement,energy_box,0.025002673268318176
328,layer3,grad_cam_plus_plus,Aortic enlargement,iou,0.03203822672367096
328,layer3,grad_cam_plus_plus,Aortic enlargement,distance,0.6241313717664236
328,layer3,xgrad_cam,Aortic enlargement,pointing_game,0.0
328,layer3,xgrad_cam,Aortic enlargement,energy_box,0.06649896502494812
328,layer3,xgrad_cam,Aortic enlargement,iou,0.043417368084192276
328,layer3,xgrad_cam,Aortic enlargement,distance,1.7333199728249942
328,layer4,grad_cam,Aortic enlargement,pointing_game,0.0
328,layer4,grad_cam,Aortic enlargement,energy_box,0.044231198728084564
328,layer4,grad_cam,Aortic enlargement,iou,0.07595532387495041
328,layer4,grad_cam,Aortic enlargement,distance,0.3727287866007255
328,layer4,grad_cam_plus_plus,Aortic enlargement,pointing_game,0.0
328,layer4,grad_cam_plus_plus,Aortic enlargement,energy_box,0.0393480509519577
328,layer4,grad_cam_plus_plus,Aortic enlargement,iou,0.09842368215322495
328,layer4,grad_cam_plus_plus,Aortic enlargement,distance,0.8235063856604105
328,layer4,xgrad_cam,Aortic enlargement,pointing_game,0.0
328,layer4,xgrad_cam,Aortic enlargement,energy_box,0.04423119127750397
328,layer4,xgrad_cam,Aortic enlargement,iou,0.07595532387495041
328,layer4,xgrad_cam,Aortic enlargement,distance,0.3727287866007255
328,layer3,grad_cam,Cardiomegaly,pointing_game,1.0
328,layer3,grad_cam,Cardiomegaly,energy_box,0.12750518321990967
328,layer3,grad_cam,Cardiomegaly,iou,0.16992898285388947
328,layer3,grad_cam,Cardiomegaly,distance,0.04708299850017302
328,layer3,grad_cam_plus_plus,Cardiomegaly,pointing_game,0.0
328,layer3,grad_cam_plus_plus,Cardiomegaly,energy_box,0.05720217153429985
328,layer3,grad_cam_plus_plus,Cardiomegaly,iou,0.06061028316617012
328,layer3,grad_cam_plus_plus,Cardiomegaly,distance,1.1983409922122035
328,layer3,xgrad_cam,Cardiomegaly,pointing_game,1.0
328,layer3,xgrad_cam,Cardiomegaly,energy_box,0.12357066571712494
328,layer3,xgrad_cam,Cardiomegaly,iou,0.2257053256034851
328,layer3,xgrad_cam,Cardiomegaly,distance,0.056819381746101266
328,layer4,grad_cam,Cardiomegaly,pointing_game,0.0
328,layer4,grad_cam,Cardiomegaly,energy_box,0.13568447530269623
328,layer4,grad_cam,Cardiomegaly,iou,0.18950767815113068
328,layer4,grad_cam,Cardiomegaly,distance,0.42370798295008827
328,layer4,grad_cam_plus_plus,Cardiomegaly,pointing_game,0.0
328,layer4,grad_cam_plus_plus,Cardiomegaly,energy_box,0.12286113202571869
328,layer4,grad_cam_plus_plus,Cardiomegaly,iou,0.27289342880249023
328,layer4,grad_cam_plus_plus,Cardiomegaly,distance,0.16039234280794898
328,layer4,xgrad_cam,Cardiomegaly,pointing_game,0.0
328,layer4,xgrad_cam,Cardiomegaly,energy_box,0.13568446040153503
328,layer4,xgrad_cam,Cardiomegaly,iou,0.18950767815113068
328,layer4,xgrad_cam,Cardiomegaly,distance,0.42370798295008827
329,layer3,grad_cam,Aortic enlargement,pointing_game,0.0
329,layer3,grad_cam,Aortic enlargement,energy_box,0.040177684277296066
329,layer3,grad_cam,Aortic enlargement,iou,0.031101511791348457
329,layer3,grad_cam,Aortic enlargement,distance,0.5405300496472873
329,layer3,grad_cam_plus_plus,Aortic enlargement,pointing_game,0.0
329,layer3,grad_cam_plus_plus,Aortic enlargement,energy_box,0.016892367973923683
329,layer3,grad_cam_plus_plus,Aortic enlargement,iou,0.012842073105275631
329,layer3,grad_cam_plus_plus,Aortic enlargement,distance,1.8387046279698327
329,layer3,xgrad_cam,Aortic enlargement,pointing_game,0.0
329,layer3,xgrad_cam,Aortic enlargement,energy_box,0.046631984412670135
329,layer3,xgrad_cam,Aortic enlargement,iou,0.040780141949653625
329,layer3,xgrad_cam,Aortic enlargement,distance,0.5405300496472873
329,layer4,grad_cam,Aortic enlargement,pointing_game,0.0
329,layer4,grad_cam,Aortic enlargement,energy_box,0.0363391749560833
329,layer4,grad_cam,Aortic enlargement,iou,0.06884977221488953
329,layer4,grad_cam,Aortic enlargement,distance,0.9338464513705008
329,layer4,grad_cam_plus_plus,Aortic enlargement,pointing_game,0.0
329,layer4,grad_cam_plus_plus,Aortic enlargement,energy_box,0.029528625309467316
329,layer4,grad_cam_plus_plus,Aortic enlargement,iou,0.07510940730571747
329,layer4,grad_cam_plus_plus,Aortic enlargement,distance,1.178873732810176
329,layer4,xgrad_cam,Aortic enlargement,pointing_game,0.0
329,layer4,xgrad_cam,Aortic enlargement,energy_box,0.036339171230793
329,layer4,xgrad_cam,Aortic enlargement,iou,0.06884977221488953
329,layer4,xgrad_cam,Aortic enlargement,distance,0.9338464513705008
329,layer3,grad_cam,Cardiomegaly,pointing_game,1.0
329,layer3,grad_cam,Cardiomegaly,energy_box,0.14369696378707886
329,layer3,grad_cam,Cardiomegaly,iou,0.2219899594783783
329,layer3,grad_cam,Cardiomegaly,distance,0.2662074226785452
329,layer3,grad_cam_plus_plus,Cardiomegaly,pointing_game,0.0
329,layer3,grad_cam_plus_plus,Cardiomegaly,energy_box,0.06157320737838745
329,layer3,grad_cam_plus_plus,Cardiomegaly,iou,0.08676815032958984
329,layer3,grad_cam_plus_plus,Cardiomegaly,distance,1.1608026779425442
329,layer3,xgrad_cam,Cardiomegaly,pointing_game,1.0
329,layer3,xgrad_cam,Cardiomegaly,energy_box,0.13585227727890015
329,layer3,xgrad_cam,Cardiomegaly,iou,0.22773753106594086
329,layer3,xgrad_cam,Cardiomegaly,distance,0.2662074226785452
329,layer4,grad_cam,Cardiomegaly,pointing_game,1.0
329,layer4,grad_cam,Cardiomegaly,energy_box,0.1334308683872223
329,layer4,grad_cam,Cardiomegaly,iou,0.1802237629890442
329,layer4,grad_cam,Cardiomegaly,distance,0.24921706547883032
329,layer4,grad_cam_plus_plus,Cardiomegaly,pointing_game,1.0
329,layer4,grad_cam_plus_plus,Cardiomegaly,energy_box,0.1197274699807167
329,layer4,grad_cam_plus_plus,Cardiomegaly,iou,0.3319382965564728
329,layer4,grad_cam_plus_plus,Cardiomegaly,distance,0.24101762356278958
329,layer4,xgrad_cam,Cardiomegaly,pointing_game,1.0
329,layer4,xgrad_cam,Cardiomegaly,energy_box,0.1334308683872223
329,layer4,xgrad_cam,Cardiomegaly,iou,0.1802237629890442
329,layer4,xgrad_cam,Cardiomegaly,distance,0.24921706547883032
330,layer3,grad_cam,Aortic enlargement,pointing_game,0.0
330,layer3,grad_cam,Aortic enlargement,energy_box,0.02995036542415619
330,layer3,grad_cam,Aortic enlargement,iou,0.0
330,layer3,grad_cam,Aortic enlargement,distance,5.029989549714399
330,layer3,grad_cam_plus_plus,Aortic enlargement,pointing_game,0.0
330,layer3,grad_cam_plus_plus,Aortic enlargement,energy_box,0.013613147661089897
330,layer3,grad_cam_plus_plus,Aortic enlargement,iou,0.0
330,layer3,grad_cam_plus_plus,Aortic enlargement,distance,5.029989549714399
330,layer3,xgrad_cam,Aortic enlargement,pointing_game,0.0
330,layer3,xgrad_cam,Aortic enlargement,energy_box,0.028897661715745926
330,layer3,xgrad_cam,Aortic enlargement,iou,0.0
330,layer3,xgrad_cam,Aortic enlargement,distance,5.029989549714399
330,layer4,grad_cam,Aortic enlargement,pointing_game,0.0
330,layer4,grad_cam,Aortic enlargement,energy_box,0.023502979427576065
330,layer4,grad_cam,Aortic enlargement,iou,0.04420250281691551
330,layer4,grad_cam,Aortic enlargement,distance,1.120759740825779
330,layer4,grad_cam_plus_plus,Aortic enlargement,pointing_game,0.0
330,layer4,grad_cam_plus_plus,Aortic enlargement,energy_box,0.023756815120577812
330,layer4,grad_cam_plus_plus,Aortic enlargement,iou,0.06829634308815002
330,layer4,grad_cam_plus_plus,Aortic enlargement,distance,1.5083151661948244
330,layer4,xgrad_cam,Aortic enlargement,pointing_game,0.0
330,layer4,xgrad_cam,Aortic enlargement,energy_box,0.023502979427576065
330,layer4,xgrad_cam,Aortic enlargement,iou,0.04420250281691551
330,layer4,xgrad_cam,Aortic enlargement,distance,1.120759740825779
330,layer3,grad_cam,Cardiomegaly,pointing_game,0.0
330,layer3,grad_cam,Cardiomegaly,energy_box,0.1620408594608307
330,layer3,grad_cam,Cardiomegaly,iou,0.2070474475622177
330,layer3,grad_cam,Cardiomegaly,distance,0.3455821717991558
330,layer3,grad_cam_plus_plus,Cardiomegaly,pointing_game,0.0
330,layer3,grad_cam_plus_plus,Cardiomegaly,energy_box,0.04970952868461609
330,layer3,grad_cam_plus_plus,Cardiomegaly,iou,0.06611893326044083
330,layer3,grad_cam_plus_plus,Cardiomegaly,distance,1.2472172427234778
330,layer3,xgrad_cam,Cardiomegaly,pointing_game,0.0
330,layer3,xgrad_cam,Cardiomegaly,energy_box,0.10407262295484543
330,layer3,xgrad_cam,Cardiomegaly,iou,0.15736906230449677
330,layer3,xgrad_cam,Cardiomegaly,distance,0.27674195756960834
330,layer4,grad_cam,Cardiomegaly,pointing_game,0.0
330,layer4,grad_cam,Cardiomegaly,energy_box,0.11340489983558655
330,layer4,grad_cam,Cardiomegaly,iou,0.23369941115379333
330,layer4,grad_cam,Cardiomegaly,distance,0.27323118869359
330,layer4,grad_cam_plus_plus,Cardiomegaly,pointing_game,0.0
330,layer4,grad_cam_plus_plus,Cardiomegaly,energy_box,0.10284680873155594
330,layer4,grad_cam_plus_plus,Cardiomegaly,iou,0.2127588540315628
330,layer4,grad_cam_plus_plus,Cardiomegaly,distance,0.2805946164588673
330,layer4,xgrad_cam,Cardiomegaly,pointing_game,0.0
330,layer4,xgrad_cam,Cardiomegaly,energy_box,0.11340488493442535
330,layer4,xgrad_cam,Cardiomegaly,iou,0.23369941115379333
330,layer4,xgrad_cam,Cardiomegaly,distance,0.27323118869359
331,layer3,grad_cam,No finding,entropy,14.916202545166016
331,layer3,grad_cam,No finding,top_1pct,0.045021459460258484
331,layer3,grad_cam_plus_plus,No finding,entropy,15.581032752990723
331,layer3,grad_cam_plus_plus,No finding,top_1pct,0.0207745973020792
331,layer3,xgrad_cam,No finding,entropy,15.09402084350586
331,layer3,xgrad_cam,No finding,top_1pct,0.036183327436447144
331,layer4,grad_cam,No finding,entropy,14.83088493347168
331,layer4,grad_cam,No finding,top_1pct,0.03568832948803902
331,layer4,grad_cam_plus_plus,No finding,entropy,15.08216381072998
331,layer4,grad_cam_plus_plus,No finding,top_1pct,0.03170108050107956
331,layer4,xgrad_cam,No finding,entropy,14.83088493347168
331,layer4,xgrad_cam,No finding,top_1pct,0.03568832948803902
332,layer3,grad_cam,Nodule/Mass,pointing_game,0.0
332,layer3,grad_cam,Nodule/Mass,energy_box,0.03947792947292328
332,layer3,grad_cam,Nodule/Mass,iou,0.0
332,layer3,grad_cam,Nodule/Mass,distance,2.692706459900619
332,layer3,grad_cam_plus_plus,Nodule/Mass,pointing_game,0.0
332,layer3,grad_cam_plus_plus,Nodule/Mass,energy_box,0.026690637692809105
332,layer3,grad_cam_plus_plus,Nodule/Mass,iou,0.037767067551612854
332,layer3,grad_cam_plus_plus,Nodule/Mass,distance,1.7746751229567115
332,layer3,xgrad_cam,Nodule/Mass,pointing_game,0.0
332,layer3,xgrad_cam,Nodule/Mass,energy_box,0.043375398963689804
332,layer3,xgrad_cam,Nodule/Mass,iou,0.0
332,layer3,xgrad_cam,Nodule/Mass,distance,2.9545505242165233
332,layer4,grad_cam,Nodule/Mass,pointing_game,0.0
332,layer4,grad_cam,Nodule/Mass,energy_box,0.0
332,layer4,grad_cam,Nodule/Mass,iou,0.0
332,layer4,grad_cam,Nodule/Mass,distance,2.9633343898501474
332,layer4,grad_cam_plus_plus,Nodule/Mass,pointing_game,0.0
332,layer4,grad_cam_plus_plus,Nodule/Mass,energy_box,0.040903836488723755
332,layer4,grad_cam_plus_plus,Nodule/Mass,iou,0.056923143565654755
332,layer4,grad_cam_plus_plus,Nodule/Mass,distance,1.0914031626824237
332,layer4,xgrad_cam,Nodule/Mass,pointing_game,0.0
332,layer4,xgrad_cam,Nodule/Mass,energy_box,0.0
332,layer4,xgrad_cam,Nodule/Mass,iou,0.0
332,layer4,xgrad_cam,Nodule/Mass,distance,2.9633343898501474
333,layer3,grad_cam,Infiltration,pointing_game,0.0
333,layer3,grad_cam,Infiltration,energy_box,0.02653224766254425
333,layer3,grad_cam,Infiltration,iou,0.023905225098133087
333,layer3,grad_cam,Infiltration,distance,1.622605421243712
333,layer3,grad_cam_plus_plus,Infiltration,pointing_game,0.0
333,layer3,grad_cam_plus_plus,Infiltration,energy_box,0.024022215977311134
333,layer3,grad_cam_plus_plus,Infiltration,iou,0.04086260870099068
333,layer3,grad_cam_plus_plus,Infiltration,distance,1.5843339473632156
333,layer3,xgrad_cam,Infiltration,pointing_game,0.0
333,layer3,xgrad_cam,Infiltration,energy_box,0.021250972524285316
333,layer3,xgrad_cam,Infiltration,iou,0.009825595654547215
333,layer3,xgrad_cam,Infiltration,distance,2.9223291302559913
333,layer4,grad_cam,Infiltration,pointing_game,0.0
333,layer4,grad_cam,Infiltration,energy_box,0.11481973528862
333,layer4,grad_cam,Infiltration,iou,0.09182858467102051
333,layer4,grad_cam,Infiltration,distance,0.7371815987407583
333,layer4,grad_cam_plus_plus,Infiltration,pointing_game,0.0
333,layer4,grad_cam_plus_plus,Infiltration,energy_box,0.023282866925001144
333,layer4,grad_cam_plus_plus,Infiltration,iou,0.06946983188390732
333,layer4,grad_cam_plus_plus,Infiltration,distance,0.47329230424793683
333,layer4,xgrad_cam,Infiltration,pointing_game,0.0
333,layer4,xgrad_cam,Infiltration,energy_box,0.1148197129368782
333,layer4,xgrad_cam,Infiltration,iou,0.09182858467102051
333,layer4,xgrad_cam,Infiltration,distance,0.7371815987407583
333,layer3,grad_cam,Lung Opacity,pointing_game,0.0
333,layer3,grad_cam,Lung Opacity,energy_box,0.03506697341799736
333,layer3,grad_cam,Lung Opacity,iou,0.0063954973593354225
333,layer3,grad_cam,Lung Opacity,distance,1.637998314008152
333,layer3,grad_cam_plus_plus,Lung Opacity,pointing_game,0.0
333,layer3,grad_cam_plus_plus,Lung Opacity,energy_box,0.03067094273865223
333,layer3,grad_cam_plus_plus,Lung Opacity,iou,0.04415673390030861
333,layer3,grad_cam_plus_plus,Lung Opacity,distance,1.0853064546286681
333,layer3,xgrad_cam,Lung Opacity,pointing_game,0.0
333,layer3,xgrad_cam,Lung Opacity,energy_box,0.028484124690294266
333,layer3,xgrad_cam,Lung Opacity,iou,0.012002743780612946
333,layer3,xgrad_cam,Lung Opacity,distance,2.6127292616629134
333,layer4,grad_cam,Lung Opacity,pointing_game,0.0
333,layer4,grad_cam,Lung Opacity,energy_box,0.1535281389951706
333,layer4,grad_cam,Lung Opacity,iou,0.25151336193084717
333,layer4,grad_cam,Lung Opacity,distance,0.4799960372729734
333,layer4,grad_cam_plus_plus,Lung Opacity,pointing_game,1.0
333,layer4,grad_cam_plus_plus,Lung Opacity,energy_box,0.029996486380696297
333,layer4,grad_cam_plus_plus,Lung Opacity,iou,0.04398750513792038
333,layer4,grad_cam_plus_plus,Lung Opacity,distance,0.10209102282806824
333,layer4,xgrad_cam,Lung Opacity,pointing_game,0.0
333,layer4,xgrad_cam,Lung Opacity,energy_box,0.15352816879749298
333,layer4,xgrad_cam,Lung Opacity,iou,0.25151336193084717
333,layer4,xgrad_cam,Lung Opacity,distance,0.4799960372729734
334,layer3,grad_cam,No finding,entropy,15.024625778198242
334,layer3,grad_cam,No finding,top_1pct,0.04721757769584656
334,layer3,grad_cam_plus_plus,No finding,entropy,15.585235595703125
334,layer3,grad_cam_plus_plus,No finding,top_1pct,0.020037516951560974
334,layer3,xgrad_cam,No finding,entropy,15.074044227600098
334,layer3,xgrad_cam,No finding,top_1pct,0.03941721469163895
334,layer4,grad_cam,No finding,entropy,14.976816177368164
334,layer4,grad_cam,No finding,top_1pct,0.03253321722149849
334,layer4,grad_cam_plus_plus,No finding,entropy,15.168463706970215
334,layer4,grad_cam_plus_plus,No finding,top_1pct,0.028982840478420258
334,layer4,xgrad_cam,No finding,entropy,14.976816177368164
334,layer4,xgrad_cam,No finding,top_1pct,0.03253322094678879
335,layer3,grad_cam,No finding,entropy,14.8110933303833
335,layer3,grad_cam,No finding,top_1pct,0.062109142541885376
335,layer3,grad_cam_plus_plus,No finding,entropy,15.578475952148438
335,layer3,grad_cam_plus_plus,No finding,top_1pct,0.01786520704627037
335,layer3,xgrad_cam,No finding,entropy,14.672639846801758
335,layer3,xgrad_cam,No finding,top_1pct,0.07147487252950668
335,layer4,grad_cam,No finding,entropy,14.263933181762695
335,layer4,grad_cam,No finding,top_1pct,0.06120074912905693
335,layer4,grad_cam_plus_plus,No finding,entropy,15.08098030090332
335,layer4,grad_cam_plus_plus,No finding,top_1pct,0.03757764399051666
335,layer4,xgrad_cam,No finding,entropy,14.263935089111328
335,layer4,xgrad_cam,No finding,top_1pct,0.06120074540376663
336,layer3,grad_cam,Aortic enlargement,pointing_game,0.0
336,layer3,grad_cam,Aortic enlargement,energy_box,0.0
336,layer3,grad_cam,Aortic enlargement,iou,0.0
336,layer3,grad_cam,Aortic enlargement,distance,1.6176611530818086
336,layer3,grad_cam_plus_plus,Aortic enlargement,pointing_game,0.0
336,layer3,grad_cam_plus_plus,Aortic enlargement,energy_box,0.018575433641672134
336,layer3,grad_cam_plus_plus,Aortic enlargement,iou,0.012251066043972969
336,layer3,grad_cam_plus_plus,Aortic enlargement,distance,3.1471518152908406
336,layer3,xgrad_cam,Aortic enlargement,pointing_game,0.0
336,layer3,xgrad_cam,Aortic enlargement,energy_box,0.0
336,layer3,xgrad_cam,Aortic enlargement,iou,0.0
336,layer3,xgrad_cam,Aortic enlargement,distance,1.6176611530818086
336,layer4,grad_cam,Aortic enlargement,pointing_game,0.0
336,layer4,grad_cam,Aortic enlargement,energy_box,0.009300893172621727
336,layer4,grad_cam,Aortic enlargement,iou,0.0
336,layer4,grad_cam,Aortic enlargement,distance,1.7061515811300532
336,layer4,grad_cam_plus_plus,Aortic enlargement,pointing_game,0.0
336,layer4,grad_cam_plus_plus,Aortic enlargement,energy_box,0.028428617864847183
336,layer4,grad_cam_plus_plus,Aortic enlargement,iou,0.05805109068751335
336,layer4,grad_cam_plus_plus,Aortic enlargement,distance,1.0069877495026607
336,layer4,xgrad_cam,Aortic enlargement,pointing_game,0.0
336,layer4,xgrad_cam,Aortic enlargement,energy_box,0.00930089596658945
336,layer4,xgrad_cam,Aortic enlargement,iou,0.0
336,layer4,xgrad_cam,Aortic enlargement,distance,1.7061515811300532
336,layer3,grad_cam,Cardiomegaly,pointing_game,0.0
336,layer3,grad_cam,Cardiomegaly,energy_box,0.13220429420471191
336,layer3,grad_cam,Cardiomegaly,iou,0.16621039807796478
336,layer3,grad_cam,Cardiomegaly,distance,0.23745059611069025
336,layer3,grad_cam_plus_plus,Cardiomegaly,pointing_game,0.0
336,layer3,grad_cam_plus_plus,Cardiomegaly,energy_box,0.06350866705179214
336,layer3,grad_cam_plus_plus,Cardiomegaly,iou,0.06670621782541275
336,layer3,grad_cam_plus_plus,Cardiomegaly,distance,1.1365719196084292
336,layer3,xgrad_cam,Cardiomegaly,pointing_game,0.0
336,layer3,xgrad_cam,Cardiomegaly,energy_box,0.13872329890727997
336,layer3,xgrad_cam,Cardiomegaly,iou,0.1709790974855423
336,layer3,xgrad_cam,Cardiomegaly,distance,0.23745059611069025
336,layer4,grad_cam,Cardiomegaly,pointing_game,0.0
336,layer4,grad_cam,Cardiomegaly,energy_box,0.1722448170185089
336,layer4,grad_cam,Cardiomegaly,iou,0.21545694768428802
336,layer4,grad_cam,Cardiomegaly,distance,0.17755774969628513
336,layer4,grad_cam_plus_plus,Cardiomegaly,pointing_game,0.0
336,layer4,grad_cam_plus_plus,Cardiomegaly,energy_box,0.12672947347164154
336,layer4,grad_cam_plus_plus,Cardiomegaly,iou,0.3118523359298706
336,layer4,grad_cam_plus_plus,Cardiomegaly,distance,0.18628691880105713
336,layer4,xgrad_cam,Cardiomegaly,pointing_game,0.0
336,layer4,xgrad_cam,Cardiomegaly,energy_box,0.1722448319196701
336,layer4,xgrad_cam,Cardiomegaly,iou,0.21545694768428802
336,layer4,xgrad_cam,Cardiomegaly,distance,0.17755774969628513
337,layer3,grad_cam,No finding,entropy,15.123844146728516
337,layer3,grad_cam,No finding,top_1pct,0.03524796664714813
337,layer3,grad_cam_plus_plus,No finding,entropy,15.584234237670898
337,layer3,grad_cam_plus_plus,No finding,top_1pct,0.016418781131505966
337,layer3,xgrad_cam,No finding,entropy,15.08158016204834
337,layer3,xgrad_cam,No finding,top_1pct,0.03769926726818085
337,layer4,grad_cam,No finding,entropy,14.434141159057617
337,layer4,grad_cam,No finding,top_1pct,0.04923449084162712
337,layer4,grad_cam_plus_plus,No finding,entropy,14.861482620239258
337,layer4,grad_cam_plus_plus,No finding,top_1pct,0.042611587792634964
337,layer4,xgrad_cam,No finding,entropy,14.434141159057617
337,layer4,xgrad_cam,No finding,top_1pct,0.049234483391046524
338,layer3,grad_cam,No finding,entropy,14.956315040588379
338,layer3,grad_cam,No finding,top_1pct,0.03781874477863312
338,layer3,grad_cam_plus_plus,No finding,entropy,15.585164070129395
338,layer3,grad_cam_plus_plus,No finding,top_1pct,0.017602497711777687
338,layer3,xgrad_cam,No finding,entropy,15.10273551940918
338,layer3,xgrad_cam,No finding,top_1pct,0.03289015591144562
338,layer4,grad_cam,No finding,entropy,14.973638534545898
338,layer4,grad_cam,No finding,top_1pct,0.03518417477607727
338,layer4,grad_cam_plus_plus,No finding,entropy,15.173434257507324
338,layer4,grad_cam_plus_plus,No finding,top_1pct,0.03100285865366459
338,layer4,xgrad_cam,No finding,entropy,14.973640441894531
338,layer4,xgrad_cam,No finding,top_1pct,0.03518417477607727
339,layer3,grad_cam,No finding,entropy,15.073336601257324
339,layer3,grad_cam,No finding,top_1pct,0.03815799206495285
339,layer3,grad_cam_plus_plus,No finding,entropy,15.582035064697266
339,layer3,grad_cam_plus_plus,No finding,top_1pct,0.020211635157465935
339,layer3,xgrad_cam,No finding,entropy,15.205892562866211
339,layer3,xgrad_cam,No finding,top_1pct,0.034162502735853195
339,layer4,grad_cam,No finding,entropy,14.808843612670898
339,layer4,grad_cam,No finding,top_1pct,0.034953925758600235
339,layer4,grad_cam_plus_plus,No finding,entropy,15.017104148864746
339,layer4,grad_cam_plus_plus,No finding,top_1pct,0.03184656426310539
339,layer4,xgrad_cam,No finding,entropy,14.808843612670898
339,layer4,xgrad_cam,No finding,top_1pct,0.034953925758600235
340,layer3,grad_cam,No finding,entropy,15.301324844360352
340,layer3,grad_cam,No finding,top_1pct,0.04061507433652878
340,layer3,grad_cam_plus_plus,No finding,entropy,15.390533447265625
340,layer3,grad_cam_plus_plus,No finding,top_1pct,0.05049914866685867
340,layer3,xgrad_cam,No finding,entropy,14.938910484313965
340,layer3,xgrad_cam,No finding,top_1pct,0.08638161420822144
340,layer4,grad_cam,No finding,entropy,14.60379409790039
340,layer4,grad_cam,No finding,top_1pct,0.04053355008363724
340,layer4,grad_cam_plus_plus,No finding,entropy,14.851602554321289
340,layer4,grad_cam_plus_plus,No finding,top_1pct,0.03804794326424599
340,layer4,xgrad_cam,No finding,entropy,14.603796005249023
340,layer4,xgrad_cam,No finding,top_1pct,0.04053355008363724
341,layer3,grad_cam,No finding,entropy,14.754226684570312
341,layer3,grad_cam,No finding,top_1pct,0.07433100789785385
341,layer3,grad_cam_plus_plus,No finding,entropy,15.583805084228516
341,layer3,grad_cam_plus_plus,No finding,top_1pct,0.018338918685913086
341,layer3,xgrad_cam,No finding,entropy,15.05623722076416
341,layer3,xgrad_cam,No finding,top_1pct,0.07223102450370789
341,layer4,grad_cam,No finding,entropy,14.963327407836914
341,layer4,grad_cam,No finding,top_1pct,0.03221609443426132
341,layer4,grad_cam_plus_plus,No finding,entropy,15.126379013061523
341,layer4,grad_cam_plus_plus,No finding,top_1pct,0.029292544350028038
341,layer4,xgrad_cam,No finding,entropy,14.963327407836914
341,layer4,xgrad_cam,No finding,top_1pct,0.032216090708971024
342,layer3,grad_cam,No finding,entropy,15.041793823242188
342,layer3,grad_cam,No finding,top_1pct,0.04321356117725372
342,layer3,grad_cam_plus_plus,No finding,entropy,15.593757629394531
342,layer3,grad_cam_plus_plus,No finding,top_1pct,0.017718415707349777
342,layer3,xgrad_cam,No finding,entropy,15.030473709106445
342,layer3,xgrad_cam,No finding,top_1pct,0.0415540486574173
342,layer4,grad_cam,No finding,entropy,14.682515144348145
342,layer4,grad_cam,No finding,top_1pct,0.04468880221247673
342,layer4,grad_cam_plus_plus,No finding,entropy,15.063953399658203
342,layer4,grad_cam_plus_plus,No finding,top_1pct,0.036801088601350784
342,layer4,xgrad_cam,No finding,entropy,14.682514190673828
342,layer4,xgrad_cam,No finding,top_1pct,0.04468879476189613
343,layer3,grad_cam,No finding,entropy,15.174080848693848
343,layer3,grad_cam,No finding,top_1pct,0.032725173979997635
343,layer3,grad_cam_plus_plus,No finding,entropy,15.583191871643066
343,layer3,grad_cam_plus_plus,No finding,top_1pct,0.017618412151932716
343,layer3,xgrad_cam,No finding,entropy,15.33034896850586
343,layer3,xgrad_cam,No finding,top_1pct,0.02851531095802784
343,layer4,grad_cam,No finding,entropy,14.58491039276123
343,layer4,grad_cam,No finding,top_1pct,0.04331555217504501
343,layer4,grad_cam_plus_plus,No finding,entropy,15.003039360046387
343,layer4,grad_cam_plus_plus,No finding,top_1pct,0.03597956895828247
343,layer4,xgrad_cam,No finding,entropy,14.584909439086914
343,layer4,xgrad_cam,No finding,top_1pct,0.04331555217504501
344,layer3,grad_cam,Aortic enlargement,pointing_game,0.0
344,layer3,grad_cam,Aortic enlargement,energy_box,0.0071222856640815735
344,layer3,grad_cam,Aortic enlargement,iou,0.0
344,layer3,grad_cam,Aortic enlargement,distance,1.2841279289135532
344,layer3,grad_cam_plus_plus,Aortic enlargement,pointing_game,0.0
344,layer3,grad_cam_plus_plus,Aortic enlargement,energy_box,0.016094530001282692
344,layer3,grad_cam_plus_plus,Aortic enlargement,iou,0.0
344,layer3,grad_cam_plus_plus,Aortic enlargement,distance,2.2467304467270646
344,layer3,xgrad_cam,Aortic enlargement,pointing_game,0.0
344,layer3,xgrad_cam,Aortic enlargement,energy_box,0.010403838939964771
344,layer3,xgrad_cam,Aortic enlargement,iou,0.0
344,layer3,xgrad_cam,Aortic enlargement,distance,1.8714715851733472
344,layer4,grad_cam,Aortic enlargement,pointing_game,0.0
344,layer4,grad_cam,Aortic enlargement,energy_box,0.029666392132639885
344,layer4,grad_cam,Aortic enlargement,iou,0.018925441429018974
344,layer4,grad_cam,Aortic enlargement,distance,0.847270492686909
344,layer4,grad_cam_plus_plus,Aortic enlargement,pointing_game,0.0
344,layer4,grad_cam_plus_plus,Aortic enlargement,energy_box,0.02437133528292179
344,layer4,grad_cam_plus_plus,Aortic enlargement,iou,0.030417827889323235
344,layer4,grad_cam_plus_plus,Aortic enlargement,distance,1.8004672780839288
344,layer4,xgrad_cam,Aortic enlargement,pointing_game,0.0
344,layer4,xgrad_cam,Aortic enlargement,energy_box,0.029666392132639885
344,layer4,xgrad_cam,Aortic enlargement,iou,0.018925441429018974
344,layer4,xgrad_cam,Aortic enlargement,distance,0.847270492686909
344,layer3,grad_cam,Nodule/Mass,pointing_game,0.0
344,layer3,grad_cam,Nodule/Mass,energy_box,0.0
344,layer3,grad_cam,Nodule/Mass,iou,0.0
344,layer3,grad_cam,Nodule/Mass,distance,11.320154864791437
344,layer3,grad_cam_plus_plus,Nodule/Mass,pointing_game,0.0
344,layer3,grad_cam_plus_plus,Nodule/Mass,energy_box,0.0008193768444471061
344,layer3,grad_cam_plus_plus,Nodule/Mass,iou,0.000307455804431811
344,layer3,grad_cam_plus_plus,Nodule/Mass,distance,7.439065289557519
344,layer3,xgrad_cam,Nodule/Mass,pointing_game,0.0
344,layer3,xgrad_cam,Nodule/Mass,energy_box,0.0
344,layer3,xgrad_cam,Nodule/Mass,iou,0.0
344,layer3,xgrad_cam,Nodule/Mass,distance,14.049753074227212
344,layer4,grad_cam,Nodule/Mass,pointing_game,0.0
344,layer4,grad_cam,Nodule/Mass,energy_box,0.0
344,layer4,grad_cam,Nodule/Mass,iou,0.0
344,layer4,grad_cam,Nodule/Mass,distance,12.956905876828394
344,layer4,grad_cam_plus_plus,Nodule/Mass,pointing_game,0.0
344,layer4,grad_cam_plus_plus,Nodule/Mass,energy_box,0.0012985040666535497
344,layer4,grad_cam_plus_plus,Nodule/Mass,iou,0.001155496807768941
344,layer4,grad_cam_plus_plus,Nodule/Mass,distance,3.870010116090937
344,layer4,xgrad_cam,Nodule/Mass,pointing_game,0.0
344,layer4,xgrad_cam,Nodule/Mass,energy_box,0.0
344,layer4,xgrad_cam,Nodule/Mass,iou,0.0
344,layer4,xgrad_cam,Nodule/Mass,distance,12.956905876828394
345,layer3,grad_cam,Consolidation,pointing_game,0.0
345,layer3,grad_cam,Consolidation,energy_box,2.3099311874830164e-05
345,layer3,grad_cam,Consolidation,iou,0.0
345,layer3,grad_cam,Consolidation,distance,2.318117594824738
345,layer3,grad_cam_plus_plus,Consolidation,pointing_game,0.0
345,layer3,grad_cam_plus_plus,Consolidation,energy_box,0.014177328906953335
345,layer3,grad_cam_plus_plus,Consolidation,iou,0.0
345,layer3,grad_cam_plus_plus,Consolidation,distance,3.6935579194395234
345,layer3,xgrad_cam,Consolidation,pointing_game,0.0
345,layer3,xgrad_cam,Consolidation,energy_box,4.206050653010607e-05
345,layer3,xgrad_cam,Consolidation,iou,0.0
345,layer3,xgrad_cam,Consolidation,distance,2.318117594824738
345,layer4,grad_cam,Consolidation,pointing_game,0.0
345,layer4,grad_cam,Consolidation,energy_box,0.0
345,layer4,grad_cam,Consolidation,iou,0.0
345,layer4,grad_cam,Consolidation,distance,3.6134289565077458
345,layer4,grad_cam_plus_plus,Consolidation,pointing_game,1.0
345,layer4,grad_cam_plus_plus,Consolidation,energy_box,0.06057780236005783
345,layer4,grad_cam_plus_plus,Consolidation,iou,0.1244802176952362
345,layer4,grad_cam_plus_plus,Consolidation,distance,0.1559627769266134
345,layer4,xgrad_cam,Consolidation,pointing_game,0.0
345,layer4,xgrad_cam,Consolidation,energy_box,0.0
345,layer4,xgrad_cam,Consolidation,iou,0.0
345,layer4,xgrad_cam,Consolidation,distance,3.6134289565077458
345,layer3,grad_cam,Lung Opacity,pointing_game,0.0
345,layer3,grad_cam,Lung Opacity,energy_box,0.0
345,layer3,grad_cam,Lung Opacity,iou,0.0
345,layer3,grad_cam,Lung Opacity,distance,1.6925956254712566
345,layer3,grad_cam_plus_plus,Lung Opacity,pointing_game,0.0
345,layer3,grad_cam_plus_plus,Lung Opacity,energy_box,0.0182572640478611
345,layer3,grad_cam_plus_plus,Lung Opacity,iou,0.023465391248464584
345,layer3,grad_cam_plus_plus,Lung Opacity,distance,1.9525631749068748
345,layer3,xgrad_cam,Lung Opacity,pointing_game,0.0
345,layer3,xgrad_cam,Lung Opacity,energy_box,0.0
345,layer3,xgrad_cam,Lung Opacity,iou,0.0
345,layer3,xgrad_cam,Lung Opacity,distance,1.6925956254712566
345,layer4,grad_cam,Lung Opacity,pointing_game,0.0
345,layer4,grad_cam,Lung Opacity,energy_box,0.0005470830365084112
345,layer4,grad_cam,Lung Opacity,iou,0.0
345,layer4,grad_cam,Lung Opacity,distance,3.602630147732536
345,layer4,grad_cam_plus_plus,Lung Opacity,pointing_game,0.0
345,layer4,grad_cam_plus_plus,Lung Opacity,energy_box,0.014859398826956749
345,layer4,grad_cam_plus_plus,Lung Opacity,iou,0.0
345,layer4,grad_cam_plus_plus,Lung Opacity,distance,1.6416263433614824
345,layer4,xgrad_cam,Lung Opacity,pointing_game,0.0
345,layer4,xgrad_cam,Lung Opacity,energy_box,0.0005470789037644863
345,layer4,xgrad_cam,Lung Opacity,iou,0.0
345,layer4,xgrad_cam,Lung Opacity,distance,3.602630147732536
345,layer3,grad_cam,Nodule/Mass,pointing_game,0.0
345,layer3,grad_cam,Nodule/Mass,energy_box,0.00014032066974323243
345,layer3,grad_cam,Nodule/Mass,iou,0.0
345,layer3,grad_cam,Nodule/Mass,distance,3.1910872301846083
345,layer3,grad_cam_plus_plus,Nodule/Mass,pointing_game,0.0
345,layer3,grad_cam_plus_plus,Nodule/Mass,energy_box,0.013342572376132011
345,layer3,grad_cam_plus_plus,Nodule/Mass,iou,0.005836262367665768
345,layer3,grad_cam_plus_plus,Nodule/Mass,distance,4.063403433630195
345,layer3,xgrad_cam,Nodule/Mass,pointing_game,0.0
345,layer3,xgrad_cam,Nodule/Mass,energy_box,0.0002895875368267298
345,layer3,xgrad_cam,Nodule/Mass,iou,0.0
345,layer3,xgrad_cam,Nodule/Mass,distance,3.2043392117516993
345,layer4,grad_cam,Nodule/Mass,pointing_game,0.0
345,layer4,grad_cam,Nodule/Mass,energy_box,0.0
345,layer4,grad_cam,Nodule/Mass,iou,0.0
345,layer4,grad_cam,Nodule/Mass,distance,2.7081749277657243
345,layer4,grad_cam_plus_plus,Nodule/Mass,pointing_game,1.0
345,layer4,grad_cam_plus_plus,Nodule/Mass,energy_box,0.04916679859161377
345,layer4,grad_cam_plus_plus,Nodule/Mass,iou,0.10851418972015381
345,layer4,grad_cam_plus_plus,Nodule/Mass,distance,0.16902767883961464
345,layer4,xgrad_cam,Nodule/Mass,pointing_game,0.0
345,layer4,xgrad_cam,Nodule/Mass,energy_box,0.0
345,layer4,xgrad_cam,Nodule/Mass,iou,0.0
345,layer4,xgrad_cam,Nodule/Mass,distance,2.7081749277657243
346,layer3,grad_cam,No finding,entropy,14.985053062438965
346,layer3,grad_cam,No finding,top_1pct,0.036305706948041916
346,layer3,grad_cam_plus_plus,No finding,entropy,15.58563232421875
346,layer3,grad_cam_plus_plus,No finding,top_1pct,0.016524787992239
346,layer3,xgrad_cam,No finding,entropy,15.169191360473633
346,layer3,xgrad_cam,No finding,top_1pct,0.03225937485694885
346,layer4,grad_cam,No finding,entropy,14.691385269165039
346,layer4,grad_cam,No finding,top_1pct,0.04218485578894615
346,layer4,grad_cam_plus_plus,No finding,entropy,15.059267044067383
346,layer4,grad_cam_plus_plus,No finding,top_1pct,0.03595808148384094
346,layer4,xgrad_cam,No finding,entropy,14.691385269165039
346,layer4,xgrad_cam,No finding,top_1pct,0.04218485578894615
347,layer3,grad_cam,No finding,entropy,14.79312515258789
347,layer3,grad_cam,No finding,top_1pct,0.049247074872255325
347,layer3,grad_cam_plus_plus,No finding,entropy,15.584636688232422
347,layer3,grad_cam_plus_plus,No finding,top_1pct,0.016214696690440178
347,layer3,xgrad_cam,No finding,entropy,15.072965621948242
347,layer3,xgrad_cam,No finding,top_1pct,0.043709125369787216
347,layer4,grad_cam,No finding,entropy,14.573094367980957
347,layer4,grad_cam,No finding,top_1pct,0.04460715875029564
347,layer4,grad_cam_plus_plus,No finding,entropy,14.947993278503418
347,layer4,grad_cam_plus_plus,No finding,top_1pct,0.03879786655306816
347,layer4,xgrad_cam,No finding,entropy,14.573094367980957
347,layer4,xgrad_cam,No finding,top_1pct,0.04460716247558594
348,layer3,grad_cam,No finding,entropy,15.009969711303711
348,layer3,grad_cam,No finding,top_1pct,0.04166104644536972
348,layer3,grad_cam_plus_plus,No finding,entropy,15.588852882385254
348,layer3,grad_cam_plus_plus,No finding,top_1pct,0.01670333556830883
348,layer3,xgrad_cam,No finding,entropy,15.016473770141602
348,layer3,xgrad_cam,No finding,top_1pct,0.04388365149497986
348,layer4,grad_cam,No finding,entropy,14.355234146118164
348,layer4,grad_cam,No finding,top_1pct,0.04981650784611702
348,layer4,grad_cam_plus_plus,No finding,entropy,14.928544998168945
348,layer4,grad_cam_plus_plus,No finding,top_1pct,0.03860247880220413
348,layer4,xgrad_cam,No finding,entropy,14.355234146118164
348,layer4,xgrad_cam,No finding,top_1pct,0.04981650784611702
349,layer3,grad_cam,Aortic enlargement,pointing_game,0.0
349,layer3,grad_cam,Aortic enlargement,energy_box,0.08156197518110275
349,layer3,grad_cam,Aortic enlargement,iou,0.0
349,layer3,grad_cam,Aortic enlargement,distance,0.9708916171969647
349,layer3,grad_cam_plus_plus,Aortic enlargement,pointing_game,0.0
349,layer3,grad_cam_plus_plus,Aortic enlargement,energy_box,0.05084877833724022
349,layer3,grad_cam_plus_plus,Aortic enlargement,iou,0.04997862130403519
349,layer3,grad_cam_plus_plus,Aortic enlargement,distance,1.7339190683217223
349,layer3,xgrad_cam,Aortic enlargement,pointing_game,0.0
349,layer3,xgrad_cam,Aortic enlargement,energy_box,0.04829102009534836
349,layer3,xgrad_cam,Aortic enlargement,iou,0.0
349,layer3,xgrad_cam,Aortic enlargement,distance,0.9708916171969647
349,layer4,grad_cam,Aortic enlargement,pointing_game,0.0
349,layer4,grad_cam,Aortic enlargement,energy_box,0.11175220459699631
349,layer4,grad_cam,Aortic enlargement,iou,0.15909893810749054
349,layer4,grad_cam,Aortic enlargement,distance,0.4834489756754817
349,layer4,grad_cam_plus_plus,Aortic enlargement,pointing_game,0.0
349,layer4,grad_cam_plus_plus,Aortic enlargement,energy_box,0.09535098075866699
349,layer4,grad_cam_plus_plus,Aortic enlargement,iou,0.21710459887981415
349,layer4,grad_cam_plus_plus,Aortic enlargement,distance,0.4834489756754817
349,layer4,xgrad_cam,Aortic enlargement,pointing_game,0.0
349,layer4,xgrad_cam,Aortic enlargement,energy_box,0.1117522194981575
349,layer4,xgrad_cam,Aortic enlargement,iou,0.15909893810749054
349,layer4,xgrad_cam,Aortic enlargement,distance,0.4834489756754817
349,layer3,grad_cam,Lung Opacity,pointing_game,0.0
349,layer3,grad_cam,Lung Opacity,energy_box,0.03477079048752785
349,layer3,grad_cam,Lung Opacity,iou,0.02928587608039379
349,layer3,grad_cam,Lung Opacity,distance,0.4824868978064443
349,layer3,grad_cam_plus_plus,Lung Opacity,pointing_game,0.0
349,layer3,grad_cam_plus_plus,Lung Opacity,energy_box,0.027890721336007118
349,layer3,grad_cam_plus_plus,Lung Opacity,iou,0.02166745252907276
349,layer3,grad_cam_plus_plus,Lung Opacity,distance,3.2377364236585735
349,layer3,xgrad_cam,Lung Opacity,pointing_game,0.0
349,layer3,xgrad_cam,Lung Opacity,energy_box,0.025075692683458328
349,layer3,xgrad_cam,Lung Opacity,iou,0.02413793094456196
349,layer3,xgrad_cam,Lung Opacity,distance,0.4824868978064443
349,layer4,grad_cam,Lung Opacity,pointing_game,0.0
349,layer4,grad_cam,Lung Opacity,energy_box,0.07764142006635666
349,layer4,grad_cam,Lung Opacity,iou,0.09502969682216644
349,layer4,grad_cam,Lung Opacity,distance,0.9228181612381187
349,layer4,grad_cam_plus_plus,Lung Opacity,pointing_game,1.0
349,layer4,grad_cam_plus_plus,Lung Opacity,energy_box,0.06386206299066544
349,layer4,grad_cam_plus_plus,Lung Opacity,iou,0.14230877161026
349,layer4,grad_cam_plus_plus,Lung Opacity,distance,0.3757672377396116
349,layer4,xgrad_cam,Lung Opacity,pointing_game,0.0
349,layer4,xgrad_cam,Lung Opacity,energy_box,0.07764142006635666
349,layer4,xgrad_cam,Lung Opacity,iou,0.09502969682216644
349,layer4,xgrad_cam,Lung Opacity,distance,0.9228181612381187
349,layer3,grad_cam,Pleural thickening,pointing_game,0.0
349,layer3,grad_cam,Pleural thickening,energy_box,0.004774403292685747
349,layer3,grad_cam,Pleural thickening,iou,0.0
349,layer3,grad_cam,Pleural thickening,distance,1.1590596810242353
349,layer3,grad_cam_plus_plus,Pleural thickening,pointing_game,0.0
349,layer3,grad_cam_plus_plus,Pleural thickening,energy_box,0.0036928586196154356
349,layer3,grad_cam_plus_plus,Pleural thickening,iou,0.002201269380748272
349,layer3,grad_cam_plus_plus,Pleural thickening,distance,2.5704308739654538
349,layer3,xgrad_cam,Pleural thickening,pointing_game,0.0
349,layer3,xgrad_cam,Pleural thickening,energy_box,0.005064828786998987
349,layer3,xgrad_cam,Pleural thickening,iou,0.0
349,layer3,xgrad_cam,Pleural thickening,distance,1.1590596810242353
349,layer4,grad_cam,Pleural thickening,pointing_game,0.0
349,layer4,grad_cam,Pleural thickening,energy_box,0.003932541236281395
349,layer4,grad_cam,Pleural thickening,iou,0.0
349,layer4,grad_cam,Pleural thickening,distance,2.2427040181046443
349,layer4,grad_cam_plus_plus,Pleural thickening,pointing_game,0.0
349,layer4,grad_cam_plus_plus,Pleural thickening,energy_box,0.0034953919239342213
349,layer4,grad_cam_plus_plus,Pleural thickening,iou,0.006609445903450251
349,layer4,grad_cam_plus_plus,Pleural thickening,distance,2.9785926483140894
349,layer4,xgrad_cam,Pleural thickening,pointing_game,0.0
349,layer4,xgrad_cam,Pleural thickening,energy_box,0.003932543098926544
349,layer4,xgrad_cam,Pleural thickening,iou,0.0
349,layer4,xgrad_cam,Pleural thickening,distance,2.2427040181046443
349,layer3,grad_cam,Pulmonary fibrosis,pointing_game,0.0
349,layer3,grad_cam,Pulmonary fibrosis,energy_box,0.02406848967075348
349,layer3,grad_cam,Pulmonary fibrosis,iou,0.005527210887521505
349,layer3,grad_cam,Pulmonary fibrosis,distance,1.6941212975492568
349,layer3,grad_cam_plus_plus,Pulmonary fibrosis,pointing_game,0.0
349,layer3,grad_cam_plus_plus,Pulmonary fibrosis,energy_box,0.026889659464359283
349,layer3,grad_cam_plus_plus,Pulmonary fibrosis,iou,0.016569459810853004
349,layer3,grad_cam_plus_plus,Pulmonary fibrosis,distance,3.397672651220118
349,layer3,xgrad_cam,Pulmonary fibrosis,pointing_game,0.0
349,layer3,xgrad_cam,Pulmonary fibrosis,energy_box,0.016400553286075592
349,layer3,xgrad_cam,Pulmonary fibrosis,iou,0.0
349,layer3,xgrad_cam,Pulmonary fibrosis,distance,2.232901661290496
349,layer4,grad_cam,Pulmonary fibrosis,pointing_game,0.0
349,layer4,grad_cam,Pulmonary fibrosis,energy_box,0.016405973583459854
349,layer4,grad_cam,Pulmonary fibrosis,iou,0.0
349,layer4,grad_cam,Pulmonary fibrosis,distance,1.50156265094639
349,layer4,grad_cam_plus_plus,Pulmonary fibrosis,pointing_game,1.0
349,layer4,grad_cam_plus_plus,Pulmonary fibrosis,energy_box,0.052040357142686844
349,layer4,grad_cam_plus_plus,Pulmonary fibrosis,iou,0.08887849003076553
349,layer4,grad_cam_plus_plus,Pulmonary fibrosis,distance,0.41478989948147676
349,layer4,xgrad_cam,Pulmonary fibrosis,pointing_game,0.0
349,layer4,xgrad_cam,Pulmonary fibrosis,energy_box,0.016405940055847168
349,layer4,xgrad_cam,Pulmonary fibrosis,iou,0.0
349,layer4,xgrad_cam,Pulmonary fibrosis,distance,1.50156265094639
350,layer3,grad_cam,No finding,entropy,14.836091041564941
350,layer3,grad_cam,No finding,top_1pct,0.04377012327313423
350,layer3,grad_cam_plus_plus,No finding,entropy,15.59100341796875
350,layer3,grad_cam_plus_plus,No finding,top_1pct,0.016460904851555824
350,layer3,xgrad_cam,No finding,entropy,14.706721305847168
350,layer3,xgrad_cam,No finding,top_1pct,0.06346675008535385
350,layer4,grad_cam,No finding,entropy,14.529358863830566
350,layer4,grad_cam,No finding,top_1pct,0.044102925807237625
350,layer4,grad_cam_plus_plus,No finding,entropy,15.069128036499023
350,layer4,grad_cam_plus_plus,No finding,top_1pct,0.03277621418237686
350,layer4,xgrad_cam,No finding,entropy,14.529359817504883
350,layer4,xgrad_cam,No finding,top_1pct,0.044102925807237625
351,layer3,grad_cam,No finding,entropy,14.928116798400879
351,layer3,grad_cam,No finding,top_1pct,0.038251083344221115
351,layer3,grad_cam_plus_plus,No finding,entropy,15.427234649658203
351,layer3,grad_cam_plus_plus,No finding,top_1pct,0.04647677391767502
351,layer3,xgrad_cam,No finding,entropy,14.993814468383789
351,layer3,xgrad_cam,No finding,top_1pct,0.08327430486679077
351,layer4,grad_cam,No finding,entropy,14.744818687438965
351,layer4,grad_cam,No finding,top_1pct,0.035743348300457
351,layer4,grad_cam_plus_plus,No finding,entropy,14.98093032836914
351,layer4,grad_cam_plus_plus,No finding,top_1pct,0.032722219824790955
351,layer4,xgrad_cam,No finding,entropy,14.744817733764648
351,layer4,xgrad_cam,No finding,top_1pct,0.035743348300457
352,layer3,grad_cam,No finding,entropy,14.581083297729492
352,layer3,grad_cam,No finding,top_1pct,0.06843067705631256
352,layer3,grad_cam_plus_plus,No finding,entropy,15.574100494384766
352,layer3,grad_cam_plus_plus,No finding,top_1pct,0.01729493960738182
352,layer3,xgrad_cam,No finding,entropy,14.84131145477295
352,layer3,xgrad_cam,No finding,top_1pct,0.061174873262643814
352,layer4,grad_cam,No finding,entropy,14.50561809539795
352,layer4,grad_cam,No finding,top_1pct,0.055259186774492264
352,layer4,grad_cam_plus_plus,No finding,entropy,14.991581916809082
352,layer4,grad_cam_plus_plus,No finding,top_1pct,0.04427960887551308
352,layer4,xgrad_cam,No finding,entropy,14.505619049072266
352,layer4,xgrad_cam,No finding,top_1pct,0.05525919422507286
353,layer3,grad_cam,Aortic enlargement,pointing_game,0.0
353,layer3,grad_cam,Aortic enlargement,energy_box,0.04122483730316162
353,layer3,grad_cam,Aortic enlargement,iou,0.03739612177014351
353,layer3,grad_cam,Aortic enlargement,distance,0.788668337275323
353,layer3,grad_cam_plus_plus,Aortic enlargement,pointing_game,0.0
353,layer3,grad_cam_plus_plus,Aortic enlargement,energy_box,0.01463519036769867
353,layer3,grad_cam_plus_plus,Aortic enlargement,iou,0.020781604573130608
353,layer3,grad_cam_plus_plus,Aortic enlargement,distance,2.3142129120391988
353,layer3,xgrad_cam,Aortic enlargement,pointing_game,0.0
353,layer3,xgrad_cam,Aortic enlargement,energy_box,0.039586834609508514
353,layer3,xgrad_cam,Aortic enlargement,iou,0.03792325034737587
353,layer3,xgrad_cam,Aortic enlargement,distance,0.788668337275323
353,layer4,grad_cam,Aortic enlargement,pointing_game,0.0
353,layer4,grad_cam,Aortic enlargement,energy_box,0.029469871893525124
353,layer4,grad_cam,Aortic enlargement,iou,0.07844745367765427
353,layer4,grad_cam,Aortic enlargement,distance,0.8490225802768874
353,layer4,grad_cam_plus_plus,Aortic enlargement,pointing_game,0.0
353,layer4,grad_cam_plus_plus,Aortic enlargement,energy_box,0.021749356761574745
353,layer4,grad_cam_plus_plus,Aortic enlargement,iou,0.06101951748132706
353,layer4,grad_cam_plus_plus,Aortic enlargement,distance,1.7937648720567716
353,layer4,xgrad_cam,Aortic enlargement,pointing_game,0.0
353,layer4,xgrad_cam,Aortic enlargement,energy_box,0.029469873756170273
353,layer4,xgrad_cam,Aortic enlargement,iou,0.07844745367765427
353,layer4,xgrad_cam,Aortic enlargement,distance,0.8490225802768874
353,layer3,grad_cam,Cardiomegaly,pointing_game,1.0
353,layer3,grad_cam,Cardiomegaly,energy_box,0.126084104180336
353,layer3,grad_cam,Cardiomegaly,iou,0.14955462515354156
353,layer3,grad_cam,Cardiomegaly,distance,0.11631698015124091
353,layer3,grad_cam_plus_plus,Cardiomegaly,pointing_game,1.0
353,layer3,grad_cam_plus_plus,Cardiomegaly,energy_box,0.061794690787792206
353,layer3,grad_cam_plus_plus,Cardiomegaly,iou,0.060362864285707474
353,layer3,grad_cam_plus_plus,Cardiomegaly,distance,0.0867769651641489
353,layer3,xgrad_cam,Cardiomegaly,pointing_game,0.0
353,layer3,xgrad_cam,Cardiomegaly,energy_box,0.11737221479415894
353,layer3,xgrad_cam,Cardiomegaly,iou,0.13871245086193085
353,layer3,xgrad_cam,Cardiomegaly,distance,0.23487836674725796
353,layer4,grad_cam,Cardiomegaly,pointing_game,1.0
353,layer4,grad_cam,Cardiomegaly,energy_box,0.14122524857521057
353,layer4,grad_cam,Cardiomegaly,iou,0.17470838129520416
353,layer4,grad_cam,Cardiomegaly,distance,0.44345275229300385
353,layer4,grad_cam_plus_plus,Cardiomegaly,pointing_game,1.0
353,layer4,grad_cam_plus_plus,Cardiomegaly,energy_box,0.14675216376781464
353,layer4,grad_cam_plus_plus,Cardiomegaly,iou,0.3087712228298187
353,layer4,grad_cam_plus_plus,Cardiomegaly,distance,0.13120228082640836
353,layer4,xgrad_cam,Cardiomegaly,pointing_game,1.0
353,layer4,xgrad_cam,Cardiomegaly,energy_box,0.14122524857521057
353,layer4,xgrad_cam,Cardiomegaly,iou,0.17470838129520416
353,layer4,xgrad_cam,Cardiomegaly,distance,0.44345275229300385
353,layer3,grad_cam,Other lesion,pointing_game,0.0
353,layer3,grad_cam,Other lesion,energy_box,0.022264430299401283
353,layer3,grad_cam,Other lesion,iou,0.016791272908449173
353,layer3,grad_cam,Other lesion,distance,3.7761181051119923
353,layer3,grad_cam_plus_plus,Other lesion,pointing_game,0.0
353,layer3,grad_cam_plus_plus,Other lesion,energy_box,0.019978996366262436
353,layer3,grad_cam_plus_plus,Other lesion,iou,0.010833078995347023
353,layer3,grad_cam_plus_plus,Other lesion,distance,2.353609426045799
353,layer3,xgrad_cam,Other lesion,pointing_game,0.0
353,layer3,xgrad_cam,Other lesion,energy_box,0.01102360524237156
353,layer3,xgrad_cam,Other lesion,iou,0.0
353,layer3,xgrad_cam,Other lesion,distance,3.7761181051119923
353,layer4,grad_cam,Other lesion,pointing_game,0.0
353,layer4,grad_cam,Other lesion,energy_box,0.0
353,layer4,grad_cam,Other lesion,iou,0.0
353,layer4,grad_cam,Other lesion,distance,3.9156873063713684
353,layer4,grad_cam_plus_plus,Other lesion,pointing_game,0.0
353,layer4,grad_cam_plus_plus,Other lesion,energy_box,0.039043232798576355
353,layer4,grad_cam_plus_plus,Other lesion,iou,0.06322121620178223
353,layer4,grad_cam_plus_plus,Other lesion,distance,0.6297193045773911
353,layer4,xgrad_cam,Other lesion,pointing_game,0.0
353,layer4,xgrad_cam,Other lesion,energy_box,0.0
353,layer4,xgrad_cam,Other lesion,iou,0.0
353,layer4,xgrad_cam,Other lesion,distance,3.9156873063713684
353,layer3,grad_cam,Pleural thickening,pointing_game,0.0
353,layer3,grad_cam,Pleural thickening,energy_box,0.045602280646562576
353,layer3,grad_cam,Pleural thickening,iou,0.11879221349954605
353,layer3,grad_cam,Pleural thickening,distance,1.4060301827321116
353,layer3,grad_cam_plus_plus,Pleural thickening,pointing_game,0.0
353,layer3,grad_cam_plus_plus,Pleural thickening,energy_box,0.013379443436861038
353,layer3,grad_cam_plus_plus,Pleural thickening,iou,0.016331303864717484
353,layer3,grad_cam_plus_plus,Pleural thickening,distance,0.6820115127342271
353,layer3,xgrad_cam,Pleural thickening,pointing_game,0.0
353,layer3,xgrad_cam,Pleural thickening,energy_box,0.03679082915186882
353,layer3,xgrad_cam,Pleural thickening,iou,0.0017873101169243455
353,layer3,xgrad_cam,Pleural thickening,distance,1.4060301827321116
353,layer4,grad_cam,Pleural thickening,pointing_game,0.0
353,layer4,grad_cam,Pleural thickening,energy_box,2.0306415535742417e-05
353,layer4,grad_cam,Pleural thickening,iou,0.0
353,layer4,grad_cam,Pleural thickening,distance,1.667254894162904
353,layer4,grad_cam_plus_plus,Pleural thickening,pointing_game,0.0
353,layer4,grad_cam_plus_plus,Pleural thickening,energy_box,0.007203380111604929
353,layer4,grad_cam_plus_plus,Pleural thickening,iou,0.0
353,layer4,grad_cam_plus_plus,Pleural thickening,distance,2.5172499884847013
353,layer4,xgrad_cam,Pleural thickening,pointing_game,0.0
353,layer4,xgrad_cam,Pleural thickening,energy_box,2.0306461010477506e-05
353,layer4,xgrad_cam,Pleural thickening,iou,0.0
353,layer4,xgrad_cam,Pleural thickening,distance,1.667254894162904
353,layer3,grad_cam,Pulmonary fibrosis,pointing_game,0.0
353,layer3,grad_cam,Pulmonary fibrosis,energy_box,0.0006505452329292893
353,layer3,grad_cam,Pulmonary fibrosis,iou,0.0
353,layer3,grad_cam,Pulmonary fibrosis,distance,3.719286091883248
353,layer3,grad_cam_plus_plus,Pulmonary fibrosis,pointing_game,0.0
353,layer3,grad_cam_plus_plus,Pulmonary fibrosis,energy_box,0.012155575677752495
353,layer3,grad_cam_plus_plus,Pulmonary fibrosis,iou,0.01163433212786913
353,layer3,grad_cam_plus_plus,Pulmonary fibrosis,distance,2.401609985838362
353,layer3,xgrad_cam,Pulmonary fibrosis,pointing_game,0.0
353,layer3,xgrad_cam,Pulmonary fibrosis,energy_box,0.0001926525292219594
353,layer3,xgrad_cam,Pulmonary fibrosis,iou,0.0
353,layer3,xgrad_cam,Pulmonary fibrosis,distance,3.719286091883248
353,layer4,grad_cam,Pulmonary fibrosis,pointing_game,0.0
353,layer4,grad_cam,Pulmonary fibrosis,energy_box,0.0
353,layer4,grad_cam,Pulmonary fibrosis,iou,0.0
353,layer4,grad_cam,Pulmonary fibrosis,distance,4.196460225876263
353,layer4,grad_cam_plus_plus,Pulmonary fibrosis,pointing_game,0.0
353,layer4,grad_cam_plus_plus,Pulmonary fibrosis,energy_box,0.026502860710024834
353,layer4,grad_cam_plus_plus,Pulmonary fibrosis,iou,0.07398076355457306
353,layer4,grad_cam_plus_plus,Pulmonary fibrosis,distance,0.44593000370079366
353,layer4,xgrad_cam,Pulmonary fibrosis,pointing_game,0.0
353,layer4,xgrad_cam,Pulmonary fibrosis,energy_box,0.0
353,layer4,xgrad_cam,Pulmonary fibrosis,iou,0.0
353,layer4,xgrad_cam,Pulmonary fibrosis,distance,4.196460225876263
354,layer3,grad_cam,Lung Opacity,pointing_game,0.0
354,layer3,grad_cam,Lung Opacity,energy_box,0.027514761313796043
354,layer3,grad_cam,Lung Opacity,iou,0.04779788479208946
354,layer3,grad_cam,Lung Opacity,distance,4.522508295651434
354,layer3,grad_cam_plus_plus,Lung Opacity,pointing_game,0.0
354,layer3,grad_cam_plus_plus,Lung Opacity,energy_box,0.0068869697861373425
354,layer3,grad_cam_plus_plus,Lung Opacity,iou,0.008717402815818787
354,layer3,grad_cam_plus_plus,Lung Opacity,distance,7.7086757250689155
354,layer3,xgrad_cam,Lung Opacity,pointing_game,0.0
354,layer3,xgrad_cam,Lung Opacity,energy_box,0.02178247459232807
354,layer3,xgrad_cam,Lung Opacity,iou,0.023060796782374382
354,layer3,xgrad_cam,Lung Opacity,distance,4.148070173544556
354,layer4,grad_cam,Lung Opacity,pointing_game,0.0
354,layer4,grad_cam,Lung Opacity,energy_box,0.009727909229695797
354,layer4,grad_cam,Lung Opacity,iou,0.0
354,layer4,grad_cam,Lung Opacity,distance,5.856547961470363
354,layer4,grad_cam_plus_plus,Lung Opacity,pointing_game,0.0
354,layer4,grad_cam_plus_plus,Lung Opacity,energy_box,0.011313935741782188
354,layer4,grad_cam_plus_plus,Lung Opacity,iou,0.04713444039225578
354,layer4,grad_cam_plus_plus,Lung Opacity,distance,1.1940192159220717
354,layer4,xgrad_cam,Lung Opacity,pointing_game,0.0
354,layer4,xgrad_cam,Lung Opacity,energy_box,0.009727911092340946
354,layer4,xgrad_cam,Lung Opacity,iou,0.0
354,layer4,xgrad_cam,Lung Opacity,distance,5.856547961470363
354,layer3,grad_cam,Pleural thickening,pointing_game,0.0
354,layer3,grad_cam,Pleural thickening,energy_box,0.01957659050822258
354,layer3,grad_cam,Pleural thickening,iou,0.015793628990650177
354,layer3,grad_cam,Pleural thickening,distance,2.9631662686056828
354,layer3,grad_cam_plus_plus,Pleural thickening,pointing_game,0.0
354,layer3,grad_cam_plus_plus,Pleural thickening,energy_box,0.016653871163725853
354,layer3,grad_cam_plus_plus,Pleural thickening,iou,0.018941013142466545
354,layer3,grad_cam_plus_plus,Pleural thickening,distance,2.246950466667685
354,layer3,xgrad_cam,Pleural thickening,pointing_game,0.0
354,layer3,xgrad_cam,Pleural thickening,energy_box,0.022980010136961937
354,layer3,xgrad_cam,Pleural thickening,iou,0.0014646649360656738
354,layer3,xgrad_cam,Pleural thickening,distance,3.630639930713999
354,layer4,grad_cam,Pleural thickening,pointing_game,0.0
354,layer4,grad_cam,Pleural thickening,energy_box,0.0
354,layer4,grad_cam,Pleural thickening,iou,0.0
354,layer4,grad_cam,Pleural thickening,distance,1.7068804154834827
354,layer4,grad_cam_plus_plus,Pleural thickening,pointing_game,0.0
354,layer4,grad_cam_plus_plus,Pleural thickening,energy_box,0.015781201422214508
354,layer4,grad_cam_plus_plus,Pleural thickening,iou,0.0
354,layer4,grad_cam_plus_plus,Pleural thickening,distance,1.5813064689874412
354,layer4,xgrad_cam,Pleural thickening,pointing_game,0.0
354,layer4,xgrad_cam,Pleural thickening,energy_box,0.0
354,layer4,xgrad_cam,Pleural thickening,iou,0.0
354,layer4,xgrad_cam,Pleural thickening,distance,1.7068804154834827
354,layer3,grad_cam,Pulmonary fibrosis,pointing_game,0.0
354,layer3,grad_cam,Pulmonary fibrosis,energy_box,0.008839956484735012
354,layer3,grad_cam,Pulmonary fibrosis,iou,0.002784739714115858
354,layer3,grad_cam,Pulmonary fibrosis,distance,0.6080363602292882
354,layer3,grad_cam_plus_plus,Pulmonary fibrosis,pointing_game,0.0
354,layer3,grad_cam_plus_plus,Pulmonary fibrosis,energy_box,0.011407716199755669
354,layer3,grad_cam_plus_plus,Pulmonary fibrosis,iou,0.013499864377081394
354,layer3,grad_cam_plus_plus,Pulmonary fibrosis,distance,2.588178900915604
354,layer3,xgrad_cam,Pulmonary fibrosis,pointing_game,0.0
354,layer3,xgrad_cam,Pulmonary fibrosis,energy_box,0.008764260448515415
354,layer3,xgrad_cam,Pulmonary fibrosis,iou,0.0
354,layer3,xgrad_cam,Pulmonary fibrosis,distance,1.7567904332479551
354,layer4,grad_cam,Pulmonary fibrosis,pointing_game,0.0
354,layer4,grad_cam,Pulmonary fibrosis,energy_box,0.002914236392825842
354,layer4,grad_cam,Pulmonary fibrosis,iou,0.0
354,layer4,grad_cam,Pulmonary fibrosis,distance,2.5989482014276315
354,layer4,grad_cam_plus_plus,Pulmonary fibrosis,pointing_game,0.0
354,layer4,grad_cam_plus_plus,Pulmonary fibrosis,energy_box,0.018521424382925034
354,layer4,grad_cam_plus_plus,Pulmonary fibrosis,iou,0.04368174821138382
354,layer4,grad_cam_plus_plus,Pulmonary fibrosis,distance,0.7913940983217709
354,layer4,xgrad_cam,Pulmonary fibrosis,pointing_game,0.0
354,layer4,xgrad_cam,Pulmonary fibrosis,energy_box,0.0029142380226403475
354,layer4,xgrad_cam,Pulmonary fibrosis,iou,0.0
354,layer4,xgrad_cam,Pulmonary fibrosis,distance,2.5989482014276315
355,layer3,grad_cam,No finding,entropy,14.939900398254395
355,layer3,grad_cam,No finding,top_1pct,0.035841893404722214
355,layer3,grad_cam_plus_plus,No finding,entropy,15.390594482421875
355,layer3,grad_cam_plus_plus,No finding,top_1pct,0.050545819103717804
355,layer3,xgrad_cam,No finding,entropy,14.809490203857422
355,layer3,xgrad_cam,No finding,top_1pct,0.0965409204363823
355,layer4,grad_cam,No finding,entropy,14.480098724365234
355,layer4,grad_cam,No finding,top_1pct,0.042746707797050476
355,layer4,grad_cam_plus_plus,No finding,entropy,14.765067100524902
355,layer4,grad_cam_plus_plus,No finding,top_1pct,0.03934197127819061
355,layer4,xgrad_cam,No finding,entropy,14.480097770690918
355,layer4,xgrad_cam,No finding,top_1pct,0.04274670407176018
356,layer3,grad_cam,No finding,entropy,14.870882034301758
356,layer3,grad_cam,No finding,top_1pct,0.04620324447751045
356,layer3,grad_cam_plus_plus,No finding,entropy,15.5825777053833
356,layer3,grad_cam_plus_plus,No finding,top_1pct,0.016864176839590073
356,layer3,xgrad_cam,No finding,entropy,15.140665054321289
356,layer3,xgrad_cam,No finding,top_1pct,0.037585604935884476
356,layer4,grad_cam,No finding,entropy,14.362667083740234
356,layer4,grad_cam,No finding,top_1pct,0.051015522330999374
356,layer4,grad_cam_plus_plus,No finding,entropy,14.9453125
356,layer4,grad_cam_plus_plus,No finding,top_1pct,0.03941408544778824
356,layer4,xgrad_cam,No finding,entropy,14.362667083740234
356,layer4,xgrad_cam,No finding,top_1pct,0.051015522330999374
357,layer3,grad_cam,No finding,entropy,14.710529327392578
357,layer3,grad_cam,No finding,top_1pct,0.06152534857392311
357,layer3,grad_cam_plus_plus,No finding,entropy,15.575361251831055
357,layer3,grad_cam_plus_plus,No finding,top_1pct,0.01770639419555664
357,layer3,xgrad_cam,No finding,entropy,14.82200813293457
357,layer3,xgrad_cam,No finding,top_1pct,0.05983220785856247
357,layer4,grad_cam,No finding,entropy,14.47671127319336
357,layer4,grad_cam,No finding,top_1pct,0.049825459718704224
357,layer4,grad_cam_plus_plus,No finding,entropy,14.889927864074707
357,layer4,grad_cam_plus_plus,No finding,top_1pct,0.0415341816842556
357,layer4,xgrad_cam,No finding,entropy,14.47671127319336
357,layer4,xgrad_cam,No finding,top_1pct,0.049825459718704224
358,layer3,grad_cam,Cardiomegaly,pointing_game,0.0
358,layer3,grad_cam,Cardiomegaly,energy_box,0.0937146246433258
358,layer3,grad_cam,Cardiomegaly,iou,0.09288037568330765
358,layer3,grad_cam,Cardiomegaly,distance,1.1022614092660075
358,layer3,grad_cam_plus_plus,Cardiomegaly,pointing_game,0.0
358,layer3,grad_cam_plus_plus,Cardiomegaly,energy_box,0.06192026659846306
358,layer3,grad_cam_plus_plus,Cardiomegaly,iou,0.05129747465252876
358,layer3,grad_cam_plus_plus,Cardiomegaly,distance,1.4642303451808716
358,layer3,xgrad_cam,Cardiomegaly,pointing_game,0.0
358,layer3,xgrad_cam,Cardiomegaly,energy_box,0.08812378346920013
358,layer3,xgrad_cam,Cardiomegaly,iou,0.08818758279085159
358,layer3,xgrad_cam,Cardiomegaly,distance,1.1108578013934993
358,layer4,grad_cam,Cardiomegaly,pointing_game,0.0
358,layer4,grad_cam,Cardiomegaly,energy_box,0.0633554682135582
358,layer4,grad_cam,Cardiomegaly,iou,0.04588496685028076
358,layer4,grad_cam,Cardiomegaly,distance,0.6104381844857771
358,layer4,grad_cam_plus_plus,Cardiomegaly,pointing_game,1.0
358,layer4,grad_cam_plus_plus,Cardiomegaly,energy_box,0.1261291652917862
358,layer4,grad_cam_plus_plus,Cardiomegaly,iou,0.3160877227783203
358,layer4,grad_cam_plus_plus,Cardiomegaly,distance,0.14025638135345167
358,layer4,xgrad_cam,Cardiomegaly,pointing_game,0.0
358,layer4,xgrad_cam,Cardiomegaly,energy_box,0.0633554682135582
358,layer4,xgrad_cam,Cardiomegaly,iou,0.04588496685028076
358,layer4,xgrad_cam,Cardiomegaly,distance,0.6104381844857771
358,layer3,grad_cam,Pleural effusion,pointing_game,0.0
358,layer3,grad_cam,Pleural effusion,energy_box,6.579046839760849e-06
358,layer3,grad_cam,Pleural effusion,iou,0.0
358,layer3,grad_cam,Pleural effusion,distance,5.574489855332945
358,layer3,grad_cam_plus_plus,Pleural effusion,pointing_game,0.0
358,layer3,grad_cam_plus_plus,Pleural effusion,energy_box,0.0010402713669463992
358,layer3,grad_cam_plus_plus,Pleural effusion,iou,0.0
358,layer3,grad_cam_plus_plus,Pleural effusion,distance,5.644079155472727
358,layer3,xgrad_cam,Pleural effusion,pointing_game,0.0
358,layer3,xgrad_cam,Pleural effusion,energy_box,8.828922659631644e-07
358,layer3,xgrad_cam,Pleural effusion,iou,0.0
358,layer3,xgrad_cam,Pleural effusion,distance,5.611248776737987
358,layer4,grad_cam,Pleural effusion,pointing_game,0.0
358,layer4,grad_cam,Pleural effusion,energy_box,3.573419962776825e-05
358,layer4,grad_cam,Pleural effusion,iou,0.0
358,layer4,grad_cam,Pleural effusion,distance,6.116632215836567
358,layer4,grad_cam_plus_plus,Pleural effusion,pointing_game,0.0
358,layer4,grad_cam_plus_plus,Pleural effusion,energy_box,0.0017105999868363142
358,layer4,grad_cam_plus_plus,Pleural effusion,iou,0.0
358,layer4,grad_cam_plus_plus,Pleural effusion,distance,2.695803269169544
358,layer4,xgrad_cam,Pleural effusion,pointing_game,0.0
358,layer4,xgrad_cam,Pleural effusion,energy_box,3.573419598978944e-05
358,layer4,xgrad_cam,Pleural effusion,iou,0.0
358,layer4,xgrad_cam,Pleural effusion,distance,6.116632215836567
358,layer3,grad_cam,Pleural thickening,pointing_game,0.0
358,layer3,grad_cam,Pleural thickening,energy_box,0.0004050368152093142
358,layer3,grad_cam,Pleural thickening,iou,0.0
358,layer3,grad_cam,Pleural thickening,distance,10.874049256197821
358,layer3,grad_cam_plus_plus,Pleural thickening,pointing_game,0.0
358,layer3,grad_cam_plus_plus,Pleural thickening,energy_box,0.0012083720648661256
358,layer3,grad_cam_plus_plus,Pleural thickening,iou,0.0
358,layer3,grad_cam_plus_plus,Pleural thickening,distance,11.652770162409622
358,layer3,xgrad_cam,Pleural thickening,pointing_game,0.0
358,layer3,xgrad_cam,Pleural thickening,energy_box,1.383703192914254e-06
358,layer3,xgrad_cam,Pleural thickening,iou,0.0
358,layer3,xgrad_cam,Pleural thickening,distance,10.415209003442799
358,layer4,grad_cam,Pleural thickening,pointing_game,0.0
358,layer4,grad_cam,Pleural thickening,energy_box,0.002073438838124275
358,layer4,grad_cam,Pleural thickening,iou,0.0
358,layer4,grad_cam,Pleural thickening,distance,9.59145026234885
358,layer4,grad_cam_plus_plus,Pleural thickening,pointing_game,0.0
358,layer4,grad_cam_plus_plus,Pleural thickening,energy_box,0.0014853171305730939
358,layer4,grad_cam_plus_plus,Pleural thickening,iou,0.0
358,layer4,grad_cam_plus_plus,Pleural thickening,distance,2.695803269169544
358,layer4,xgrad_cam,Pleural thickening,pointing_game,0.0
358,layer4,xgrad_cam,Pleural thickening,energy_box,0.00207343976944685
358,layer4,xgrad_cam,Pleural thickening,iou,0.0
358,layer4,xgrad_cam,Pleural thickening,distance,9.59145026234885
358,layer3,grad_cam,Pulmonary fibrosis,pointing_game,0.0
358,layer3,grad_cam,Pulmonary fibrosis,energy_box,0.0034207357093691826
358,layer3,grad_cam,Pulmonary fibrosis,iou,0.0
358,layer3,grad_cam,Pulmonary fibrosis,distance,3.194705768090476
358,layer3,grad_cam_plus_plus,Pulmonary fibrosis,pointing_game,0.0
358,layer3,grad_cam_plus_plus,Pulmonary fibrosis,energy_box,0.010519847273826599
358,layer3,grad_cam_plus_plus,Pulmonary fibrosis,iou,0.012043546885251999
358,layer3,grad_cam_plus_plus,Pulmonary fibrosis,distance,2.86019469253242
358,layer3,xgrad_cam,Pulmonary fibrosis,pointing_game,0.0
358,layer3,xgrad_cam,Pulmonary fibrosis,energy_box,0.0004232188512105495
358,layer3,xgrad_cam,Pulmonary fibrosis,iou,0.0
358,layer3,xgrad_cam,Pulmonary fibrosis,distance,3.1826607923143686
358,layer4,grad_cam,Pulmonary fibrosis,pointing_game,0.0
358,layer4,grad_cam,Pulmonary fibrosis,energy_box,0.026907598599791527
358,layer4,grad_cam,Pulmonary fibrosis,iou,0.0
358,layer4,grad_cam,Pulmonary fibrosis,distance,3.630930178487619
358,layer4,grad_cam_plus_plus,Pulmonary fibrosis,pointing_game,1.0
358,layer4,grad_cam_plus_plus,Pulmonary fibrosis,energy_box,0.02158477157354355
358,layer4,grad_cam_plus_plus,Pulmonary fibrosis,iou,0.051615264266729355
358,layer4,grad_cam_plus_plus,Pulmonary fibrosis,distance,0.16203312780287749
358,layer4,xgrad_cam,Pulmonary fibrosis,pointing_game,0.0
358,layer4,xgrad_cam,Pulmonary fibrosis,energy_box,0.026907585561275482
358,layer4,xgrad_cam,Pulmonary fibrosis,iou,0.0
358,layer4,xgrad_cam,Pulmonary fibrosis,distance,3.630930178487619
359,layer3,grad_cam,No finding,entropy,14.991064071655273
359,layer3,grad_cam,No finding,top_1pct,0.03808500990271568
359,layer3,grad_cam_plus_plus,No finding,entropy,15.553398132324219
359,layer3,grad_cam_plus_plus,No finding,top_1pct,0.028406433761119843
359,layer3,xgrad_cam,No finding,entropy,15.391377449035645
359,layer3,xgrad_cam,No finding,top_1pct,0.025815386325120926
359,layer4,grad_cam,No finding,entropy,14.70877742767334
359,layer4,grad_cam,No finding,top_1pct,0.046021461486816406
359,layer4,grad_cam_plus_plus,No finding,entropy,15.030372619628906
359,layer4,grad_cam_plus_plus,No finding,top_1pct,0.03865655139088631
359,layer4,xgrad_cam,No finding,entropy,14.70877742767334
359,layer4,xgrad_cam,No finding,top_1pct,0.046021468937397
360,layer3,grad_cam,No finding,entropy,15.076126098632812
360,layer3,grad_cam,No finding,top_1pct,0.03269368037581444
360,layer3,grad_cam_plus_plus,No finding,entropy,15.587566375732422
360,layer3,grad_cam_plus_plus,No finding,top_1pct,0.017718758434057236
360,layer3,xgrad_cam,No finding,entropy,15.096433639526367
360,layer3,xgrad_cam,No finding,top_1pct,0.03216881677508354
360,layer4,grad_cam,No finding,entropy,15.070136070251465
360,layer4,grad_cam,No finding,top_1pct,0.029388638213276863
360,layer4,grad_cam_plus_plus,No finding,entropy,15.262252807617188
360,layer4,grad_cam_plus_plus,No finding,top_1pct,0.026108911260962486
360,layer4,xgrad_cam,No finding,entropy,15.070137023925781
360,layer4,xgrad_cam,No finding,top_1pct,0.029388638213276863
361,layer3,grad_cam,No finding,entropy,14.572792053222656
361,layer3,grad_cam,No finding,top_1pct,0.06034376844763756
361,layer3,grad_cam_plus_plus,No finding,entropy,15.586530685424805
361,layer3,grad_cam_plus_plus,No finding,top_1pct,0.018637623637914658
361,layer3,xgrad_cam,No finding,entropy,15.264419555664062
361,layer3,xgrad_cam,No finding,top_1pct,0.045516036450862885
361,layer4,grad_cam,No finding,entropy,14.397705078125
361,layer4,grad_cam,No finding,top_1pct,0.050701770931482315
361,layer4,grad_cam_plus_plus,No finding,entropy,14.754029273986816
361,layer4,grad_cam_plus_plus,No finding,top_1pct,0.044326700270175934
361,layer4,xgrad_cam,No finding,entropy,14.397703170776367
361,layer4,xgrad_cam,No finding,top_1pct,0.05070176720619202
362,layer3,grad_cam,No finding,entropy,14.88492202758789
362,layer3,grad_cam,No finding,top_1pct,0.050558529794216156
362,layer3,grad_cam_plus_plus,No finding,entropy,15.592913627624512
362,layer3,grad_cam_plus_plus,No finding,top_1pct,0.01638750731945038
362,layer3,xgrad_cam,No finding,entropy,14.751739501953125
362,layer3,xgrad_cam,No finding,top_1pct,0.06284990906715393
362,layer4,grad_cam,No finding,entropy,13.950132369995117
362,layer4,grad_cam,No finding,top_1pct,0.08326675742864609
362,layer4,grad_cam_plus_plus,No finding,entropy,14.967391014099121
362,layer4,grad_cam_plus_plus,No finding,top_1pct,0.048438020050525665
362,layer4,xgrad_cam,No finding,entropy,13.950132369995117
362,layer4,xgrad_cam,No finding,top_1pct,0.08326676487922668
363,layer3,grad_cam,No finding,entropy,15.17966365814209
363,layer3,grad_cam,No finding,top_1pct,0.037483856081962585
363,layer3,grad_cam_plus_plus,No finding,entropy,15.585127830505371
363,layer3,grad_cam_plus_plus,No finding,top_1pct,0.017071407288312912
363,layer3,xgrad_cam,No finding,entropy,15.094566345214844
363,layer3,xgrad_cam,No finding,top_1pct,0.04360933229327202
363,layer4,grad_cam,No finding,entropy,14.583335876464844
363,layer4,grad_cam,No finding,top_1pct,0.0472448505461216
363,layer4,grad_cam_plus_plus,No finding,entropy,15.054666519165039
363,layer4,grad_cam_plus_plus,No finding,top_1pct,0.03856643661856651
363,layer4,xgrad_cam,No finding,entropy,14.583335876464844
363,layer4,xgrad_cam,No finding,top_1pct,0.0472448505461216
364,layer3,grad_cam,No finding,entropy,15.120328903198242
364,layer3,grad_cam,No finding,top_1pct,0.03475240245461464
364,layer3,grad_cam_plus_plus,No finding,entropy,15.589339256286621
364,layer3,grad_cam_plus_plus,No finding,top_1pct,0.016379740089178085
364,layer3,xgrad_cam,No finding,entropy,15.189023971557617
364,layer3,xgrad_cam,No finding,top_1pct,0.03624029830098152
364,layer4,grad_cam,No finding,entropy,14.695211410522461
364,layer4,grad_cam,No finding,top_1pct,0.04063931107521057
364,layer4,grad_cam_plus_plus,No finding,entropy,15.007393836975098
364,layer4,grad_cam_plus_plus,No finding,top_1pct,0.036728743463754654
364,layer4,xgrad_cam,No finding,entropy,14.695213317871094
364,layer4,xgrad_cam,No finding,top_1pct,0.04063932225108147
365,layer3,grad_cam,No finding,entropy,14.386758804321289
365,layer3,grad_cam,No finding,top_1pct,0.06719613820314407
365,layer3,grad_cam_plus_plus,No finding,entropy,15.582986831665039
365,layer3,grad_cam_plus_plus,No finding,top_1pct,0.017422331497073174
365,layer3,xgrad_cam,No finding,entropy,14.716165542602539
365,layer3,xgrad_cam,No finding,top_1pct,0.059134162962436676
365,layer4,grad_cam,No finding,entropy,14.442501068115234
365,layer4,grad_cam,No finding,top_1pct,0.04708673059940338
365,layer4,grad_cam_plus_plus,No finding,entropy,14.905769348144531
365,layer4,grad_cam_plus_plus,No finding,top_1pct,0.039866454899311066
365,layer4,xgrad_cam,No finding,entropy,14.442501068115234
365,layer4,xgrad_cam,No finding,top_1pct,0.04708672687411308
366,layer3,grad_cam,Aortic enlargement,pointing_game,0.0
366,layer3,grad_cam,Aortic enlargement,energy_box,0.14294663071632385
366,layer3,grad_cam,Aortic enlargement,iou,0.0
366,layer3,grad_cam,Aortic enlargement,distance,1.4089118301565235
366,layer3,grad_cam_plus_plus,Aortic enlargement,pointing_game,0.0
366,layer3,grad_cam_plus_plus,Aortic enlargement,energy_box,0.08135055005550385
366,layer3,grad_cam_plus_plus,Aortic enlargement,iou,0.0
366,layer3,grad_cam_plus_plus,Aortic enlargement,distance,1.4089118301565235
366,layer3,xgrad_cam,Aortic enlargement,pointing_game,0.0
366,layer3,xgrad_cam,Aortic enlargement,energy_box,0.14924773573875427
366,layer3,xgrad_cam,Aortic enlargement,iou,0.0021868788171559572
366,layer3,xgrad_cam,Aortic enlargement,distance,1.4089118301565235
366,layer4,grad_cam,Aortic enlargement,pointing_game,0.0
366,layer4,grad_cam,Aortic enlargement,energy_box,0.171821728348732
366,layer4,grad_cam,Aortic enlargement,iou,0.23639598488807678
366,layer4,grad_cam,Aortic enlargement,distance,0.5209295958324748
366,layer4,grad_cam_plus_plus,Aortic enlargement,pointing_game,0.0
366,layer4,grad_cam_plus_plus,Aortic enlargement,energy_box,0.14651241898536682
366,layer4,grad_cam_plus_plus,Aortic enlargement,iou,0.24616840481758118
366,layer4,grad_cam_plus_plus,Aortic enlargement,distance,1.3470292711291156
366,layer4,xgrad_cam,Aortic enlargement,pointing_game,0.0
366,layer4,xgrad_cam,Aortic enlargement,energy_box,0.171821728348732
366,layer4,xgrad_cam,Aortic enlargement,iou,0.23639598488807678
366,layer4,xgrad_cam,Aortic enlargement,distance,0.5209295958324748
367,layer3,grad_cam,No finding,entropy,14.800872802734375
367,layer3,grad_cam,No finding,top_1pct,0.05113281309604645
367,layer3,grad_cam_plus_plus,No finding,entropy,15.588571548461914
367,layer3,grad_cam_plus_plus,No finding,top_1pct,0.017520470544695854
367,layer3,xgrad_cam,No finding,entropy,15.022918701171875
367,layer3,xgrad_cam,No finding,top_1pct,0.042571935802698135
367,layer4,grad_cam,No finding,entropy,14.87761402130127
367,layer4,grad_cam,No finding,top_1pct,0.03915528208017349
367,layer4,grad_cam_plus_plus,No finding,entropy,15.105352401733398
367,layer4,grad_cam_plus_plus,No finding,top_1pct,0.03432128578424454
367,layer4,xgrad_cam,No finding,entropy,14.877614974975586
367,layer4,xgrad_cam,No finding,top_1pct,0.03915528580546379
368,layer3,grad_cam,No finding,entropy,14.728151321411133
368,layer3,grad_cam,No finding,top_1pct,0.04223446920514107
368,layer3,grad_cam_plus_plus,No finding,entropy,15.592013359069824
368,layer3,grad_cam_plus_plus,No finding,top_1pct,0.01665939763188362
368,layer3,xgrad_cam,No finding,entropy,15.24943733215332
368,layer3,xgrad_cam,No finding,top_1pct,0.0302776787430048
368,layer4,grad_cam,No finding,entropy,14.673093795776367
368,layer4,grad_cam,No finding,top_1pct,0.04193191975355148
368,layer4,grad_cam_plus_plus,No finding,entropy,15.000473976135254
368,layer4,grad_cam_plus_plus,No finding,top_1pct,0.037539925426244736
368,layer4,xgrad_cam,No finding,entropy,14.673093795776367
368,layer4,xgrad_cam,No finding,top_1pct,0.04193191975355148
369,layer3,grad_cam,Aortic enlargement,pointing_game,0.0
369,layer3,grad_cam,Aortic enlargement,energy_box,0.005314589478075504
369,layer3,grad_cam,Aortic enlargement,iou,0.0
369,layer3,grad_cam,Aortic enlargement,distance,2.4538717153286576
369,layer3,grad_cam_plus_plus,Aortic enlargement,pointing_game,0.0
369,layer3,grad_cam_plus_plus,Aortic enlargement,energy_box,0.03487667068839073
369,layer3,grad_cam_plus_plus,Aortic enlargement,iou,0.0
369,layer3,grad_cam_plus_plus,Aortic enlargement,distance,2.4538717153286576
369,layer3,xgrad_cam,Aortic enlargement,pointing_game,0.0
369,layer3,xgrad_cam,Aortic enlargement,energy_box,0.0019721887074410915
369,layer3,xgrad_cam,Aortic enlargement,iou,0.0
369,layer3,xgrad_cam,Aortic enlargement,distance,2.4538717153286576
369,layer4,grad_cam,Aortic enlargement,pointing_game,0.0
369,layer4,grad_cam,Aortic enlargement,energy_box,0.023167364299297333
369,layer4,grad_cam,Aortic enlargement,iou,0.0
369,layer4,grad_cam,Aortic enlargement,distance,1.1647705018609527
369,layer4,grad_cam_plus_plus,Aortic enlargement,pointing_game,0.0
369,layer4,grad_cam_plus_plus,Aortic enlargement,energy_box,0.03815675154328346
369,layer4,grad_cam_plus_plus,Aortic enlargement,iou,0.0
369,layer4,grad_cam_plus_plus,Aortic enlargement,distance,2.406512883191216
369,layer4,xgrad_cam,Aortic enlargement,pointing_game,0.0
369,layer4,xgrad_cam,Aortic enlargement,energy_box,0.023167356848716736
369,layer4,xgrad_cam,Aortic enlargement,iou,0.0
369,layer4,xgrad_cam,Aortic enlargement,distance,1.1647705018609527
369,layer3,grad_cam,Cardiomegaly,pointing_game,0.0
369,layer3,grad_cam,Cardiomegaly,energy_box,0.07519814372062683
369,layer3,grad_cam,Cardiomegaly,iou,0.024860629811882973
369,layer3,grad_cam,Cardiomegaly,distance,0.5615108986222909
369,layer3,grad_cam_plus_plus,Cardiomegaly,pointing_game,0.0
369,layer3,grad_cam_plus_plus,Cardiomegaly,energy_box,0.06467853486537933
369,layer3,grad_cam_plus_plus,Cardiomegaly,iou,0.0
369,layer3,grad_cam_plus_plus,Cardiomegaly,distance,1.669675855984113
369,layer3,xgrad_cam,Cardiomegaly,pointing_game,0.0
369,layer3,xgrad_cam,Cardiomegaly,energy_box,0.07458285242319107
369,layer3,xgrad_cam,Cardiomegaly,iou,0.04061312600970268
369,layer3,xgrad_cam,Cardiomegaly,distance,1.709432801402113
369,layer4,grad_cam,Cardiomegaly,pointing_game,0.0
369,layer4,grad_cam,Cardiomegaly,energy_box,0.022865360602736473
369,layer4,grad_cam,Cardiomegaly,iou,0.0
369,layer4,grad_cam,Cardiomegaly,distance,1.6589663626187525
369,layer4,grad_cam_plus_plus,Cardiomegaly,pointing_game,0.0
369,layer4,grad_cam_plus_plus,Cardiomegaly,energy_box,0.07821200788021088
369,layer4,grad_cam_plus_plus,Cardiomegaly,iou,0.0
369,layer4,grad_cam_plus_plus,Cardiomegaly,distance,1.6589663626187525
369,layer4,xgrad_cam,Cardiomegaly,pointing_game,0.0
369,layer4,xgrad_cam,Cardiomegaly,energy_box,0.02286536619067192
369,layer4,xgrad_cam,Cardiomegaly,iou,0.0
369,layer4,xgrad_cam,Cardiomegaly,distance,1.6589663626187525
369,layer3,grad_cam,ILD,pointing_game,0.0
369,layer3,grad_cam,ILD,energy_box,0.05176268145442009
369,layer3,grad_cam,ILD,iou,0.006242568138986826
369,layer3,grad_cam,ILD,distance,1.1061768477346763
369,layer3,grad_cam_plus_plus,ILD,pointing_game,0.0
369,layer3,grad_cam_plus_plus,ILD,energy_box,0.09999652206897736
369,layer3,grad_cam_plus_plus,ILD,iou,0.0
369,layer3,grad_cam_plus_plus,ILD,distance,1.1011903457222685
369,layer3,xgrad_cam,ILD,pointing_game,0.0
369,layer3,xgrad_cam,ILD,energy_box,0.013503368943929672
369,layer3,xgrad_cam,ILD,iou,0.0
369,layer3,xgrad_cam,ILD,distance,1.1061768477346763
369,layer4,grad_cam,ILD,pointing_game,0.0
369,layer4,grad_cam,ILD,energy_box,0.0
369,layer4,grad_cam,ILD,iou,0.0
369,layer4,grad_cam,ILD,distance,0.9177520540524514
369,layer4,grad_cam_plus_plus,ILD,pointing_game,0.0
369,layer4,grad_cam_plus_plus,ILD,energy_box,0.09099603444337845
369,layer4,grad_cam_plus_plus,ILD,iou,0.0
369,layer4,grad_cam_plus_plus,ILD,distance,0.9177520540524514
369,layer4,xgrad_cam,ILD,pointing_game,0.0
369,layer4,xgrad_cam,ILD,energy_box,0.0
369,layer4,xgrad_cam,ILD,iou,0.0
369,layer4,xgrad_cam,ILD,distance,0.9177520540524514
369,layer3,grad_cam,Pleural thickening,pointing_game,0.0
369,layer3,grad_cam,Pleural thickening,energy_box,0.0
369,layer3,grad_cam,Pleural thickening,iou,0.0
369,layer3,grad_cam,Pleural thickening,distance,3.8660472614859547
369,layer3,grad_cam_plus_plus,Pleural thickening,pointing_game,0.0
369,layer3,grad_cam_plus_plus,Pleural thickening,energy_box,0.000934910262003541
369,layer3,grad_cam_plus_plus,Pleural thickening,iou,0.0
369,layer3,grad_cam_plus_plus,Pleural thickening,distance,3.8660472614859547
369,layer3,xgrad_cam,Pleural thickening,pointing_game,0.0
369,layer3,xgrad_cam,Pleural thickening,energy_box,0.0
369,layer3,xgrad_cam,Pleural thickening,iou,0.0
369,layer3,xgrad_cam,Pleural thickening,distance,4.288573719800031
369,layer4,grad_cam,Pleural thickening,pointing_game,0.0
369,layer4,grad_cam,Pleural thickening,energy_box,0.00014534094952978194
369,layer4,grad_cam,Pleural thickening,iou,0.0
369,layer4,grad_cam,Pleural thickening,distance,3.902767112094979
369,layer4,grad_cam_plus_plus,Pleural thickening,pointing_game,0.0
369,layer4,grad_cam_plus_plus,Pleural thickening,energy_box,0.0005976115935482085
369,layer4,grad_cam_plus_plus,Pleural thickening,iou,0.0
369,layer4,grad_cam_plus_plus,Pleural thickening,distance,3.902767112094979
369,layer4,xgrad_cam,Pleural thickening,pointing_game,0.0
369,layer4,xgrad_cam,Pleural thickening,energy_box,0.00014534092042595148
369,layer4,xgrad_cam,Pleural thickening,iou,0.0
369,layer4,xgrad_cam,Pleural thickening,distance,3.902767112094979
369,layer3,grad_cam,Pulmonary fibrosis,pointing_game,0.0
369,layer3,grad_cam,Pulmonary fibrosis,energy_box,0.09195340424776077
369,layer3,grad_cam,Pulmonary fibrosis,iou,0.0
369,layer3,grad_cam,Pulmonary fibrosis,distance,1.0773785994337095
369,layer3,grad_cam_plus_plus,Pulmonary fibrosis,pointing_game,0.0
369,layer3,grad_cam_plus_plus,Pulmonary fibrosis,energy_box,0.07750751078128815
369,layer3,grad_cam_plus_plus,Pulmonary fibrosis,iou,0.0
369,layer3,grad_cam_plus_plus,Pulmonary fibrosis,distance,1.086710442191158
369,layer3,xgrad_cam,Pulmonary fibrosis,pointing_game,0.0
369,layer3,xgrad_cam,Pulmonary fibrosis,energy_box,0.05358785390853882
369,layer3,xgrad_cam,Pulmonary fibrosis,iou,0.0
369,layer3,xgrad_cam,Pulmonary fibrosis,distance,1.086710442191158
369,layer4,grad_cam,Pulmonary fibrosis,pointing_game,0.0
369,layer4,grad_cam,Pulmonary fibrosis,energy_box,0.24833370745182037
369,layer4,grad_cam,Pulmonary fibrosis,iou,0.03867615759372711
369,layer4,grad_cam,Pulmonary fibrosis,distance,1.0126493085123274
369,layer4,grad_cam_plus_plus,Pulmonary fibrosis,pointing_game,0.0
369,layer4,grad_cam_plus_plus,Pulmonary fibrosis,energy_box,0.09740367531776428
369,layer4,grad_cam_plus_plus,Pulmonary fibrosis,iou,0.0
369,layer4,grad_cam_plus_plus,Pulmonary fibrosis,distance,1.0126493085123274
369,layer4,xgrad_cam,Pulmonary fibrosis,pointing_game,0.0
369,layer4,xgrad_cam,Pulmonary fibrosis,energy_box,0.24833373725414276
369,layer4,xgrad_cam,Pulmonary fibrosis,iou,0.03867615759372711
369,layer4,xgrad_cam,Pulmonary fibrosis,distance,1.0126493085123274
370,layer3,grad_cam,Consolidation,pointing_game,0.0
370,layer3,grad_cam,Consolidation,energy_box,0.0
370,layer3,grad_cam,Consolidation,iou,0.0
370,layer3,grad_cam,Consolidation,distance,4.759329833026222
370,layer3,grad_cam_plus_plus,Consolidation,pointing_game,0.0
370,layer3,grad_cam_plus_plus,Consolidation,energy_box,0.003132452489808202
370,layer3,grad_cam_plus_plus,Consolidation,iou,0.0
370,layer3,grad_cam_plus_plus,Consolidation,distance,8.748559390724564
370,layer3,xgrad_cam,Consolidation,pointing_game,0.0
370,layer3,xgrad_cam,Consolidation,energy_box,0.0
370,layer3,xgrad_cam,Consolidation,iou,0.0
370,layer3,xgrad_cam,Consolidation,distance,4.759329833026222
370,layer4,grad_cam,Consolidation,pointing_game,0.0
370,layer4,grad_cam,Consolidation,energy_box,0.0
370,layer4,grad_cam,Consolidation,iou,0.0
370,layer4,grad_cam,Consolidation,distance,7.657166640594518
370,layer4,grad_cam_plus_plus,Consolidation,pointing_game,0.0
370,layer4,grad_cam_plus_plus,Consolidation,energy_box,0.004696844145655632
370,layer4,grad_cam_plus_plus,Consolidation,iou,0.0027894002851098776
370,layer4,grad_cam_plus_plus,Consolidation,distance,4.453259878294091
370,layer4,xgrad_cam,Consolidation,pointing_game,0.0
370,layer4,xgrad_cam,Consolidation,energy_box,0.0
370,layer4,xgrad_cam,Consolidation,iou,0.0
370,layer4,xgrad_cam,Consolidation,distance,7.657166640594518
370,layer3,grad_cam,Lung Opacity,pointing_game,0.0
370,layer3,grad_cam,Lung Opacity,energy_box,0.0
370,layer3,grad_cam,Lung Opacity,iou,0.0
370,layer3,grad_cam,Lung Opacity,distance,4.6640892352604
370,layer3,grad_cam_plus_plus,Lung Opacity,pointing_game,0.0
370,layer3,grad_cam_plus_plus,Lung Opacity,energy_box,0.003215647302567959
370,layer3,grad_cam_plus_plus,Lung Opacity,iou,0.0
370,layer3,grad_cam_plus_plus,Lung Opacity,distance,8.679682220899817
370,layer3,xgrad_cam,Lung Opacity,pointing_game,0.0
370,layer3,xgrad_cam,Lung Opacity,energy_box,0.0
370,layer3,xgrad_cam,Lung Opacity,iou,0.0
370,layer3,xgrad_cam,Lung Opacity,distance,3.7155533344307097
370,layer4,grad_cam,Lung Opacity,pointing_game,0.0
370,layer4,grad_cam,Lung Opacity,energy_box,0.004192733205854893
370,layer4,grad_cam,Lung Opacity,iou,0.0
370,layer4,grad_cam,Lung Opacity,distance,3.8822605568673136
370,layer4,grad_cam_plus_plus,Lung Opacity,pointing_game,0.0
370,layer4,grad_cam_plus_plus,Lung Opacity,energy_box,0.00515714380890131
370,layer4,grad_cam_plus_plus,Lung Opacity,iou,0.013194969855248928
370,layer4,grad_cam_plus_plus,Lung Opacity,distance,4.405149248791432
370,layer4,xgrad_cam,Lung Opacity,pointing_game,0.0
370,layer4,xgrad_cam,Lung Opacity,energy_box,0.004192734602838755
370,layer4,xgrad_cam,Lung Opacity,iou,0.0
370,layer4,xgrad_cam,Lung Opacity,distance,3.8822605568673136
370,layer3,grad_cam,Nodule/Mass,pointing_game,0.0
370,layer3,grad_cam,Nodule/Mass,energy_box,0.0
370,layer3,grad_cam,Nodule/Mass,iou,0.0
370,layer3,grad_cam,Nodule/Mass,distance,7.930666759314579
370,layer3,grad_cam_plus_plus,Nodule/Mass,pointing_game,0.0
370,layer3,grad_cam_plus_plus,Nodule/Mass,energy_box,0.003707809140905738
370,layer3,grad_cam_plus_plus,Nodule/Mass,iou,0.0007495716563425958
370,layer3,grad_cam_plus_plus,Nodule/Mass,distance,8.748559390724564
370,layer3,xgrad_cam,Nodule/Mass,pointing_game,0.0
370,layer3,xgrad_cam,Nodule/Mass,energy_box,0.0
370,layer3,xgrad_cam,Nodule/Mass,iou,0.0
370,layer3,xgrad_cam,Nodule/Mass,distance,5.357067089064787
370,layer4,grad_cam,Nodule/Mass,pointing_game,0.0
370,layer4,grad_cam,Nodule/Mass,energy_box,0.003134959377348423
370,layer4,grad_cam,Nodule/Mass,iou,0.0
370,layer4,grad_cam,Nodule/Mass,distance,2.857732065658249
370,layer4,grad_cam_plus_plus,Nodule/Mass,pointing_game,0.0
370,layer4,grad_cam_plus_plus,Nodule/Mass,energy_box,0.005432319827377796
370,layer4,grad_cam_plus_plus,Nodule/Mass,iou,0.010534738190472126
370,layer4,grad_cam_plus_plus,Nodule/Mass,distance,4.453259878294091
370,layer4,xgrad_cam,Nodule/Mass,pointing_game,0.0
370,layer4,xgrad_cam,Nodule/Mass,energy_box,0.0031349596101790667
370,layer4,xgrad_cam,Nodule/Mass,iou,0.0
370,layer4,xgrad_cam,Nodule/Mass,distance,2.857732065658249
371,layer3,grad_cam,No finding,entropy,15.1666841506958
371,layer3,grad_cam,No finding,top_1pct,0.03033938817679882
371,layer3,grad_cam_plus_plus,No finding,entropy,15.398351669311523
371,layer3,grad_cam_plus_plus,No finding,top_1pct,0.04976118728518486
371,layer3,xgrad_cam,No finding,entropy,15.038233757019043
371,layer3,xgrad_cam,No finding,top_1pct,0.07345110177993774
371,layer4,grad_cam,No finding,entropy,14.869583129882812
371,layer4,grad_cam,No finding,top_1pct,0.033209897577762604
371,layer4,grad_cam_plus_plus,No finding,entropy,15.078418731689453
371,layer4,grad_cam_plus_plus,No finding,top_1pct,0.028937198221683502
371,layer4,xgrad_cam,No finding,entropy,14.869582176208496
371,layer4,xgrad_cam,No finding,top_1pct,0.033209897577762604
372,layer3,grad_cam,Aortic enlargement,pointing_game,0.0
372,layer3,grad_cam,Aortic enlargement,energy_box,0.06405757367610931
372,layer3,grad_cam,Aortic enlargement,iou,0.0
372,layer3,grad_cam,Aortic enlargement,distance,2.257454107398932
372,layer3,grad_cam_plus_plus,Aortic enlargement,pointing_game,0.0
372,layer3,grad_cam_plus_plus,Aortic enlargement,energy_box,0.037038903683423996
372,layer3,grad_cam_plus_plus,Aortic enlargement,iou,0.07346037030220032
372,layer3,grad_cam_plus_plus,Aortic enlargement,distance,2.6738309889631995
372,layer3,xgrad_cam,Aortic enlargement,pointing_game,0.0
372,layer3,xgrad_cam,Aortic enlargement,energy_box,0.04145369306206703
372,layer3,xgrad_cam,Aortic enlargement,iou,0.0
372,layer3,xgrad_cam,Aortic enlargement,distance,2.257454107398932
372,layer4,grad_cam,Aortic enlargement,pointing_game,0.0
372,layer4,grad_cam,Aortic enlargement,energy_box,0.0649135559797287
372,layer4,grad_cam,Aortic enlargement,iou,0.10299351066350937
372,layer4,grad_cam,Aortic enlargement,distance,0.4447146600312589
372,layer4,grad_cam_plus_plus,Aortic enlargement,pointing_game,0.0
372,layer4,grad_cam_plus_plus,Aortic enlargement,energy_box,0.04312752187252045
372,layer4,grad_cam_plus_plus,Aortic enlargement,iou,0.06661148369312286
372,layer4,grad_cam_plus_plus,Aortic enlargement,distance,2.488101869050582
372,layer4,xgrad_cam,Aortic enlargement,pointing_game,0.0
372,layer4,xgrad_cam,Aortic enlargement,energy_box,0.06491357088088989
372,layer4,xgrad_cam,Aortic enlargement,iou,0.10299351066350937
372,layer4,xgrad_cam,Aortic enlargement,distance,0.4447146600312589
372,layer3,grad_cam,Consolidation,pointing_game,0.0
372,layer3,grad_cam,Consolidation,energy_box,0.10008545964956284
372,layer3,grad_cam,Consolidation,iou,0.08500465005636215
372,layer3,grad_cam,Consolidation,distance,1.8090403129305452
372,layer3,grad_cam_plus_plus,Consolidation,pointing_game,0.0
372,layer3,grad_cam_plus_plus,Consolidation,energy_box,0.05977249518036842
372,layer3,grad_cam_plus_plus,Consolidation,iou,0.016009699553251266
372,layer3,grad_cam_plus_plus,Consolidation,distance,2.1355000538559006
372,layer3,xgrad_cam,Consolidation,pointing_game,0.0
372,layer3,xgrad_cam,Consolidation,energy_box,0.0736616775393486
372,layer3,xgrad_cam,Consolidation,iou,0.07295867055654526
372,layer3,xgrad_cam,Consolidation,distance,0.610581946110757
372,layer4,grad_cam,Consolidation,pointing_game,1.0
372,layer4,grad_cam,Consolidation,energy_box,0.3380655348300934
372,layer4,grad_cam,Consolidation,iou,0.3833588659763336
372,layer4,grad_cam,Consolidation,distance,0.356210371626207
372,layer4,grad_cam_plus_plus,Consolidation,pointing_game,1.0
372,layer4,grad_cam_plus_plus,Consolidation,energy_box,0.15245863795280457
372,layer4,grad_cam_plus_plus,Consolidation,iou,0.3644762635231018
372,layer4,grad_cam_plus_plus,Consolidation,distance,0.37813559243036926
372,layer4,xgrad_cam,Consolidation,pointing_game,1.0
372,layer4,xgrad_cam,Consolidation,energy_box,0.33806562423706055
372,layer4,xgrad_cam,Consolidation,iou,0.3833588659763336
372,layer4,xgrad_cam,Consolidation,distance,0.356210371626207
372,layer3,grad_cam,Infiltration,pointing_game,0.0
372,layer3,grad_cam,Infiltration,energy_box,0.12148106098175049
372,layer3,grad_cam,Infiltration,iou,0.07701731473207474
372,layer3,grad_cam,Infiltration,distance,0.6322362081469545
372,layer3,grad_cam_plus_plus,Infiltration,pointing_game,0.0
372,layer3,grad_cam_plus_plus,Infiltration,energy_box,0.08918758481740952
372,layer3,grad_cam_plus_plus,Infiltration,iou,0.06149686500430107
372,layer3,grad_cam_plus_plus,Infiltration,distance,2.063999036425172
372,layer3,xgrad_cam,Infiltration,pointing_game,0.0
372,layer3,xgrad_cam,Infiltration,energy_box,0.12046568840742111
372,layer3,xgrad_cam,Infiltration,iou,0.023622047156095505
372,layer3,xgrad_cam,Infiltration,distance,0.6322362081469545
372,layer4,grad_cam,Infiltration,pointing_game,0.0
372,layer4,grad_cam,Infiltration,energy_box,0.42405056953430176
372,layer4,grad_cam,Infiltration,iou,0.210590198636055
372,layer4,grad_cam,Infiltration,distance,1.791374935795166
372,layer4,grad_cam_plus_plus,Infiltration,pointing_game,1.0
372,layer4,grad_cam_plus_plus,Infiltration,energy_box,0.17453645169734955
372,layer4,grad_cam_plus_plus,Infiltration,iou,0.29972684383392334
372,layer4,grad_cam_plus_plus,Infiltration,distance,0.09009421143089538
372,layer4,xgrad_cam,Infiltration,pointing_game,0.0
372,layer4,xgrad_cam,Infiltration,energy_box,0.42405053973197937
372,layer4,xgrad_cam,Infiltration,iou,0.210590198636055
372,layer4,xgrad_cam,Infiltration,distance,1.791374935795166
372,layer3,grad_cam,Lung Opacity,pointing_game,0.0
372,layer3,grad_cam,Lung Opacity,energy_box,0.19828727841377258
372,layer3,grad_cam,Lung Opacity,iou,0.08479176461696625
372,layer3,grad_cam,Lung Opacity,distance,1.481689188277351
372,layer3,grad_cam_plus_plus,Lung Opacity,pointing_game,0.0
372,layer3,grad_cam_plus_plus,Lung Opacity,energy_box,0.12498296052217484
372,layer3,grad_cam_plus_plus,Lung Opacity,iou,0.08850688487291336
372,layer3,grad_cam_plus_plus,Lung Opacity,distance,1.7918465740306342
372,layer3,xgrad_cam,Lung Opacity,pointing_game,0.0
372,layer3,xgrad_cam,Lung Opacity,energy_box,0.1651545763015747
372,layer3,xgrad_cam,Lung Opacity,iou,0.004402224440127611
372,layer3,xgrad_cam,Lung Opacity,distance,0.6326487808483926
372,layer4,grad_cam,Lung Opacity,pointing_game,0.0
372,layer4,grad_cam,Lung Opacity,energy_box,0.2522251009941101
372,layer4,grad_cam,Lung Opacity,iou,0.25296279788017273
372,layer4,grad_cam,Lung Opacity,distance,0.5108661703406457
372,layer4,grad_cam_plus_plus,Lung Opacity,pointing_game,1.0
372,layer4,grad_cam_plus_plus,Lung Opacity,energy_box,0.19816038012504578
372,layer4,grad_cam_plus_plus,Lung Opacity,iou,0.3135727643966675
372,layer4,grad_cam_plus_plus,Lung Opacity,distance,0.3215218449533899
372,layer4,xgrad_cam,Lung Opacity,pointing_game,0.0
372,layer4,xgrad_cam,Lung Opacity,energy_box,0.2522250711917877
372,layer4,xgrad_cam,Lung Opacity,iou,0.25296279788017273
372,layer4,xgrad_cam,Lung Opacity,distance,0.5108661703406457
372,layer3,grad_cam,Pleural effusion,pointing_game,0.0
372,layer3,grad_cam,Pleural effusion,energy_box,1.51762487803353e-05
372,layer3,grad_cam,Pleural effusion,iou,0.0
372,layer3,grad_cam,Pleural effusion,distance,1.8623545996561555
372,layer3,grad_cam_plus_plus,Pleural effusion,pointing_game,0.0
372,layer3,grad_cam_plus_plus,Pleural effusion,energy_box,0.0038646936882287264
372,layer3,grad_cam_plus_plus,Pleural effusion,iou,0.0
372,layer3,grad_cam_plus_plus,Pleural effusion,distance,8.252963213752848
372,layer3,xgrad_cam,Pleural effusion,pointing_game,0.0
372,layer3,xgrad_cam,Pleural effusion,energy_box,9.392269021191169e-06
372,layer3,xgrad_cam,Pleural effusion,iou,0.0
372,layer3,xgrad_cam,Pleural effusion,distance,4.375342701686379
372,layer4,grad_cam,Pleural effusion,pointing_game,0.0
372,layer4,grad_cam,Pleural effusion,energy_box,0.01281127892434597
372,layer4,grad_cam,Pleural effusion,iou,0.0
372,layer4,grad_cam,Pleural effusion,distance,2.7196526757891877
372,layer4,grad_cam_plus_plus,Pleural effusion,pointing_game,0.0
372,layer4,grad_cam_plus_plus,Pleural effusion,energy_box,0.009347735904157162
372,layer4,grad_cam_plus_plus,Pleural effusion,iou,0.024279210716485977
372,layer4,grad_cam_plus_plus,Pleural effusion,distance,2.721775059865864
372,layer4,xgrad_cam,Pleural effusion,pointing_game,0.0
372,layer4,xgrad_cam,Pleural effusion,energy_box,0.01281128078699112
372,layer4,xgrad_cam,Pleural effusion,iou,0.0
372,layer4,xgrad_cam,Pleural effusion,distance,2.7196526757891877
372,layer3,grad_cam,Pleural thickening,pointing_game,0.0
372,layer3,grad_cam,Pleural thickening,energy_box,0.027249952778220177
372,layer3,grad_cam,Pleural thickening,iou,0.0
372,layer3,grad_cam,Pleural thickening,distance,1.5563958321024054
372,layer3,grad_cam_plus_plus,Pleural thickening,pointing_game,0.0
372,layer3,grad_cam_plus_plus,Pleural thickening,energy_box,0.012819510884582996
372,layer3,grad_cam_plus_plus,Pleural thickening,iou,0.01088845543563366
372,layer3,grad_cam_plus_plus,Pleural thickening,distance,1.5481949555818293
372,layer3,xgrad_cam,Pleural thickening,pointing_game,0.0
372,layer3,xgrad_cam,Pleural thickening,energy_box,0.017152277752757072
372,layer3,xgrad_cam,Pleural thickening,iou,0.0
372,layer3,xgrad_cam,Pleural thickening,distance,3.731339064534356
372,layer4,grad_cam,Pleural thickening,pointing_game,0.0
372,layer4,grad_cam,Pleural thickening,energy_box,0.0
372,layer4,grad_cam,Pleural thickening,iou,0.0
372,layer4,grad_cam,Pleural thickening,distance,3.9366298234463506
372,layer4,grad_cam_plus_plus,Pleural thickening,pointing_game,0.0
372,layer4,grad_cam_plus_plus,Pleural thickening,energy_box,0.010777577757835388
372,layer4,grad_cam_plus_plus,Pleural thickening,iou,0.0
372,layer4,grad_cam_plus_plus,Pleural thickening,distance,1.4803452945678426
372,layer4,xgrad_cam,Pleural thickening,pointing_game,0.0
372,layer4,xgrad_cam,Pleural thickening,energy_box,0.0
372,layer4,xgrad_cam,Pleural thickening,iou,0.0
372,layer4,xgrad_cam,Pleural thickening,distance,3.9366298234463506
373,layer3,grad_cam,Pulmonary fibrosis,pointing_game,0.0
373,layer3,grad_cam,Pulmonary fibrosis,energy_box,0.0053021470084786415
373,layer3,grad_cam,Pulmonary fibrosis,iou,0.0
373,layer3,grad_cam,Pulmonary fibrosis,distance,1.1361202299081394
373,layer3,grad_cam_plus_plus,Pulmonary fibrosis,pointing_game,0.0
373,layer3,grad_cam_plus_plus,Pulmonary fibrosis,energy_box,0.052223749458789825
373,layer3,grad_cam_plus_plus,Pulmonary fibrosis,iou,0.05332215875387192
373,layer3,grad_cam_plus_plus,Pulmonary fibrosis,distance,2.9349189653484333
373,layer3,xgrad_cam,Pulmonary fibrosis,pointing_game,0.0
373,layer3,xgrad_cam,Pulmonary fibrosis,energy_box,0.001452496973797679
373,layer3,xgrad_cam,Pulmonary fibrosis,iou,0.0
373,layer3,xgrad_cam,Pulmonary fibrosis,distance,0.7771582962837321
373,layer4,grad_cam,Pulmonary fibrosis,pointing_game,0.0
373,layer4,grad_cam,Pulmonary fibrosis,energy_box,0.03412158042192459
373,layer4,grad_cam,Pulmonary fibrosis,iou,0.0
373,layer4,grad_cam,Pulmonary fibrosis,distance,1.9595024397283052
373,layer4,grad_cam_plus_plus,Pulmonary fibrosis,pointing_game,0.0
373,layer4,grad_cam_plus_plus,Pulmonary fibrosis,energy_box,0.06737937778234482
373,layer4,grad_cam_plus_plus,Pulmonary fibrosis,iou,0.0857125073671341
373,layer4,grad_cam_plus_plus,Pulmonary fibrosis,distance,1.0080200113033029
373,layer4,xgrad_cam,Pulmonary fibrosis,pointing_game,0.0
373,layer4,xgrad_cam,Pulmonary fibrosis,energy_box,0.03412161394953728
373,layer4,xgrad_cam,Pulmonary fibrosis,iou,0.0
373,layer4,xgrad_cam,Pulmonary fibrosis,distance,1.9595024397283052
374,layer3,grad_cam,No finding,entropy,15.07320785522461
374,layer3,grad_cam,No finding,top_1pct,0.0391157791018486
374,layer3,grad_cam_plus_plus,No finding,entropy,15.586465835571289
374,layer3,grad_cam_plus_plus,No finding,top_1pct,0.01665380783379078
374,layer3,xgrad_cam,No finding,entropy,15.183450698852539
374,layer3,xgrad_cam,No finding,top_1pct,0.03530293330550194
374,layer4,grad_cam,No finding,entropy,14.396573066711426
374,layer4,grad_cam,No finding,top_1pct,0.04930966719985008
374,layer4,grad_cam_plus_plus,No finding,entropy,15.005064964294434
374,layer4,grad_cam_plus_plus,No finding,top_1pct,0.03858909383416176
374,layer4,xgrad_cam,No finding,entropy,14.396573066711426
374,layer4,xgrad_cam,No finding,top_1pct,0.049309663474559784
375,layer3,grad_cam,No finding,entropy,15.102134704589844
375,layer3,grad_cam,No finding,top_1pct,0.037758149206638336
375,layer3,grad_cam_plus_plus,No finding,entropy,15.57853889465332
375,layer3,grad_cam_plus_plus,No finding,top_1pct,0.018970660865306854
375,layer3,xgrad_cam,No finding,entropy,14.93647289276123
375,layer3,xgrad_cam,No finding,top_1pct,0.04453817382454872
375,layer4,grad_cam,No finding,entropy,15.110685348510742
375,layer4,grad_cam,No finding,top_1pct,0.03132728114724159
375,layer4,grad_cam_plus_plus,No finding,entropy,15.241601943969727
375,layer4,grad_cam_plus_plus,No finding,top_1pct,0.02875509113073349
375,layer4,xgrad_cam,No finding,entropy,15.110686302185059
375,layer4,xgrad_cam,No finding,top_1pct,0.03132728114724159
376,layer3,grad_cam,No finding,entropy,15.129311561584473
376,layer3,grad_cam,No finding,top_1pct,0.04192989692091942
376,layer3,grad_cam_plus_plus,No finding,entropy,15.569089889526367
376,layer3,grad_cam_plus_plus,No finding,top_1pct,0.02132449485361576
376,layer3,xgrad_cam,No finding,entropy,15.324851989746094
376,layer3,xgrad_cam,No finding,top_1pct,0.03413429111242294
376,layer4,grad_cam,No finding,entropy,14.974157333374023
376,layer4,grad_cam,No finding,top_1pct,0.029992379248142242
376,layer4,grad_cam_plus_plus,No finding,entropy,15.143858909606934
376,layer4,grad_cam_plus_plus,No finding,top_1pct,0.028571724891662598
376,layer4,xgrad_cam,No finding,entropy,14.974157333374023
376,layer4,xgrad_cam,No finding,top_1pct,0.029992377385497093
377,layer3,grad_cam,Aortic enlargement,pointing_game,0.0
377,layer3,grad_cam,Aortic enlargement,energy_box,0.12025763839483261
377,layer3,grad_cam,Aortic enlargement,iou,0.2159048616886139
377,layer3,grad_cam,Aortic enlargement,distance,0.6434678447391631
377,layer3,grad_cam_plus_plus,Aortic enlargement,pointing_game,0.0
377,layer3,grad_cam_plus_plus,Aortic enlargement,energy_box,0.03825129196047783
377,layer3,grad_cam_plus_plus,Aortic enlargement,iou,0.07785407453775406
377,layer3,grad_cam_plus_plus,Aortic enlargement,distance,0.6434678447391631
377,layer3,xgrad_cam,Aortic enlargement,pointing_game,0.0
377,layer3,xgrad_cam,Aortic enlargement,energy_box,0.12023785710334778
377,layer3,xgrad_cam,Aortic enlargement,iou,0.232582688331604
377,layer3,xgrad_cam,Aortic enlargement,distance,0.6434678447391631
377,layer4,grad_cam,Aortic enlargement,pointing_game,1.0
377,layer4,grad_cam,Aortic enlargement,energy_box,0.05692771449685097
377,layer4,grad_cam,Aortic enlargement,iou,0.15043535828590393
377,layer4,grad_cam,Aortic enlargement,distance,0.18797551490791864
377,layer4,grad_cam_plus_plus,Aortic enlargement,pointing_game,1.0
377,layer4,grad_cam_plus_plus,Aortic enlargement,energy_box,0.054386626929044724
377,layer4,grad_cam_plus_plus,Aortic enlargement,iou,0.11961178481578827
377,layer4,grad_cam_plus_plus,Aortic enlargement,distance,0.17855022230429898
377,layer4,xgrad_cam,Aortic enlargement,pointing_game,1.0
377,layer4,xgrad_cam,Aortic enlargement,energy_box,0.05692771449685097
377,layer4,xgrad_cam,Aortic enlargement,iou,0.15043535828590393
377,layer4,xgrad_cam,Aortic enlargement,distance,0.18797551490791864
377,layer3,grad_cam,Cardiomegaly,pointing_game,0.0
377,layer3,grad_cam,Cardiomegaly,energy_box,0.10347818583250046
377,layer3,grad_cam,Cardiomegaly,iou,0.17893633246421814
377,layer3,grad_cam,Cardiomegaly,distance,1.2274061367199585
377,layer3,grad_cam_plus_plus,Cardiomegaly,pointing_game,0.0
377,layer3,grad_cam_plus_plus,Cardiomegaly,energy_box,0.04685606062412262
377,layer3,grad_cam_plus_plus,Cardiomegaly,iou,0.048974405974149704
377,layer3,grad_cam_plus_plus,Cardiomegaly,distance,0.9851578903181039
377,layer3,xgrad_cam,Cardiomegaly,pointing_game,1.0
377,layer3,xgrad_cam,Cardiomegaly,energy_box,0.09169657528400421
377,layer3,xgrad_cam,Cardiomegaly,iou,0.20842410624027252
377,layer3,xgrad_cam,Cardiomegaly,distance,0.10573796234665499
377,layer4,grad_cam,Cardiomegaly,pointing_game,1.0
377,layer4,grad_cam,Cardiomegaly,energy_box,0.11857149749994278
377,layer4,grad_cam,Cardiomegaly,iou,0.17473740875720978
377,layer4,grad_cam,Cardiomegaly,distance,0.0909375861189509
377,layer4,grad_cam_plus_plus,Cardiomegaly,pointing_game,1.0
377,layer4,grad_cam_plus_plus,Cardiomegaly,energy_box,0.11088003218173981
377,layer4,grad_cam_plus_plus,Cardiomegaly,iou,0.2288627028465271
377,layer4,grad_cam_plus_plus,Cardiomegaly,distance,0.08163183536728306
377,layer4,xgrad_cam,Cardiomegaly,pointing_game,1.0
377,layer4,xgrad_cam,Cardiomegaly,energy_box,0.11857149004936218
377,layer4,xgrad_cam,Cardiomegaly,iou,0.17473740875720978
377,layer4,xgrad_cam,Cardiomegaly,distance,0.0909375861189509
378,layer3,grad_cam,No finding,entropy,14.251686096191406
378,layer3,grad_cam,No finding,top_1pct,0.0742575004696846
378,layer3,grad_cam_plus_plus,No finding,entropy,15.574267387390137
378,layer3,grad_cam_plus_plus,No finding,top_1pct,0.02389250323176384
378,layer3,xgrad_cam,No finding,entropy,15.106513977050781
378,layer3,xgrad_cam,No finding,top_1pct,0.056349124759435654
378,layer4,grad_cam,No finding,entropy,14.755331039428711
378,layer4,grad_cam,No finding,top_1pct,0.04037423059344292
378,layer4,grad_cam_plus_plus,No finding,entropy,14.98901081085205
378,layer4,grad_cam_plus_plus,No finding,top_1pct,0.0361158512532711
378,layer4,xgrad_cam,No finding,entropy,14.755331039428711
378,layer4,xgrad_cam,No finding,top_1pct,0.04037422686815262
379,layer3,grad_cam,No finding,entropy,15.155867576599121
379,layer3,grad_cam,No finding,top_1pct,0.03489670529961586
379,layer3,grad_cam_plus_plus,No finding,entropy,15.588841438293457
379,layer3,grad_cam_plus_plus,No finding,top_1pct,0.01675240509212017
379,layer3,xgrad_cam,No finding,entropy,14.803586959838867
379,layer3,xgrad_cam,No finding,top_1pct,0.05239882320165634
379,layer4,grad_cam,No finding,entropy,13.795576095581055
379,layer4,grad_cam,No finding,top_1pct,0.08817166835069656
379,layer4,grad_cam_plus_plus,No finding,entropy,15.297823905944824
379,layer4,grad_cam_plus_plus,No finding,top_1pct,0.03438173606991768
379,layer4,xgrad_cam,No finding,entropy,13.795577049255371
379,layer4,xgrad_cam,No finding,top_1pct,0.08817167580127716
380,layer3,grad_cam,Aortic enlargement,pointing_game,0.0
380,layer3,grad_cam,Aortic enlargement,energy_box,0.05292845517396927
380,layer3,grad_cam,Aortic enlargement,iou,0.07264801859855652
380,layer3,grad_cam,Aortic enlargement,distance,1.1175685482437827
380,layer3,grad_cam_plus_plus,Aortic enlargement,pointing_game,0.0
380,layer3,grad_cam_plus_plus,Aortic enlargement,energy_box,0.013715112581849098
380,layer3,grad_cam_plus_plus,Aortic enlargement,iou,0.016070280224084854
380,layer3,grad_cam_plus_plus,Aortic enlargement,distance,2.2405849307621453
380,layer3,xgrad_cam,Aortic enlargement,pointing_game,1.0
380,layer3,xgrad_cam,Aortic enlargement,energy_box,0.05300113931298256
380,layer3,xgrad_cam,Aortic enlargement,iou,0.06939949840307236
380,layer3,xgrad_cam,Aortic enlargement,distance,0.14589251963289612
380,layer4,grad_cam,Aortic enlargement,pointing_game,0.0
380,layer4,grad_cam,Aortic enlargement,energy_box,0.024106090888381004
380,layer4,grad_cam,Aortic enlargement,iou,0.040112730115652084
380,layer4,grad_cam,Aortic enlargement,distance,1.0199916038632797
380,layer4,grad_cam_plus_plus,Aortic enlargement,pointing_game,0.0
380,layer4,grad_cam_plus_plus,Aortic enlargement,energy_box,0.020823689177632332
380,layer4,grad_cam_plus_plus,Aortic enlargement,iou,0.046847667545080185
380,layer4,grad_cam_plus_plus,Aortic enlargement,distance,2.0694085075918536
380,layer4,xgrad_cam,Aortic enlargement,pointing_game,0.0
380,layer4,xgrad_cam,Aortic enlargement,energy_box,0.024106089025735855
380,layer4,xgrad_cam,Aortic enlargement,iou,0.040112730115652084
380,layer4,xgrad_cam,Aortic enlargement,distance,1.0199916038632797
380,layer3,grad_cam,Cardiomegaly,pointing_game,1.0
380,layer3,grad_cam,Cardiomegaly,energy_box,0.2999657094478607
380,layer3,grad_cam,Cardiomegaly,iou,0.4269537627696991
380,layer3,grad_cam,Cardiomegaly,distance,0.10060295968598228
380,layer3,grad_cam_plus_plus,Cardiomegaly,pointing_game,0.0
380,layer3,grad_cam_plus_plus,Cardiomegaly,energy_box,0.07912503182888031
380,layer3,grad_cam_plus_plus,Cardiomegaly,iou,0.1127856895327568
380,layer3,grad_cam_plus_plus,Cardiomegaly,distance,1.1405187773954995
380,layer3,xgrad_cam,Cardiomegaly,pointing_game,1.0
380,layer3,xgrad_cam,Cardiomegaly,energy_box,0.2564435601234436
380,layer3,xgrad_cam,Cardiomegaly,iou,0.4339434802532196
380,layer3,xgrad_cam,Cardiomegaly,distance,0.11331081770532826
380,layer4,grad_cam,Cardiomegaly,pointing_game,1.0
380,layer4,grad_cam,Cardiomegaly,energy_box,0.20314987003803253
380,layer4,grad_cam,Cardiomegaly,iou,0.2667994797229767
380,layer4,grad_cam,Cardiomegaly,distance,0.15084292061865434
380,layer4,grad_cam_plus_plus,Cardiomegaly,pointing_game,1.0
380,layer4,grad_cam_plus_plus,Cardiomegaly,energy_box,0.19178786873817444
380,layer4,grad_cam_plus_plus,Cardiomegaly,iou,0.35295742750167847
380,layer4,grad_cam_plus_plus,Cardiomegaly,distance,0.13705975310917234
380,layer4,xgrad_cam,Cardiomegaly,pointing_game,1.0
380,layer4,xgrad_cam,Cardiomegaly,energy_box,0.20314985513687134
380,layer4,xgrad_cam,Cardiomegaly,iou,0.2667994797229767
380,layer4,xgrad_cam,Cardiomegaly,distance,0.15084292061865434
380,layer3,grad_cam,Nodule/Mass,pointing_game,0.0
380,layer3,grad_cam,Nodule/Mass,energy_box,0.007500072475522757
380,layer3,grad_cam,Nodule/Mass,iou,0.0
380,layer3,grad_cam,Nodule/Mass,distance,3.244568212282508
380,layer3,grad_cam_plus_plus,Nodule/Mass,pointing_game,0.0
380,layer3,grad_cam_plus_plus,Nodule/Mass,energy_box,0.025681445375084877
380,layer3,grad_cam_plus_plus,Nodule/Mass,iou,0.042665351182222366
380,layer3,grad_cam_plus_plus,Nodule/Mass,distance,3.0207802592777533
380,layer3,xgrad_cam,Nodule/Mass,pointing_game,0.0
380,layer3,xgrad_cam,Nodule/Mass,energy_box,0.0
380,layer3,xgrad_cam,Nodule/Mass,iou,0.0
380,layer3,xgrad_cam,Nodule/Mass,distance,3.2481717695539625
380,layer4,grad_cam,Nodule/Mass,pointing_game,0.0
380,layer4,grad_cam,Nodule/Mass,energy_box,0.0
380,layer4,grad_cam,Nodule/Mass,iou,0.0
380,layer4,grad_cam,Nodule/Mass,distance,2.636438209739356
380,layer4,grad_cam_plus_plus,Nodule/Mass,pointing_game,0.0
380,layer4,grad_cam_plus_plus,Nodule/Mass,energy_box,0.03696870058774948
380,layer4,grad_cam_plus_plus,Nodule/Mass,iou,0.11069996654987335
380,layer4,grad_cam_plus_plus,Nodule/Mass,distance,1.5813725090268826
380,layer4,xgrad_cam,Nodule/Mass,pointing_game,0.0
380,layer4,xgrad_cam,Nodule/Mass,energy_box,0.0
380,layer4,xgrad_cam,Nodule/Mass,iou,0.0
380,layer4,xgrad_cam,Nodule/Mass,distance,2.636438209739356
381,layer3,grad_cam,No finding,entropy,14.903654098510742
381,layer3,grad_cam,No finding,top_1pct,0.036916978657245636
381,layer3,grad_cam_plus_plus,No finding,entropy,15.415761947631836
381,layer3,grad_cam_plus_plus,No finding,top_1pct,0.04868004471063614
381,layer3,xgrad_cam,No finding,entropy,14.987299919128418
381,layer3,xgrad_cam,No finding,top_1pct,0.08667036890983582
381,layer4,grad_cam,No finding,entropy,14.70577621459961
381,layer4,grad_cam,No finding,top_1pct,0.039702557027339935
381,layer4,grad_cam_plus_plus,No finding,entropy,14.964885711669922
381,layer4,grad_cam_plus_plus,No finding,top_1pct,0.03531009331345558
381,layer4,xgrad_cam,No finding,entropy,14.705777168273926
381,layer4,xgrad_cam,No finding,top_1pct,0.039702557027339935
382,layer3,grad_cam,Aortic enlargement,pointing_game,0.0
382,layer3,grad_cam,Aortic enlargement,energy_box,0.0421304889023304
382,layer3,grad_cam,Aortic enlargement,iou,0.036467235535383224
382,layer3,grad_cam,Aortic enlargement,distance,2.170268915134011
382,layer3,grad_cam_plus_plus,Aortic enlargement,pointing_game,0.0
382,layer3,grad_cam_plus_plus,Aortic enlargement,energy_box,0.015796583145856857
382,layer3,grad_cam_plus_plus,Aortic enlargement,iou,0.02982543595135212
382,layer3,grad_cam_plus_plus,Aortic enlargement,distance,1.9666962709987361
382,layer3,xgrad_cam,Aortic enlargement,pointing_game,0.0
382,layer3,xgrad_cam,Aortic enlargement,energy_box,0.05264383554458618
382,layer3,xgrad_cam,Aortic enlargement,iou,0.057371992617845535
382,layer3,xgrad_cam,Aortic enlargement,distance,2.170268915134011
382,layer4,grad_cam,Aortic enlargement,pointing_game,1.0
382,layer4,grad_cam,Aortic enlargement,energy_box,0.02745174802839756
382,layer4,grad_cam,Aortic enlargement,iou,0.033253978937864304
382,layer4,grad_cam,Aortic enlargement,distance,0.2386600721252675
382,layer4,grad_cam_plus_plus,Aortic enlargement,pointing_game,0.0
382,layer4,grad_cam_plus_plus,Aortic enlargement,energy_box,0.021702824160456657
382,layer4,grad_cam_plus_plus,Aortic enlargement,iou,0.0406147800385952
382,layer4,grad_cam_plus_plus,Aortic enlargement,distance,1.661326200569898
382,layer4,xgrad_cam,Aortic enlargement,pointing_game,1.0
382,layer4,xgrad_cam,Aortic enlargement,energy_box,0.02745174989104271
382,layer4,xgrad_cam,Aortic enlargement,iou,0.033253978937864304
382,layer4,xgrad_cam,Aortic enlargement,distance,0.2386600721252675
382,layer3,grad_cam,Cardiomegaly,pointing_game,0.0
382,layer3,grad_cam,Cardiomegaly,energy_box,0.08876581490039825
382,layer3,grad_cam,Cardiomegaly,iou,0.07051420956850052
382,layer3,grad_cam,Cardiomegaly,distance,1.6487605898192106
382,layer3,grad_cam_plus_plus,Cardiomegaly,pointing_game,0.0
382,layer3,grad_cam_plus_plus,Cardiomegaly,energy_box,0.053000789135694504
382,layer3,grad_cam_plus_plus,Cardiomegaly,iou,0.06365545094013214
382,layer3,grad_cam_plus_plus,Cardiomegaly,distance,0.9681504643567084
382,layer3,xgrad_cam,Cardiomegaly,pointing_game,0.0
382,layer3,xgrad_cam,Cardiomegaly,energy_box,0.07045415788888931
382,layer3,xgrad_cam,Cardiomegaly,iou,0.048526864498853683
382,layer3,xgrad_cam,Cardiomegaly,distance,1.6487605898192106
382,layer4,grad_cam,Cardiomegaly,pointing_game,0.0
382,layer4,grad_cam,Cardiomegaly,energy_box,0.11324727535247803
382,layer4,grad_cam,Cardiomegaly,iou,0.15075628459453583
382,layer4,grad_cam,Cardiomegaly,distance,0.489333817462875
382,layer4,grad_cam_plus_plus,Cardiomegaly,pointing_game,0.0
382,layer4,grad_cam_plus_plus,Cardiomegaly,energy_box,0.080494724214077
382,layer4,grad_cam_plus_plus,Cardiomegaly,iou,0.1692487895488739
382,layer4,grad_cam_plus_plus,Cardiomegaly,distance,0.8597722704713187
382,layer4,xgrad_cam,Cardiomegaly,pointing_game,0.0
382,layer4,xgrad_cam,Cardiomegaly,energy_box,0.11324726790189743
382,layer4,xgrad_cam,Cardiomegaly,iou,0.15075628459453583
382,layer4,xgrad_cam,Cardiomegaly,distance,0.489333817462875
382,layer3,grad_cam,Lung Opacity,pointing_game,0.0
382,layer3,grad_cam,Lung Opacity,energy_box,0.07164306938648224
382,layer3,grad_cam,Lung Opacity,iou,0.0008862105896696448
382,layer3,grad_cam,Lung Opacity,distance,1.6166554573283314
382,layer3,grad_cam_plus_plus,Lung Opacity,pointing_game,0.0
382,layer3,grad_cam_plus_plus,Lung Opacity,energy_box,0.033810000866651535
382,layer3,grad_cam_plus_plus,Lung Opacity,iou,0.007551766000688076
382,layer3,grad_cam_plus_plus,Lung Opacity,distance,2.725052303645169
382,layer3,xgrad_cam,Lung Opacity,pointing_game,0.0
382,layer3,xgrad_cam,Lung Opacity,energy_box,0.0599803701043129
382,layer3,xgrad_cam,Lung Opacity,iou,0.0
382,layer3,xgrad_cam,Lung Opacity,distance,1.6106570103489484
382,layer4,grad_cam,Lung Opacity,pointing_game,1.0
382,layer4,grad_cam,Lung Opacity,energy_box,0.09940104186534882
382,layer4,grad_cam,Lung Opacity,iou,0.13366013765335083
382,layer4,grad_cam,Lung Opacity,distance,0.15009692275636313
382,layer4,grad_cam_plus_plus,Lung Opacity,pointing_game,0.0
382,layer4,grad_cam_plus_plus,Lung Opacity,energy_box,0.06868850439786911
382,layer4,grad_cam_plus_plus,Lung Opacity,iou,0.12363725155591965
382,layer4,grad_cam_plus_plus,Lung Opacity,distance,0.8964178475576977
382,layer4,xgrad_cam,Lung Opacity,pointing_game,1.0
382,layer4,xgrad_cam,Lung Opacity,energy_box,0.09940104931592941
382,layer4,xgrad_cam,Lung Opacity,iou,0.13366013765335083
382,layer4,xgrad_cam,Lung Opacity,distance,0.15009692275636313
382,layer3,grad_cam,Other lesion,pointing_game,0.0
382,layer3,grad_cam,Other lesion,energy_box,0.0019648694433271885
382,layer3,grad_cam,Other lesion,iou,0.0
382,layer3,grad_cam,Other lesion,distance,11.277070272458444
382,layer3,grad_cam_plus_plus,Other lesion,pointing_game,0.0
382,layer3,grad_cam_plus_plus,Other lesion,energy_box,0.0011075043585151434
382,layer3,grad_cam_plus_plus,Other lesion,iou,0.0
382,layer3,grad_cam_plus_plus,Other lesion,distance,3.7630613283360583
382,layer3,xgrad_cam,Other lesion,pointing_game,0.0
382,layer3,xgrad_cam,Other lesion,energy_box,0.0030239515472203493
382,layer3,xgrad_cam,Other lesion,iou,0.0
382,layer3,xgrad_cam,Other lesion,distance,11.256200816762421
382,layer4,grad_cam,Other lesion,pointing_game,0.0
382,layer4,grad_cam,Other lesion,energy_box,0.0
382,layer4,grad_cam,Other lesion,iou,0.0
382,layer4,grad_cam,Other lesion,distance,9.511137204244202
382,layer4,grad_cam_plus_plus,Other lesion,pointing_game,0.0
382,layer4,grad_cam_plus_plus,Other lesion,energy_box,0.0020090353209525347
382,layer4,grad_cam_plus_plus,Other lesion,iou,0.0
382,layer4,grad_cam_plus_plus,Other lesion,distance,3.254522659580266
382,layer4,xgrad_cam,Other lesion,pointing_game,0.0
382,layer4,xgrad_cam,Other lesion,energy_box,0.0
382,layer4,xgrad_cam,Other lesion,iou,0.0
382,layer4,xgrad_cam,Other lesion,distance,9.511137204244202
382,layer3,grad_cam,Pleural effusion,pointing_game,0.0
382,layer3,grad_cam,Pleural effusion,energy_box,0.05828176066279411
382,layer3,grad_cam,Pleural effusion,iou,0.0476190485060215
382,layer3,grad_cam,Pleural effusion,distance,1.4607618917178136
382,layer3,grad_cam_plus_plus,Pleural effusion,pointing_game,0.0
382,layer3,grad_cam_plus_plus,Pleural effusion,energy_box,0.020866576582193375
382,layer3,grad_cam_plus_plus,Pleural effusion,iou,0.0
382,layer3,grad_cam_plus_plus,Pleural effusion,distance,1.1065180573928335
382,layer3,xgrad_cam,Pleural effusion,pointing_game,0.0
382,layer3,xgrad_cam,Pleural effusion,energy_box,0.0430029034614563
382,layer3,xgrad_cam,Pleural effusion,iou,0.04012022912502289
382,layer3,xgrad_cam,Pleural effusion,distance,1.6708635924063642
382,layer4,grad_cam,Pleural effusion,pointing_game,0.0
382,layer4,grad_cam,Pleural effusion,energy_box,0.040747348219156265
382,layer4,grad_cam,Pleural effusion,iou,0.044999558478593826
382,layer4,grad_cam,Pleural effusion,distance,0.5343333061781648
382,layer4,grad_cam_plus_plus,Pleural effusion,pointing_game,0.0
382,layer4,grad_cam_plus_plus,Pleural effusion,energy_box,0.041548412293195724
382,layer4,grad_cam_plus_plus,Pleural effusion,iou,0.06578279286623001
382,layer4,grad_cam_plus_plus,Pleural effusion,distance,0.5208419389280413
382,layer4,xgrad_cam,Pleural effusion,pointing_game,0.0
382,layer4,xgrad_cam,Pleural effusion,energy_box,0.040747351944446564
382,layer4,xgrad_cam,Pleural effusion,iou,0.044999558478593826
382,layer4,xgrad_cam,Pleural effusion,distance,0.5343333061781648
383,layer3,grad_cam,Aortic enlargement,pointing_game,0.0
383,layer3,grad_cam,Aortic enlargement,energy_box,0.028862180188298225
383,layer3,grad_cam,Aortic enlargement,iou,0.0
383,layer3,grad_cam,Aortic enlargement,distance,3.7250327228420637
383,layer3,grad_cam_plus_plus,Aortic enlargement,pointing_game,0.0
383,layer3,grad_cam_plus_plus,Aortic enlargement,energy_box,0.014217188581824303
383,layer3,grad_cam_plus_plus,Aortic enlargement,iou,0.0
383,layer3,grad_cam_plus_plus,Aortic enlargement,distance,3.7250327228420637
383,layer3,xgrad_cam,Aortic enlargement,pointing_game,0.0
383,layer3,xgrad_cam,Aortic enlargement,energy_box,0.031017450615763664
383,layer3,xgrad_cam,Aortic enlargement,iou,0.0
383,layer3,xgrad_cam,Aortic enlargement,distance,3.6437880762649453
383,layer4,grad_cam,Aortic enlargement,pointing_game,0.0
383,layer4,grad_cam,Aortic enlargement,energy_box,0.0267502311617136
383,layer4,grad_cam,Aortic enlargement,iou,0.03757920116186142
383,layer4,grad_cam,Aortic enlargement,distance,1.6377150960491353
383,layer4,grad_cam_plus_plus,Aortic enlargement,pointing_game,0.0
383,layer4,grad_cam_plus_plus,Aortic enlargement,energy_box,0.022961989045143127
383,layer4,grad_cam_plus_plus,Aortic enlargement,iou,0.06786838918924332
383,layer4,grad_cam_plus_plus,Aortic enlargement,distance,1.6294343019428401
383,layer4,xgrad_cam,Aortic enlargement,pointing_game,0.0
383,layer4,xgrad_cam,Aortic enlargement,energy_box,0.026750236749649048
383,layer4,xgrad_cam,Aortic enlargement,iou,0.03757920116186142
383,layer4,xgrad_cam,Aortic enlargement,distance,1.6377150960491353
383,layer3,grad_cam,Calcification,pointing_game,0.0
383,layer3,grad_cam,Calcification,energy_box,0.0
383,layer3,grad_cam,Calcification,iou,0.0
383,layer3,grad_cam,Calcification,distance,17.239498282278802
383,layer3,grad_cam_plus_plus,Calcification,pointing_game,0.0
383,layer3,grad_cam_plus_plus,Calcification,energy_box,0.0011910140747204423
383,layer3,grad_cam_plus_plus,Calcification,iou,0.0
383,layer3,grad_cam_plus_plus,Calcification,distance,12.800224714058027
383,layer3,xgrad_cam,Calcification,pointing_game,0.0
383,layer3,xgrad_cam,Calcification,energy_box,0.0
383,layer3,xgrad_cam,Calcification,iou,0.0
383,layer3,xgrad_cam,Calcification,distance,17.239498282278802
383,layer4,grad_cam,Calcification,pointing_game,0.0
383,layer4,grad_cam,Calcification,energy_box,0.04421422630548477
383,layer4,grad_cam,Calcification,iou,0.12202852964401245
383,layer4,grad_cam,Calcification,distance,0.6652473681564971
383,layer4,grad_cam_plus_plus,Calcification,pointing_game,0.0
383,layer4,grad_cam_plus_plus,Calcification,energy_box,0.002261523623019457
383,layer4,grad_cam_plus_plus,Calcification,iou,0.0
383,layer4,grad_cam_plus_plus,Calcification,distance,4.585620487880348
383,layer4,xgrad_cam,Calcification,pointing_game,0.0
383,layer4,xgrad_cam,Calcification,energy_box,0.04421418160200119
383,layer4,xgrad_cam,Calcification,iou,0.12202852964401245
383,layer4,xgrad_cam,Calcification,distance,0.6652473681564971
383,layer3,grad_cam,Other lesion,pointing_game,0.0
383,layer3,grad_cam,Other lesion,energy_box,0.10545150190591812
383,layer3,grad_cam,Other lesion,iou,0.1132672131061554
383,layer3,grad_cam,Other lesion,distance,1.5293793266185125
383,layer3,grad_cam_plus_plus,Other lesion,pointing_game,0.0
383,layer3,grad_cam_plus_plus,Other lesion,energy_box,0.06643582880496979
383,layer3,grad_cam_plus_plus,Other lesion,iou,0.0
383,layer3,grad_cam_plus_plus,Other lesion,distance,1.297230844305314
383,layer3,xgrad_cam,Other lesion,pointing_game,0.0
383,layer3,xgrad_cam,Other lesion,energy_box,0.10259990394115448
383,layer3,xgrad_cam,Other lesion,iou,0.0
383,layer3,xgrad_cam,Other lesion,distance,1.3072180502416155
383,layer4,grad_cam,Other lesion,pointing_game,0.0
383,layer4,grad_cam,Other lesion,energy_box,0.0
383,layer4,grad_cam,Other lesion,iou,0.0
383,layer4,grad_cam,Other lesion,distance,1.3567630713739047
383,layer4,grad_cam_plus_plus,Other lesion,pointing_game,0.0
383,layer4,grad_cam_plus_plus,Other lesion,energy_box,0.08676183968782425
383,layer4,grad_cam_plus_plus,Other lesion,iou,0.06290490925312042
383,layer4,grad_cam_plus_plus,Other lesion,distance,1.0775599907345306
383,layer4,xgrad_cam,Other lesion,pointing_game,0.0
383,layer4,xgrad_cam,Other lesion,energy_box,0.0
383,layer4,xgrad_cam,Other lesion,iou,0.0
383,layer4,xgrad_cam,Other lesion,distance,1.3567630713739047
383,layer3,grad_cam,Pulmonary fibrosis,pointing_game,0.0
383,layer3,grad_cam,Pulmonary fibrosis,energy_box,0.0
383,layer3,grad_cam,Pulmonary fibrosis,iou,0.0
383,layer3,grad_cam,Pulmonary fibrosis,distance,12.648430079629135
383,layer3,grad_cam_plus_plus,Pulmonary fibrosis,pointing_game,0.0
383,layer3,grad_cam_plus_plus,Pulmonary fibrosis,energy_box,0.0009254475007764995
383,layer3,grad_cam_plus_plus,Pulmonary fibrosis,iou,0.0
383,layer3,grad_cam_plus_plus,Pulmonary fibrosis,distance,12.800224714058027
383,layer3,xgrad_cam,Pulmonary fibrosis,pointing_game,0.0
383,layer3,xgrad_cam,Pulmonary fibrosis,energy_box,5.5420250646420754e-06
383,layer3,xgrad_cam,Pulmonary fibrosis,iou,0.0
383,layer3,xgrad_cam,Pulmonary fibrosis,distance,12.648430079629135
383,layer4,grad_cam,Pulmonary fibrosis,pointing_game,0.0
383,layer4,grad_cam,Pulmonary fibrosis,energy_box,0.0
383,layer4,grad_cam,Pulmonary fibrosis,iou,0.0
383,layer4,grad_cam,Pulmonary fibrosis,distance,12.606041113763172
383,layer4,grad_cam_plus_plus,Pulmonary fibrosis,pointing_game,0.0
383,layer4,grad_cam_plus_plus,Pulmonary fibrosis,energy_box,0.0014880833914503455
383,layer4,grad_cam_plus_plus,Pulmonary fibrosis,iou,0.0
383,layer4,grad_cam_plus_plus,Pulmonary fibrosis,distance,12.606041113763172
383,layer4,xgrad_cam,Pulmonary fibrosis,pointing_game,0.0
383,layer4,xgrad_cam,Pulmonary fibrosis,energy_box,0.0
383,layer4,xgrad_cam,Pulmonary fibrosis,iou,0.0
383,layer4,xgrad_cam,Pulmonary fibrosis,distance,12.606041113763172
384,layer3,grad_cam,Aortic enlargement,pointing_game,0.0
384,layer3,grad_cam,Aortic enlargement,energy_box,0.014429743401706219
384,layer3,grad_cam,Aortic enlargement,iou,0.0
384,layer3,grad_cam,Aortic enlargement,distance,2.708545855905206
384,layer3,grad_cam_plus_plus,Aortic enlargement,pointing_game,0.0
384,layer3,grad_cam_plus_plus,Aortic enlargement,energy_box,0.011368493549525738
384,layer3,grad_cam_plus_plus,Aortic enlargement,iou,0.01566503196954727
384,layer3,grad_cam_plus_plus,Aortic enlargement,distance,2.9663655040017254
384,layer3,xgrad_cam,Aortic enlargement,pointing_game,0.0
384,layer3,xgrad_cam,Aortic enlargement,energy_box,0.002112756483256817
384,layer3,xgrad_cam,Aortic enlargement,iou,0.0
384,layer3,xgrad_cam,Aortic enlargement,distance,2.6803334809342307
384,layer4,grad_cam,Aortic enlargement,pointing_game,0.0
384,layer4,grad_cam,Aortic enlargement,energy_box,0.008092119358479977
384,layer4,grad_cam,Aortic enlargement,iou,0.0
384,layer4,grad_cam,Aortic enlargement,distance,2.8513182667839256
384,layer4,grad_cam_plus_plus,Aortic enlargement,pointing_game,0.0
384,layer4,grad_cam_plus_plus,Aortic enlargement,energy_box,0.014419405721127987
384,layer4,grad_cam_plus_plus,Aortic enlargement,iou,0.03540763631463051
384,layer4,grad_cam_plus_plus,Aortic enlargement,distance,1.6764200252309567
384,layer4,xgrad_cam,Aortic enlargement,pointing_game,0.0
384,layer4,xgrad_cam,Aortic enlargement,energy_box,0.008092119358479977
384,layer4,xgrad_cam,Aortic enlargement,iou,0.0
384,layer4,xgrad_cam,Aortic enlargement,distance,2.8513182667839256
384,layer3,grad_cam,Lung Opacity,pointing_game,0.0
384,layer3,grad_cam,Lung Opacity,energy_box,0.0
384,layer3,grad_cam,Lung Opacity,iou,0.0
384,layer3,grad_cam,Lung Opacity,distance,3.3347981357985828
384,layer3,grad_cam_plus_plus,Lung Opacity,pointing_game,0.0
384,layer3,grad_cam_plus_plus,Lung Opacity,energy_box,0.024030402302742004
384,layer3,grad_cam_plus_plus,Lung Opacity,iou,0.027110425755381584
384,layer3,grad_cam_plus_plus,Lung Opacity,distance,3.75223845870272
384,layer3,xgrad_cam,Lung Opacity,pointing_game,0.0
384,layer3,xgrad_cam,Lung Opacity,energy_box,0.0
384,layer3,xgrad_cam,Lung Opacity,iou,0.0
384,layer3,xgrad_cam,Lung Opacity,distance,2.9220835150997764
384,layer4,grad_cam,Lung Opacity,pointing_game,0.0
384,layer4,grad_cam,Lung Opacity,energy_box,0.0
384,layer4,grad_cam,Lung Opacity,iou,0.0
384,layer4,grad_cam,Lung Opacity,distance,1.9393221155052405
384,layer4,grad_cam_plus_plus,Lung Opacity,pointing_game,0.0
384,layer4,grad_cam_plus_plus,Lung Opacity,energy_box,0.03114441968500614
384,layer4,grad_cam_plus_plus,Lung Opacity,iou,0.041292447596788406
384,layer4,grad_cam_plus_plus,Lung Opacity,distance,1.9393221155052405
384,layer4,xgrad_cam,Lung Opacity,pointing_game,0.0
384,layer4,xgrad_cam,Lung Opacity,energy_box,0.0
384,layer4,xgrad_cam,Lung Opacity,iou,0.0
384,layer4,xgrad_cam,Lung Opacity,distance,1.9393221155052405
384,layer3,grad_cam,Other lesion,pointing_game,0.0
384,layer3,grad_cam,Other lesion,energy_box,0.011957061477005482
384,layer3,grad_cam,Other lesion,iou,0.0
384,layer3,grad_cam,Other lesion,distance,1.50782637629197
384,layer3,grad_cam_plus_plus,Other lesion,pointing_game,0.0
384,layer3,grad_cam_plus_plus,Other lesion,energy_box,0.01940864697098732
384,layer3,grad_cam_plus_plus,Other lesion,iou,0.009820332750678062
384,layer3,grad_cam_plus_plus,Other lesion,distance,2.6840813194987616
384,layer3,xgrad_cam,Other lesion,pointing_game,0.0
384,layer3,xgrad_cam,Other lesion,energy_box,0.013610471040010452
384,layer3,xgrad_cam,Other lesion,iou,0.0
384,layer3,xgrad_cam,Other lesion,distance,1.183746783777621
384,layer4,grad_cam,Other lesion,pointing_game,0.0
384,layer4,grad_cam,Other lesion,energy_box,0.0
384,layer4,grad_cam,Other lesion,iou,0.0
384,layer4,grad_cam,Other lesion,distance,1.4505076579847551
384,layer4,grad_cam_plus_plus,Other lesion,pointing_game,0.0
384,layer4,grad_cam_plus_plus,Other lesion,energy_box,0.03153619170188904
384,layer4,grad_cam_plus_plus,Other lesion,iou,0.06594214588403702
384,layer4,grad_cam_plus_plus,Other lesion,distance,1.0338775802214226
384,layer4,xgrad_cam,Other lesion,pointing_game,0.0
384,layer4,xgrad_cam,Other lesion,energy_box,0.0
384,layer4,xgrad_cam,Other lesion,iou,0.0
384,layer4,xgrad_cam,Other lesion,distance,1.4505076579847551
384,layer3,grad_cam,Pleural effusion,pointing_game,0.0
384,layer3,grad_cam,Pleural effusion,energy_box,0.008057271130383015
384,layer3,grad_cam,Pleural effusion,iou,0.0
384,layer3,grad_cam,Pleural effusion,distance,6.584478842349398
384,layer3,grad_cam_plus_plus,Pleural effusion,pointing_game,0.0
384,layer3,grad_cam_plus_plus,Pleural effusion,energy_box,0.0063420869410037994
384,layer3,grad_cam_plus_plus,Pleural effusion,iou,0.008866994641721249
384,layer3,grad_cam_plus_plus,Pleural effusion,distance,5.520019811205926
384,layer3,xgrad_cam,Pleural effusion,pointing_game,0.0
384,layer3,xgrad_cam,Pleural effusion,energy_box,0.008128553628921509
384,layer3,xgrad_cam,Pleural effusion,iou,0.0
384,layer3,xgrad_cam,Pleural effusion,distance,3.875333759826142
384,layer4,grad_cam,Pleural effusion,pointing_game,0.0
384,layer4,grad_cam,Pleural effusion,energy_box,0.0009759499225765467
384,layer4,grad_cam,Pleural effusion,iou,0.0
384,layer4,grad_cam,Pleural effusion,distance,1.6231995232582592
384,layer4,grad_cam_plus_plus,Pleural effusion,pointing_game,0.0
384,layer4,grad_cam_plus_plus,Pleural effusion,energy_box,0.006285913288593292
384,layer4,grad_cam_plus_plus,Pleural effusion,iou,0.013570770621299744
384,layer4,grad_cam_plus_plus,Pleural effusion,distance,1.7617669538268723
384,layer4,xgrad_cam,Pleural effusion,pointing_game,0.0
384,layer4,xgrad_cam,Pleural effusion,energy_box,0.0009759498643688858
384,layer4,xgrad_cam,Pleural effusion,iou,0.0
384,layer4,xgrad_cam,Pleural effusion,distance,1.6231995232582592
384,layer3,grad_cam,Pleural thickening,pointing_game,0.0
384,layer3,grad_cam,Pleural thickening,energy_box,0.014265269041061401
384,layer3,grad_cam,Pleural thickening,iou,0.0
384,layer3,grad_cam,Pleural thickening,distance,6.594740862943947
384,layer3,grad_cam_plus_plus,Pleural thickening,pointing_game,0.0
384,layer3,grad_cam_plus_plus,Pleural thickening,energy_box,0.006599666550755501
384,layer3,grad_cam_plus_plus,Pleural thickening,iou,0.010156729258596897
384,layer3,grad_cam_plus_plus,Pleural thickening,distance,5.480723131168129
384,layer3,xgrad_cam,Pleural thickening,pointing_game,0.0
384,layer3,xgrad_cam,Pleural thickening,energy_box,0.013710062019526958
384,layer3,xgrad_cam,Pleural thickening,iou,0.0
384,layer3,xgrad_cam,Pleural thickening,distance,6.594740862943947
384,layer4,grad_cam,Pleural thickening,pointing_game,0.0
384,layer4,grad_cam,Pleural thickening,energy_box,0.004073803313076496
384,layer4,grad_cam,Pleural thickening,iou,0.0
384,layer4,grad_cam,Pleural thickening,distance,1.6480171672667119
384,layer4,grad_cam_plus_plus,Pleural thickening,pointing_game,0.0
384,layer4,grad_cam_plus_plus,Pleural thickening,energy_box,0.004162291996181011
384,layer4,grad_cam_plus_plus,Pleural thickening,iou,0.0
384,layer4,grad_cam_plus_plus,Pleural thickening,distance,1.7617669538268723
384,layer4,xgrad_cam,Pleural thickening,pointing_game,0.0
384,layer4,xgrad_cam,Pleural thickening,energy_box,0.004073798656463623
384,layer4,xgrad_cam,Pleural thickening,iou,0.0
384,layer4,xgrad_cam,Pleural thickening,distance,1.6480171672667119
384,layer3,grad_cam,Pulmonary fibrosis,pointing_game,0.0
384,layer3,grad_cam,Pulmonary fibrosis,energy_box,0.006681052502244711
384,layer3,grad_cam,Pulmonary fibrosis,iou,0.0
384,layer3,grad_cam,Pulmonary fibrosis,distance,1.0999637511286098
384,layer3,grad_cam_plus_plus,Pulmonary fibrosis,pointing_game,0.0
384,layer3,grad_cam_plus_plus,Pulmonary fibrosis,energy_box,0.02902671881020069
384,layer3,grad_cam_plus_plus,Pulmonary fibrosis,iou,0.041429635137319565
384,layer3,grad_cam_plus_plus,Pulmonary fibrosis,distance,3.328994191302413
384,layer3,xgrad_cam,Pulmonary fibrosis,pointing_game,0.0
384,layer3,xgrad_cam,Pulmonary fibrosis,energy_box,0.002196026034653187
384,layer3,xgrad_cam,Pulmonary fibrosis,iou,0.0
384,layer3,xgrad_cam,Pulmonary fibrosis,distance,2.6021803277069484
384,layer4,grad_cam,Pulmonary fibrosis,pointing_game,0.0
384,layer4,grad_cam,Pulmonary fibrosis,energy_box,0.016794590279459953
384,layer4,grad_cam,Pulmonary fibrosis,iou,0.0
384,layer4,grad_cam,Pulmonary fibrosis,distance,1.4980604032355576
384,layer4,grad_cam_plus_plus,Pulmonary fibrosis,pointing_game,0.0
384,layer4,grad_cam_plus_plus,Pulmonary fibrosis,energy_box,0.044732894748449326
384,layer4,grad_cam_plus_plus,Pulmonary fibrosis,iou,0.08483187109231949
384,layer4,grad_cam_plus_plus,Pulmonary fibrosis,distance,1.4799326633664582
384,layer4,xgrad_cam,Pulmonary fibrosis,pointing_game,0.0
384,layer4,xgrad_cam,Pulmonary fibrosis,energy_box,0.0167945995926857
384,layer4,xgrad_cam,Pulmonary fibrosis,iou,0.0
384,layer4,xgrad_cam,Pulmonary fibrosis,distance,1.4980604032355576
385,layer3,grad_cam,No finding,entropy,14.88140869140625
385,layer3,grad_cam,No finding,top_1pct,0.0414925217628479
385,layer3,grad_cam_plus_plus,No finding,entropy,15.5848970413208
385,layer3,grad_cam_plus_plus,No finding,top_1pct,0.017363231629133224
385,layer3,xgrad_cam,No finding,entropy,15.135272979736328
385,layer3,xgrad_cam,No finding,top_1pct,0.036240655928850174
385,layer4,grad_cam,No finding,entropy,15.066265106201172
385,layer4,grad_cam,No finding,top_1pct,0.034779176115989685
385,layer4,grad_cam_plus_plus,No finding,entropy,15.20646858215332
385,layer4,grad_cam_plus_plus,No finding,top_1pct,0.03151703625917435
385,layer4,xgrad_cam,No finding,entropy,15.066264152526855
385,layer4,xgrad_cam,No finding,top_1pct,0.034779176115989685
386,layer3,grad_cam,No finding,entropy,15.253093719482422
386,layer3,grad_cam,No finding,top_1pct,0.03057743050158024
386,layer3,grad_cam_plus_plus,No finding,entropy,15.416964530944824
386,layer3,grad_cam_plus_plus,No finding,top_1pct,0.04708701744675636
386,layer3,xgrad_cam,No finding,entropy,14.90433120727539
386,layer3,xgrad_cam,No finding,top_1pct,0.08860994130373001
386,layer4,grad_cam,No finding,entropy,14.45457649230957
386,layer4,grad_cam,No finding,top_1pct,0.045866601169109344
386,layer4,grad_cam_plus_plus,No finding,entropy,14.769211769104004
386,layer4,grad_cam_plus_plus,No finding,top_1pct,0.041772376745939255
386,layer4,xgrad_cam,No finding,entropy,14.45457649230957
386,layer4,xgrad_cam,No finding,top_1pct,0.045866601169109344
387,layer3,grad_cam,No finding,entropy,15.15594482421875
387,layer3,grad_cam,No finding,top_1pct,0.03229031339287758
387,layer3,grad_cam_plus_plus,No finding,entropy,15.367591857910156
387,layer3,grad_cam_plus_plus,No finding,top_1pct,0.05258207395672798
387,layer3,xgrad_cam,No finding,entropy,14.83984088897705
387,layer3,xgrad_cam,No finding,top_1pct,0.09270372241735458
387,layer4,grad_cam,No finding,entropy,14.474274635314941
387,layer4,grad_cam,No finding,top_1pct,0.042054615914821625
387,layer4,grad_cam_plus_plus,No finding,entropy,14.832544326782227
387,layer4,grad_cam_plus_plus,No finding,top_1pct,0.03668464720249176
387,layer4,xgrad_cam,No finding,entropy,14.474275588989258
387,layer4,xgrad_cam,No finding,top_1pct,0.04205462336540222
388,layer3,grad_cam,No finding,entropy,14.999208450317383
388,layer3,grad_cam,No finding,top_1pct,0.03467441350221634
388,layer3,grad_cam_plus_plus,No finding,entropy,15.584705352783203
388,layer3,grad_cam_plus_plus,No finding,top_1pct,0.016911078244447708
388,layer3,xgrad_cam,No finding,entropy,15.11837387084961
388,layer3,xgrad_cam,No finding,top_1pct,0.03548954427242279
388,layer4,grad_cam,No finding,entropy,14.430301666259766
388,layer4,grad_cam,No finding,top_1pct,0.054862916469573975
388,layer4,grad_cam_plus_plus,No finding,entropy,14.872403144836426
388,layer4,grad_cam_plus_plus,No finding,top_1pct,0.04574531316757202
388,layer4,xgrad_cam,No finding,entropy,14.430299758911133
388,layer4,xgrad_cam,No finding,top_1pct,0.05486290529370308
389,layer3,grad_cam,Aortic enlargement,pointing_game,0.0
389,layer3,grad_cam,Aortic enlargement,energy_box,0.0013886733213439584
389,layer3,grad_cam,Aortic enlargement,iou,0.0
389,layer3,grad_cam,Aortic enlargement,distance,2.355666235986359
389,layer3,grad_cam_plus_plus,Aortic enlargement,pointing_game,0.0
389,layer3,grad_cam_plus_plus,Aortic enlargement,energy_box,0.007922673597931862
389,layer3,grad_cam_plus_plus,Aortic enlargement,iou,0.0033831715118139982
389,layer3,grad_cam_plus_plus,Aortic enlargement,distance,2.388799939208599
389,layer3,xgrad_cam,Aortic enlargement,pointing_game,0.0
389,layer3,xgrad_cam,Aortic enlargement,energy_box,0.0016835464630275965
389,layer3,xgrad_cam,Aortic enlargement,iou,0.0
389,layer3,xgrad_cam,Aortic enlargement,distance,2.355666235986359
389,layer4,grad_cam,Aortic enlargement,pointing_game,0.0
389,layer4,grad_cam,Aortic enlargement,energy_box,0.008604620583355427
389,layer4,grad_cam,Aortic enlargement,iou,0.0
389,layer4,grad_cam,Aortic enlargement,distance,1.9844424779796301
389,layer4,grad_cam_plus_plus,Aortic enlargement,pointing_game,0.0
389,layer4,grad_cam_plus_plus,Aortic enlargement,energy_box,0.015893524512648582
389,layer4,grad_cam_plus_plus,Aortic enlargement,iou,0.04878319799900055
389,layer4,grad_cam_plus_plus,Aortic enlargement,distance,1.3094946190336931
389,layer4,xgrad_cam,Aortic enlargement,pointing_game,0.0
389,layer4,xgrad_cam,Aortic enlargement,energy_box,0.008604622446000576
389,layer4,xgrad_cam,Aortic enlargement,iou,0.0
389,layer4,xgrad_cam,Aortic enlargement,distance,1.9844424779796301
389,layer3,grad_cam,Cardiomegaly,pointing_game,1.0
389,layer3,grad_cam,Cardiomegaly,energy_box,0.14365482330322266
389,layer3,grad_cam,Cardiomegaly,iou,0.298089861869812
389,layer3,grad_cam,Cardiomegaly,distance,0.14108089887937458
389,layer3,grad_cam_plus_plus,Cardiomegaly,pointing_game,0.0
389,layer3,grad_cam_plus_plus,Cardiomegaly,energy_box,0.04871955141425133
389,layer3,grad_cam_plus_plus,Cardiomegaly,iou,0.06412183493375778
389,layer3,grad_cam_plus_plus,Cardiomegaly,distance,2.102221995537258
389,layer3,xgrad_cam,Cardiomegaly,pointing_game,1.0
389,layer3,xgrad_cam,Cardiomegaly,energy_box,0.13672970235347748
389,layer3,xgrad_cam,Cardiomegaly,iou,0.3083238899707794
389,layer3,xgrad_cam,Cardiomegaly,distance,0.14108089887937458
389,layer4,grad_cam,Cardiomegaly,pointing_game,0.0
389,layer4,grad_cam,Cardiomegaly,energy_box,0.15888381004333496
389,layer4,grad_cam,Cardiomegaly,iou,0.23481911420822144
389,layer4,grad_cam,Cardiomegaly,distance,0.26095874045863826
389,layer4,grad_cam_plus_plus,Cardiomegaly,pointing_game,0.0
389,layer4,grad_cam_plus_plus,Cardiomegaly,energy_box,0.10808509588241577
389,layer4,grad_cam_plus_plus,Cardiomegaly,iou,0.25948184728622437
389,layer4,grad_cam_plus_plus,Cardiomegaly,distance,0.26095874045863826
389,layer4,xgrad_cam,Cardiomegaly,pointing_game,0.0
389,layer4,xgrad_cam,Cardiomegaly,energy_box,0.15888379514217377
389,layer4,xgrad_cam,Cardiomegaly,iou,0.23481911420822144
389,layer4,xgrad_cam,Cardiomegaly,distance,0.26095874045863826
389,layer3,grad_cam,Pleural thickening,pointing_game,0.0
389,layer3,grad_cam,Pleural thickening,energy_box,0.00721427658572793
389,layer3,grad_cam,Pleural thickening,iou,0.0
389,layer3,grad_cam,Pleural thickening,distance,3.121295270603879
389,layer3,grad_cam_plus_plus,Pleural thickening,pointing_game,0.0
389,layer3,grad_cam_plus_plus,Pleural thickening,energy_box,0.0026320924516767263
389,layer3,grad_cam_plus_plus,Pleural thickening,iou,0.0027770341839641333
389,layer3,grad_cam_plus_plus,Pleural thickening,distance,4.021939133006436
389,layer3,xgrad_cam,Pleural thickening,pointing_game,0.0
389,layer3,xgrad_cam,Pleural thickening,energy_box,0.00978855974972248
389,layer3,xgrad_cam,Pleural thickening,iou,0.0
389,layer3,xgrad_cam,Pleural thickening,distance,3.121295270603879
389,layer4,grad_cam,Pleural thickening,pointing_game,0.0
389,layer4,grad_cam,Pleural thickening,energy_box,0.0
389,layer4,grad_cam,Pleural thickening,iou,0.0
389,layer4,grad_cam,Pleural thickening,distance,9.265443430174377
389,layer4,grad_cam_plus_plus,Pleural thickening,pointing_game,0.0
389,layer4,grad_cam_plus_plus,Pleural thickening,energy_box,0.001706247916445136
389,layer4,grad_cam_plus_plus,Pleural thickening,iou,0.0
389,layer4,grad_cam_plus_plus,Pleural thickening,distance,3.976995419728616
389,layer4,xgrad_cam,Pleural thickening,pointing_game,0.0
389,layer4,xgrad_cam,Pleural thickening,energy_box,0.0
389,layer4,xgrad_cam,Pleural thickening,iou,0.0
389,layer4,xgrad_cam,Pleural thickening,distance,9.265443430174377
390,layer3,grad_cam,No finding,entropy,14.829754829406738
390,layer3,grad_cam,No finding,top_1pct,0.05075959116220474
390,layer3,grad_cam_plus_plus,No finding,entropy,15.571327209472656
390,layer3,grad_cam_plus_plus,No finding,top_1pct,0.02157570794224739
390,layer3,xgrad_cam,No finding,entropy,15.102486610412598
390,layer3,xgrad_cam,No finding,top_1pct,0.0403340682387352
390,layer4,grad_cam,No finding,entropy,14.87751579284668
390,layer4,grad_cam,No finding,top_1pct,0.03590520843863487
390,layer4,grad_cam_plus_plus,No finding,entropy,15.07895278930664
390,layer4,grad_cam_plus_plus,No finding,top_1pct,0.032156478613615036
390,layer4,xgrad_cam,No finding,entropy,14.87751579284668
390,layer4,xgrad_cam,No finding,top_1pct,0.03590520843863487
391,layer3,grad_cam,No finding,entropy,15.25850772857666
391,layer3,grad_cam,No finding,top_1pct,0.029054809361696243
391,layer3,grad_cam_plus_plus,No finding,entropy,15.584796905517578
391,layer3,grad_cam_plus_plus,No finding,top_1pct,0.01732366904616356
391,layer3,xgrad_cam,No finding,entropy,15.023473739624023
391,layer3,xgrad_cam,No finding,top_1pct,0.038289863616228104
391,layer4,grad_cam,No finding,entropy,14.997077941894531
391,layer4,grad_cam,No finding,top_1pct,0.03475895896553993
391,layer4,grad_cam_plus_plus,No finding,entropy,15.20882797241211
391,layer4,grad_cam_plus_plus,No finding,top_1pct,0.02958124876022339
391,layer4,xgrad_cam,No finding,entropy,14.997077941894531
391,layer4,xgrad_cam,No finding,top_1pct,0.03475895896553993
392,layer3,grad_cam,Aortic enlargement,pointing_game,0.0
392,layer3,grad_cam,Aortic enlargement,energy_box,0.05840076506137848
392,layer3,grad_cam,Aortic enlargement,iou,0.09019947797060013
392,layer3,grad_cam,Aortic enlargement,distance,0.6993071136058795
392,layer3,grad_cam_plus_plus,Aortic enlargement,pointing_game,0.0
392,layer3,grad_cam_plus_plus,Aortic enlargement,energy_box,0.023918326944112778
392,layer3,grad_cam_plus_plus,Aortic enlargement,iou,0.05188199505209923
392,layer3,grad_cam_plus_plus,Aortic enlargement,distance,1.7147691085653076
392,layer3,xgrad_cam,Aortic enlargement,pointing_game,0.0
392,layer3,xgrad_cam,Aortic enlargement,energy_box,0.04495671018958092
392,layer3,xgrad_cam,Aortic enlargement,iou,0.04803115501999855
392,layer3,xgrad_cam,Aortic enlargement,distance,1.866709345758095
392,layer4,grad_cam,Aortic enlargement,pointing_game,0.0
392,layer4,grad_cam,Aortic enlargement,energy_box,0.013057718984782696
392,layer4,grad_cam,Aortic enlargement,iou,0.0006598482141271234
392,layer4,grad_cam,Aortic enlargement,distance,0.9741125647383362
392,layer4,grad_cam_plus_plus,Aortic enlargement,pointing_game,0.0
392,layer4,grad_cam_plus_plus,Aortic enlargement,energy_box,0.03166680783033371
392,layer4,grad_cam_plus_plus,Aortic enlargement,iou,0.0890679657459259
392,layer4,grad_cam_plus_plus,Aortic enlargement,distance,1.2286571254004084
392,layer4,xgrad_cam,Aortic enlargement,pointing_game,0.0
392,layer4,xgrad_cam,Aortic enlargement,energy_box,0.013057718984782696
392,layer4,xgrad_cam,Aortic enlargement,iou,0.0006598482141271234
392,layer4,xgrad_cam,Aortic enlargement,distance,0.9741125647383362
392,layer3,grad_cam,Cardiomegaly,pointing_game,0.0
392,layer3,grad_cam,Cardiomegaly,energy_box,0.15853996574878693
392,layer3,grad_cam,Cardiomegaly,iou,0.2031947374343872
392,layer3,grad_cam,Cardiomegaly,distance,0.1467853477785515
392,layer3,grad_cam_plus_plus,Cardiomegaly,pointing_game,0.0
392,layer3,grad_cam_plus_plus,Cardiomegaly,energy_box,0.060094285756349564
392,layer3,grad_cam_plus_plus,Cardiomegaly,iou,0.062477800995111465
392,layer3,grad_cam_plus_plus,Cardiomegaly,distance,0.9172364957808995
392,layer3,xgrad_cam,Cardiomegaly,pointing_game,0.0
392,layer3,xgrad_cam,Cardiomegaly,energy_box,0.11678681522607803
392,layer3,xgrad_cam,Cardiomegaly,iou,0.19314642250537872
392,layer3,xgrad_cam,Cardiomegaly,distance,0.1553794575498646
392,layer4,grad_cam,Cardiomegaly,pointing_game,1.0
392,layer4,grad_cam,Cardiomegaly,energy_box,0.16440191864967346
392,layer4,grad_cam,Cardiomegaly,iou,0.23565100133419037
392,layer4,grad_cam,Cardiomegaly,distance,0.21821247770526303
392,layer4,grad_cam_plus_plus,Cardiomegaly,pointing_game,1.0
392,layer4,grad_cam_plus_plus,Cardiomegaly,energy_box,0.14289149641990662
392,layer4,grad_cam_plus_plus,Cardiomegaly,iou,0.2665371298789978
392,layer4,grad_cam_plus_plus,Cardiomegaly,distance,0.22144128890266762
392,layer4,xgrad_cam,Cardiomegaly,pointing_game,1.0
392,layer4,xgrad_cam,Cardiomegaly,energy_box,0.16440193355083466
392,layer4,xgrad_cam,Cardiomegaly,iou,0.23565100133419037
392,layer4,xgrad_cam,Cardiomegaly,distance,0.21821247770526303
393,layer3,grad_cam,Consolidation,pointing_game,0.0
393,layer3,grad_cam,Consolidation,energy_box,0.1304674595594406
393,layer3,grad_cam,Consolidation,iou,0.1621861755847931
393,layer3,grad_cam,Consolidation,distance,1.4282359685423622
393,layer3,grad_cam_plus_plus,Consolidation,pointing_game,0.0
393,layer3,grad_cam_plus_plus,Consolidation,energy_box,0.048411719501018524
393,layer3,grad_cam_plus_plus,Consolidation,iou,0.05969398841261864
393,layer3,grad_cam_plus_plus,Consolidation,distance,2.610430711618827
393,layer3,xgrad_cam,Consolidation,pointing_game,0.0
393,layer3,xgrad_cam,Consolidation,energy_box,0.11090537905693054
393,layer3,xgrad_cam,Consolidation,iou,0.1541179120540619
393,layer3,xgrad_cam,Consolidation,distance,1.4282359685423622
393,layer4,grad_cam,Consolidation,pointing_game,0.0
393,layer4,grad_cam,Consolidation,energy_box,0.08796846866607666
393,layer4,grad_cam,Consolidation,iou,0.04920428618788719
393,layer4,grad_cam,Consolidation,distance,0.4831971140281772
393,layer4,grad_cam_plus_plus,Consolidation,pointing_game,0.0
393,layer4,grad_cam_plus_plus,Consolidation,energy_box,0.11346910148859024
393,layer4,grad_cam_plus_plus,Consolidation,iou,0.2825393080711365
393,layer4,grad_cam_plus_plus,Consolidation,distance,0.7857076902919727
393,layer4,xgrad_cam,Consolidation,pointing_game,0.0
393,layer4,xgrad_cam,Consolidation,energy_box,0.08796845376491547
393,layer4,xgrad_cam,Consolidation,iou,0.04920428618788719
393,layer4,xgrad_cam,Consolidation,distance,0.4831971140281772
393,layer3,grad_cam,Infiltration,pointing_game,0.0
393,layer3,grad_cam,Infiltration,energy_box,0.08868738263845444
393,layer3,grad_cam,Infiltration,iou,0.11748716235160828
393,layer3,grad_cam,Infiltration,distance,1.6807800853210118
393,layer3,grad_cam_plus_plus,Infiltration,pointing_game,0.0
393,layer3,grad_cam_plus_plus,Infiltration,energy_box,0.032675907015800476
393,layer3,grad_cam_plus_plus,Infiltration,iou,0.04268765449523926
393,layer3,grad_cam_plus_plus,Infiltration,distance,3.0876868887575983
393,layer3,xgrad_cam,Infiltration,pointing_game,0.0
393,layer3,xgrad_cam,Infiltration,energy_box,0.07650184631347656
393,layer3,xgrad_cam,Infiltration,iou,0.11160548776388168
393,layer3,xgrad_cam,Infiltration,distance,1.6807800853210118
393,layer4,grad_cam,Infiltration,pointing_game,0.0
393,layer4,grad_cam,Infiltration,energy_box,0.0009235335746780038
393,layer4,grad_cam,Infiltration,iou,0.0
393,layer4,grad_cam,Infiltration,distance,1.7782649844141236
393,layer4,grad_cam_plus_plus,Infiltration,pointing_game,0.0
393,layer4,grad_cam_plus_plus,Infiltration,energy_box,0.06315768510103226
393,layer4,grad_cam_plus_plus,Infiltration,iou,0.23127177357673645
393,layer4,grad_cam_plus_plus,Infiltration,distance,0.9206429654438552
393,layer4,xgrad_cam,Infiltration,pointing_game,0.0
393,layer4,xgrad_cam,Infiltration,energy_box,0.000923533400055021
393,layer4,xgrad_cam,Infiltration,iou,0.0
393,layer4,xgrad_cam,Infiltration,distance,1.7782649844141236
393,layer3,grad_cam,Lung Opacity,pointing_game,0.0
393,layer3,grad_cam,Lung Opacity,energy_box,0.12376803904771805
393,layer3,grad_cam,Lung Opacity,iou,0.06563706696033478
393,layer3,grad_cam,Lung Opacity,distance,1.4282359685423622
393,layer3,grad_cam_plus_plus,Lung Opacity,pointing_game,0.0
393,layer3,grad_cam_plus_plus,Lung Opacity,energy_box,0.04787447676062584
393,layer3,grad_cam_plus_plus,Lung Opacity,iou,0.05925745889544487
393,layer3,grad_cam_plus_plus,Lung Opacity,distance,2.610430711618827
393,layer3,xgrad_cam,Lung Opacity,pointing_game,0.0
393,layer3,xgrad_cam,Lung Opacity,energy_box,0.10179639607667923
393,layer3,xgrad_cam,Lung Opacity,iou,0.01677539572119713
393,layer3,xgrad_cam,Lung Opacity,distance,1.4282359685423622
393,layer4,grad_cam,Lung Opacity,pointing_game,0.0
393,layer4,grad_cam,Lung Opacity,energy_box,0.05401376262307167
393,layer4,grad_cam,Lung Opacity,iou,0.006009488832205534
393,layer4,grad_cam,Lung Opacity,distance,0.9179799752964779
393,layer4,grad_cam_plus_plus,Lung Opacity,pointing_game,0.0
393,layer4,grad_cam_plus_plus,Lung Opacity,energy_box,0.10091964155435562
393,layer4,grad_cam_plus_plus,Lung Opacity,iou,0.19029495120048523
393,layer4,grad_cam_plus_plus,Lung Opacity,distance,0.7857076902919727
393,layer4,xgrad_cam,Lung Opacity,pointing_game,0.0
393,layer4,xgrad_cam,Lung Opacity,energy_box,0.05401373282074928
393,layer4,xgrad_cam,Lung Opacity,iou,0.006009488832205534
393,layer4,xgrad_cam,Lung Opacity,distance,0.9179799752964779
394,layer3,grad_cam,No finding,entropy,14.70574951171875
394,layer3,grad_cam,No finding,top_1pct,0.04358524829149246
394,layer3,grad_cam_plus_plus,No finding,entropy,15.590349197387695
394,layer3,grad_cam_plus_plus,No finding,top_1pct,0.016250018030405045
394,layer3,xgrad_cam,No finding,entropy,15.166383743286133
394,layer3,xgrad_cam,No finding,top_1pct,0.031022604554891586
394,layer4,grad_cam,No finding,entropy,14.63290023803711
394,layer4,grad_cam,No finding,top_1pct,0.04693569242954254
394,layer4,grad_cam_plus_plus,No finding,entropy,14.969961166381836
394,layer4,grad_cam_plus_plus,No finding,top_1pct,0.04082167521119118
394,layer4,xgrad_cam,No finding,entropy,14.63290023803711
394,layer4,xgrad_cam,No finding,top_1pct,0.04693569988012314
395,layer3,grad_cam,No finding,entropy,14.880949020385742
395,layer3,grad_cam,No finding,top_1pct,0.053076256066560745
395,layer3,grad_cam_plus_plus,No finding,entropy,15.581798553466797
395,layer3,grad_cam_plus_plus,No finding,top_1pct,0.016879593953490257
395,layer3,xgrad_cam,No finding,entropy,14.973905563354492
395,layer3,xgrad_cam,No finding,top_1pct,0.05010969936847687
395,layer4,grad_cam,No finding,entropy,14.480103492736816
395,layer4,grad_cam,No finding,top_1pct,0.04701576381921768
395,layer4,grad_cam_plus_plus,No finding,entropy,14.94221305847168
395,layer4,grad_cam_plus_plus,No finding,top_1pct,0.038672588765621185
395,layer4,xgrad_cam,No finding,entropy,14.480104446411133
395,layer4,xgrad_cam,No finding,top_1pct,0.04701576381921768
396,layer3,grad_cam,No finding,entropy,14.913459777832031
396,layer3,grad_cam,No finding,top_1pct,0.03672215715050697
396,layer3,grad_cam_plus_plus,No finding,entropy,15.58112621307373
396,layer3,grad_cam_plus_plus,No finding,top_1pct,0.01885998621582985
396,layer3,xgrad_cam,No finding,entropy,15.09692668914795
396,layer3,xgrad_cam,No finding,top_1pct,0.029870474711060524
396,layer4,grad_cam,No finding,entropy,15.041470527648926
396,layer4,grad_cam,No finding,top_1pct,0.03393624350428581
396,layer4,grad_cam_plus_plus,No finding,entropy,15.212692260742188
396,layer4,grad_cam_plus_plus,No finding,top_1pct,0.02936651185154915
396,layer4,xgrad_cam,No finding,entropy,15.041470527648926
396,layer4,xgrad_cam,No finding,top_1pct,0.03393624350428581
397,layer3,grad_cam,No finding,entropy,15.0641508102417
397,layer3,grad_cam,No finding,top_1pct,0.042703960090875626
397,layer3,grad_cam_plus_plus,No finding,entropy,15.579607009887695
397,layer3,grad_cam_plus_plus,No finding,top_1pct,0.020446492359042168
397,layer3,xgrad_cam,No finding,entropy,15.235729217529297
397,layer3,xgrad_cam,No finding,top_1pct,0.036794885993003845
397,layer4,grad_cam,No finding,entropy,14.698925971984863
397,layer4,grad_cam,No finding,top_1pct,0.0378095842897892
397,layer4,grad_cam_plus_plus,No finding,entropy,14.97111701965332
397,layer4,grad_cam_plus_plus,No finding,top_1pct,0.03352312743663788
397,layer4,xgrad_cam,No finding,entropy,14.69892692565918
397,layer4,xgrad_cam,No finding,top_1pct,0.0378095805644989
398,layer3,grad_cam,No finding,entropy,14.886116027832031
398,layer3,grad_cam,No finding,top_1pct,0.049264270812273026
398,layer3,grad_cam_plus_plus,No finding,entropy,15.580708503723145
398,layer3,grad_cam_plus_plus,No finding,top_1pct,0.01809556595981121
398,layer3,xgrad_cam,No finding,entropy,15.302456855773926
398,layer3,xgrad_cam,No finding,top_1pct,0.03219706937670708
398,layer4,grad_cam,No finding,entropy,14.795763969421387
398,layer4,grad_cam,No finding,top_1pct,0.04084256291389465
398,layer4,grad_cam_plus_plus,No finding,entropy,15.023719787597656
398,layer4,grad_cam_plus_plus,No finding,top_1pct,0.03575717657804489
398,layer4,xgrad_cam,No finding,entropy,14.795763969421387
398,layer4,xgrad_cam,No finding,top_1pct,0.04084256663918495
399,layer3,grad_cam,No finding,entropy,15.0350341796875
399,layer3,grad_cam,No finding,top_1pct,0.03809167444705963
399,layer3,grad_cam_plus_plus,No finding,entropy,15.578288078308105
399,layer3,grad_cam_plus_plus,No finding,top_1pct,0.02050304226577282
399,layer3,xgrad_cam,No finding,entropy,15.046313285827637
399,layer3,xgrad_cam,No finding,top_1pct,0.040462277829647064
399,layer4,grad_cam,No finding,entropy,14.736473083496094
399,layer4,grad_cam,No finding,top_1pct,0.03784218430519104
399,layer4,grad_cam_plus_plus,No finding,entropy,15.012861251831055
399,layer4,grad_cam_plus_plus,No finding,top_1pct,0.033630430698394775
399,layer4,xgrad_cam,No finding,entropy,14.736472129821777
399,layer4,xgrad_cam,No finding,top_1pct,0.03784218430519104
400,layer3,grad_cam,Aortic enlargement,pointing_game,0.0
400,layer3,grad_cam,Aortic enlargement,energy_box,0.07301415503025055
400,layer3,grad_cam,Aortic enlargement,iou,0.06689287722110748
400,layer3,grad_cam,Aortic enlargement,distance,3.130071202690605
400,layer3,grad_cam_plus_plus,Aortic enlargement,pointing_game,0.0
400,layer3,grad_cam_plus_plus,Aortic enlargement,energy_box,0.02069893665611744
400,layer3,grad_cam_plus_plus,Aortic enlargement,iou,0.04961993172764778
400,layer3,grad_cam_plus_plus,Aortic enlargement,distance,3.130071202690605
400,layer3,xgrad_cam,Aortic enlargement,pointing_game,0.0
400,layer3,xgrad_cam,Aortic enlargement,energy_box,0.05645914003252983
400,layer3,xgrad_cam,Aortic enlargement,iou,0.02310061641037464
400,layer3,xgrad_cam,Aortic enlargement,distance,3.130071202690605
400,layer4,grad_cam,Aortic enlargement,pointing_game,0.0
400,layer4,grad_cam,Aortic enlargement,energy_box,0.036031778901815414
400,layer4,grad_cam,Aortic enlargement,iou,0.06957575678825378
400,layer4,grad_cam,Aortic enlargement,distance,0.9503003986724237
400,layer4,grad_cam_plus_plus,Aortic enlargement,pointing_game,0.0
400,layer4,grad_cam_plus_plus,Aortic enlargement,energy_box,0.030645251274108887
400,layer4,grad_cam_plus_plus,Aortic enlargement,iou,0.06482074409723282
400,layer4,grad_cam_plus_plus,Aortic enlargement,distance,1.23301598753918
400,layer4,xgrad_cam,Aortic enlargement,pointing_game,0.0
400,layer4,xgrad_cam,Aortic enlargement,energy_box,0.03603177145123482
400,layer4,xgrad_cam,Aortic enlargement,iou,0.06957575678825378
400,layer4,xgrad_cam,Aortic enlargement,distance,0.9503003986724237
400,layer3,grad_cam,Cardiomegaly,pointing_game,0.0
400,layer3,grad_cam,Cardiomegaly,energy_box,0.08688491582870483
400,layer3,grad_cam,Cardiomegaly,iou,0.09188130497932434
400,layer3,grad_cam,Cardiomegaly,distance,0.9726732710682696
400,layer3,grad_cam_plus_plus,Cardiomegaly,pointing_game,0.0
400,layer3,grad_cam_plus_plus,Cardiomegaly,energy_box,0.07613382488489151
400,layer3,grad_cam_plus_plus,Cardiomegaly,iou,0.05211874097585678
400,layer3,grad_cam_plus_plus,Cardiomegaly,distance,0.8947072278873694
400,layer3,xgrad_cam,Cardiomegaly,pointing_game,0.0
400,layer3,xgrad_cam,Cardiomegaly,energy_box,0.07770653069019318
400,layer3,xgrad_cam,Cardiomegaly,iou,0.07611896097660065
400,layer3,xgrad_cam,Cardiomegaly,distance,1.4592430661245819
400,layer4,grad_cam,Cardiomegaly,pointing_game,0.0
400,layer4,grad_cam,Cardiomegaly,energy_box,0.09221161901950836
400,layer4,grad_cam,Cardiomegaly,iou,0.0
400,layer4,grad_cam,Cardiomegaly,distance,0.7686550251450988
400,layer4,grad_cam_plus_plus,Cardiomegaly,pointing_game,1.0
400,layer4,grad_cam_plus_plus,Cardiomegaly,energy_box,0.147015780210495
400,layer4,grad_cam_plus_plus,Cardiomegaly,iou,0.2385600060224533
400,layer4,grad_cam_plus_plus,Cardiomegaly,distance,0.13001073406490604
400,layer4,xgrad_cam,Cardiomegaly,pointing_game,0.0
400,layer4,xgrad_cam,Cardiomegaly,energy_box,0.09221157431602478
400,layer4,xgrad_cam,Cardiomegaly,iou,0.0
400,layer4,xgrad_cam,Cardiomegaly,distance,0.7686550251450988
400,layer3,grad_cam,Pleural thickening,pointing_game,0.0
400,layer3,grad_cam,Pleural thickening,energy_box,0.0
400,layer3,grad_cam,Pleural thickening,iou,0.0
400,layer3,grad_cam,Pleural thickening,distance,2.620028028624401
400,layer3,grad_cam_plus_plus,Pleural thickening,pointing_game,0.0
400,layer3,grad_cam_plus_plus,Pleural thickening,energy_box,0.001445661997422576
400,layer3,grad_cam_plus_plus,Pleural thickening,iou,0.0
400,layer3,grad_cam_plus_plus,Pleural thickening,distance,3.379612546484547
400,layer3,xgrad_cam,Pleural thickening,pointing_game,0.0
400,layer3,xgrad_cam,Pleural thickening,energy_box,0.0
400,layer3,xgrad_cam,Pleural thickening,iou,0.0
400,layer3,xgrad_cam,Pleural thickening,distance,2.617029983524473
400,layer4,grad_cam,Pleural thickening,pointing_game,0.0
400,layer4,grad_cam,Pleural thickening,energy_box,0.0
400,layer4,grad_cam,Pleural thickening,iou,0.0
400,layer4,grad_cam,Pleural thickening,distance,3.022968124898948
400,layer4,grad_cam_plus_plus,Pleural thickening,pointing_game,0.0
400,layer4,grad_cam_plus_plus,Pleural thickening,energy_box,0.0013139222282916307
400,layer4,grad_cam_plus_plus,Pleural thickening,iou,0.0
400,layer4,grad_cam_plus_plus,Pleural thickening,distance,5.6127219684300815
400,layer4,xgrad_cam,Pleural thickening,pointing_game,0.0
400,layer4,xgrad_cam,Pleural thickening,energy_box,0.0
400,layer4,xgrad_cam,Pleural thickening,iou,0.0
400,layer4,xgrad_cam,Pleural thickening,distance,3.022968124898948
401,layer3,grad_cam,Aortic enlargement,pointing_game,0.0
401,layer3,grad_cam,Aortic enlargement,energy_box,0.0
401,layer3,grad_cam,Aortic enlargement,iou,0.0
401,layer3,grad_cam,Aortic enlargement,distance,3.2581922469472073
401,layer3,grad_cam_plus_plus,Aortic enlargement,pointing_game,0.0
401,layer3,grad_cam_plus_plus,Aortic enlargement,energy_box,0.011783306486904621
401,layer3,grad_cam_plus_plus,Aortic enlargement,iou,0.013508371077477932
401,layer3,grad_cam_plus_plus,Aortic enlargement,distance,3.4963908042359075
401,layer3,xgrad_cam,Aortic enlargement,pointing_game,0.0
401,layer3,xgrad_cam,Aortic enlargement,energy_box,0.0
401,layer3,xgrad_cam,Aortic enlargement,iou,0.0
401,layer3,xgrad_cam,Aortic enlargement,distance,2.3057963264660217
401,layer4,grad_cam,Aortic enlargement,pointing_game,0.0
401,layer4,grad_cam,Aortic enlargement,energy_box,0.0028956711757928133
401,layer4,grad_cam,Aortic enlargement,iou,0.0
401,layer4,grad_cam,Aortic enlargement,distance,2.479836199111316
401,layer4,grad_cam_plus_plus,Aortic enlargement,pointing_game,0.0
401,layer4,grad_cam_plus_plus,Aortic enlargement,energy_box,0.010004440322518349
401,layer4,grad_cam_plus_plus,Aortic enlargement,iou,0.0
401,layer4,grad_cam_plus_plus,Aortic enlargement,distance,3.324823866873535
401,layer4,xgrad_cam,Aortic enlargement,pointing_game,0.0
401,layer4,xgrad_cam,Aortic enlargement,energy_box,0.0028956716414541006
401,layer4,xgrad_cam,Aortic enlargement,iou,0.0
401,layer4,xgrad_cam,Aortic enlargement,distance,2.479836199111316
401,layer3,grad_cam,ILD,pointing_game,0.0
401,layer3,grad_cam,ILD,energy_box,0.04852383956313133
401,layer3,grad_cam,ILD,iou,0.00782701000571251
401,layer3,grad_cam,ILD,distance,2.328642899865172
401,layer3,grad_cam_plus_plus,ILD,pointing_game,0.0
401,layer3,grad_cam_plus_plus,ILD,energy_box,0.04860680177807808
401,layer3,grad_cam_plus_plus,ILD,iou,0.05052725225687027
401,layer3,grad_cam_plus_plus,ILD,distance,1.1664638625445436
401,layer3,xgrad_cam,ILD,pointing_game,0.0
401,layer3,xgrad_cam,ILD,energy_box,0.0032294956035912037
401,layer3,xgrad_cam,ILD,iou,0.0
401,layer3,xgrad_cam,ILD,distance,1.402745051612289
401,layer4,grad_cam,ILD,pointing_game,0.0
401,layer4,grad_cam,ILD,energy_box,0.0
401,layer4,grad_cam,ILD,iou,0.0
401,layer4,grad_cam,ILD,distance,1.8475933499832096
401,layer4,grad_cam_plus_plus,ILD,pointing_game,0.0
401,layer4,grad_cam_plus_plus,ILD,energy_box,0.0645153820514679
401,layer4,grad_cam_plus_plus,ILD,iou,0.09049306064844131
401,layer4,grad_cam_plus_plus,ILD,distance,0.3741307524354163
401,layer4,xgrad_cam,ILD,pointing_game,0.0
401,layer4,xgrad_cam,ILD,energy_box,0.0
401,layer4,xgrad_cam,ILD,iou,0.0
401,layer4,xgrad_cam,ILD,distance,1.8475933499832096
401,layer3,grad_cam,Pleural effusion,pointing_game,0.0
401,layer3,grad_cam,Pleural effusion,energy_box,0.011901839636266232
401,layer3,grad_cam,Pleural effusion,iou,0.004410143475979567
401,layer3,grad_cam,Pleural effusion,distance,6.001044495521054
401,layer3,grad_cam_plus_plus,Pleural effusion,pointing_game,0.0
401,layer3,grad_cam_plus_plus,Pleural effusion,energy_box,0.006268120836466551
401,layer3,grad_cam_plus_plus,Pleural effusion,iou,0.00919931847602129
401,layer3,grad_cam_plus_plus,Pleural effusion,distance,7.690924108209967
401,layer3,xgrad_cam,Pleural effusion,pointing_game,0.0
401,layer3,xgrad_cam,Pleural effusion,energy_box,0.013663945719599724
401,layer3,xgrad_cam,Pleural effusion,iou,0.0
401,layer3,xgrad_cam,Pleural effusion,distance,6.001044495521054
401,layer4,grad_cam,Pleural effusion,pointing_game,0.0
401,layer4,grad_cam,Pleural effusion,energy_box,0.032884083688259125
401,layer4,grad_cam,Pleural effusion,iou,0.06894736737012863
401,layer4,grad_cam,Pleural effusion,distance,5.689467150664552
401,layer4,grad_cam_plus_plus,Pleural effusion,pointing_game,0.0
401,layer4,grad_cam_plus_plus,Pleural effusion,energy_box,0.005081552546471357
401,layer4,grad_cam_plus_plus,Pleural effusion,iou,0.00018805830040946603
401,layer4,grad_cam_plus_plus,Pleural effusion,distance,5.076261040629353
401,layer4,xgrad_cam,Pleural effusion,pointing_game,0.0
401,layer4,xgrad_cam,Pleural effusion,energy_box,0.03288407623767853
401,layer4,xgrad_cam,Pleural effusion,iou,0.06894736737012863
401,layer4,xgrad_cam,Pleural effusion,distance,5.689467150664552
401,layer3,grad_cam,Pleural thickening,pointing_game,0.0
401,layer3,grad_cam,Pleural thickening,energy_box,0.005412802565842867
401,layer3,grad_cam,Pleural thickening,iou,0.0
401,layer3,grad_cam,Pleural thickening,distance,3.1522746405504765
401,layer3,grad_cam_plus_plus,Pleural thickening,pointing_game,0.0
401,layer3,grad_cam_plus_plus,Pleural thickening,energy_box,0.005653205793350935
401,layer3,grad_cam_plus_plus,Pleural thickening,iou,0.006948899012058973
401,layer3,grad_cam_plus_plus,Pleural thickening,distance,1.7010522322701367
401,layer3,xgrad_cam,Pleural thickening,pointing_game,0.0
401,layer3,xgrad_cam,Pleural thickening,energy_box,0.0056605832651257515
401,layer3,xgrad_cam,Pleural thickening,iou,0.0
401,layer3,xgrad_cam,Pleural thickening,distance,1.7870683865094938
401,layer4,grad_cam,Pleural thickening,pointing_game,0.0
401,layer4,grad_cam,Pleural thickening,energy_box,0.01039960142225027
401,layer4,grad_cam,Pleural thickening,iou,0.020173491910099983
401,layer4,grad_cam,Pleural thickening,distance,2.128998448339993
401,layer4,grad_cam_plus_plus,Pleural thickening,pointing_game,0.0
401,layer4,grad_cam_plus_plus,Pleural thickening,energy_box,0.004997397307306528
401,layer4,grad_cam_plus_plus,Pleural thickening,iou,0.0
401,layer4,grad_cam_plus_plus,Pleural thickening,distance,4.252350242567241
401,layer4,xgrad_cam,Pleural thickening,pointing_game,0.0
401,layer4,xgrad_cam,Pleural thickening,energy_box,0.010399597696959972
401,layer4,xgrad_cam,Pleural thickening,iou,0.020173491910099983
401,layer4,xgrad_cam,Pleural thickening,distance,2.128998448339993
401,layer3,grad_cam,Pulmonary fibrosis,pointing_game,0.0
401,layer3,grad_cam,Pulmonary fibrosis,energy_box,0.01623421721160412
401,layer3,grad_cam,Pulmonary fibrosis,iou,0.04611075296998024
401,layer3,grad_cam,Pulmonary fibrosis,distance,2.0547085244421446
401,layer3,grad_cam_plus_plus,Pulmonary fibrosis,pointing_game,0.0
401,layer3,grad_cam_plus_plus,Pulmonary fibrosis,energy_box,0.003856031456962228
401,layer3,grad_cam_plus_plus,Pulmonary fibrosis,iou,0.0029663280583918095
401,layer3,grad_cam_plus_plus,Pulmonary fibrosis,distance,8.630309492165614
401,layer3,xgrad_cam,Pulmonary fibrosis,pointing_game,0.0
401,layer3,xgrad_cam,Pulmonary fibrosis,energy_box,0.010374237783253193
401,layer3,xgrad_cam,Pulmonary fibrosis,iou,0.026792628690600395
401,layer3,xgrad_cam,Pulmonary fibrosis,distance,4.0552933915775125
401,layer4,grad_cam,Pulmonary fibrosis,pointing_game,0.0
401,layer4,grad_cam,Pulmonary fibrosis,energy_box,0.009081719443202019
401,layer4,grad_cam,Pulmonary fibrosis,iou,0.026870684698224068
401,layer4,grad_cam,Pulmonary fibrosis,distance,0.7624356194123132
401,layer4,grad_cam_plus_plus,Pulmonary fibrosis,pointing_game,0.0
401,layer4,grad_cam_plus_plus,Pulmonary fibrosis,energy_box,0.0053201583214104176
401,layer4,grad_cam_plus_plus,Pulmonary fibrosis,iou,0.011030886322259903
401,layer4,grad_cam_plus_plus,Pulmonary fibrosis,distance,1.8561494517982988
401,layer4,xgrad_cam,Pulmonary fibrosis,pointing_game,0.0
401,layer4,xgrad_cam,Pulmonary fibrosis,energy_box,0.009081719443202019
401,layer4,xgrad_cam,Pulmonary fibrosis,iou,0.026870684698224068
401,layer4,xgrad_cam,Pulmonary fibrosis,distance,0.7624356194123132
402,layer3,grad_cam,Nodule/Mass,pointing_game,0.0
402,layer3,grad_cam,Nodule/Mass,energy_box,0.051613494753837585
402,layer3,grad_cam,Nodule/Mass,iou,0.013528748415410519
402,layer3,grad_cam,Nodule/Mass,distance,1.731633528933824
402,layer3,grad_cam_plus_plus,Nodule/Mass,pointing_game,0.0
402,layer3,grad_cam_plus_plus,Nodule/Mass,energy_box,0.024551933631300926
402,layer3,grad_cam_plus_plus,Nodule/Mass,iou,0.03672406077384949
402,layer3,grad_cam_plus_plus,Nodule/Mass,distance,2.943164095272757
402,layer3,xgrad_cam,Nodule/Mass,pointing_game,0.0
402,layer3,xgrad_cam,Nodule/Mass,energy_box,0.05206791311502457
402,layer3,xgrad_cam,Nodule/Mass,iou,0.028612997382879257
402,layer3,xgrad_cam,Nodule/Mass,distance,3.064736124865097
402,layer4,grad_cam,Nodule/Mass,pointing_game,0.0
402,layer4,grad_cam,Nodule/Mass,energy_box,0.0
402,layer4,grad_cam,Nodule/Mass,iou,0.0
402,layer4,grad_cam,Nodule/Mass,distance,3.214218323590553
402,layer4,grad_cam_plus_plus,Nodule/Mass,pointing_game,0.0
402,layer4,grad_cam_plus_plus,Nodule/Mass,energy_box,0.020741382613778114
402,layer4,grad_cam_plus_plus,Nodule/Mass,iou,0.0
402,layer4,grad_cam_plus_plus,Nodule/Mass,distance,2.374885369134399
402,layer4,xgrad_cam,Nodule/Mass,pointing_game,0.0
402,layer4,xgrad_cam,Nodule/Mass,energy_box,0.0
402,layer4,xgrad_cam,Nodule/Mass,iou,0.0
402,layer4,xgrad_cam,Nodule/Mass,distance,3.214218323590553
402,layer3,grad_cam,Other lesion,pointing_game,0.0
402,layer3,grad_cam,Other lesion,energy_box,0.2510267496109009
402,layer3,grad_cam,Other lesion,iou,0.01721556857228279
402,layer3,grad_cam,Other lesion,distance,0.8042418901921093
402,layer3,grad_cam_plus_plus,Other lesion,pointing_game,0.0
402,layer3,grad_cam_plus_plus,Other lesion,energy_box,0.3187633156776428
402,layer3,grad_cam_plus_plus,Other lesion,iou,0.3122483491897583
402,layer3,grad_cam_plus_plus,Other lesion,distance,0.7243287428072401
402,layer3,xgrad_cam,Other lesion,pointing_game,0.0
402,layer3,xgrad_cam,Other lesion,energy_box,0.21804359555244446
402,layer3,xgrad_cam,Other lesion,iou,0.0018709073774516582
402,layer3,xgrad_cam,Other lesion,distance,0.9749751380123475
402,layer4,grad_cam,Other lesion,pointing_game,0.0
402,layer4,grad_cam,Other lesion,energy_box,0.4383365511894226
402,layer4,grad_cam,Other lesion,iou,0.15369261801242828
402,layer4,grad_cam,Other lesion,distance,0.8644030901196585
402,layer4,grad_cam_plus_plus,Other lesion,pointing_game,0.0
402,layer4,grad_cam_plus_plus,Other lesion,energy_box,0.2808675765991211
402,layer4,grad_cam_plus_plus,Other lesion,iou,0.16884644329547882
402,layer4,grad_cam_plus_plus,Other lesion,distance,0.7777236885897701
402,layer4,xgrad_cam,Other lesion,pointing_game,0.0
402,layer4,xgrad_cam,Other lesion,energy_box,0.43833667039871216
402,layer4,xgrad_cam,Other lesion,iou,0.15369261801242828
402,layer4,xgrad_cam,Other lesion,distance,0.8644030901196585
402,layer3,grad_cam,Pleural thickening,pointing_game,0.0
402,layer3,grad_cam,Pleural thickening,energy_box,0.013809229247272015
402,layer3,grad_cam,Pleural thickening,iou,0.0
402,layer3,grad_cam,Pleural thickening,distance,4.720855239421229
402,layer3,grad_cam_plus_plus,Pleural thickening,pointing_game,0.0
402,layer3,grad_cam_plus_plus,Pleural thickening,energy_box,0.008742885664105415
402,layer3,grad_cam_plus_plus,Pleural thickening,iou,0.0
402,layer3,grad_cam_plus_plus,Pleural thickening,distance,3.602190527383811
402,layer3,xgrad_cam,Pleural thickening,pointing_game,0.0
402,layer3,xgrad_cam,Pleural thickening,energy_box,0.012957488186657429
402,layer3,xgrad_cam,Pleural thickening,iou,0.0
402,layer3,xgrad_cam,Pleural thickening,distance,5.685337330161148
402,layer4,grad_cam,Pleural thickening,pointing_game,0.0
402,layer4,grad_cam,Pleural thickening,energy_box,0.011184152215719223
402,layer4,grad_cam,Pleural thickening,iou,0.0
402,layer4,grad_cam,Pleural thickening,distance,3.317055677436356
402,layer4,grad_cam_plus_plus,Pleural thickening,pointing_game,0.0
402,layer4,grad_cam_plus_plus,Pleural thickening,energy_box,0.008422552607953548
402,layer4,grad_cam_plus_plus,Pleural thickening,iou,0.0
402,layer4,grad_cam_plus_plus,Pleural thickening,distance,3.317055677436356
402,layer4,xgrad_cam,Pleural thickening,pointing_game,0.0
402,layer4,xgrad_cam,Pleural thickening,energy_box,0.011184151284396648
402,layer4,xgrad_cam,Pleural thickening,iou,0.0
402,layer4,xgrad_cam,Pleural thickening,distance,3.317055677436356
402,layer3,grad_cam,Pneumothorax,pointing_game,0.0
402,layer3,grad_cam,Pneumothorax,energy_box,0.024468224495649338
402,layer3,grad_cam,Pneumothorax,iou,0.02075055241584778
402,layer3,grad_cam,Pneumothorax,distance,3.2245886875092924
402,layer3,grad_cam_plus_plus,Pneumothorax,pointing_game,0.0
402,layer3,grad_cam_plus_plus,Pneumothorax,energy_box,0.009326919913291931
402,layer3,grad_cam_plus_plus,Pneumothorax,iou,0.000883340195287019
402,layer3,grad_cam_plus_plus,Pneumothorax,distance,2.04426070840593
402,layer3,xgrad_cam,Pneumothorax,pointing_game,0.0
402,layer3,xgrad_cam,Pneumothorax,energy_box,0.01788477413356304
402,layer3,xgrad_cam,Pneumothorax,iou,0.009439305402338505
402,layer3,xgrad_cam,Pneumothorax,distance,3.2245886875092924
402,layer4,grad_cam,Pneumothorax,pointing_game,0.0
402,layer4,grad_cam,Pneumothorax,energy_box,0.0
402,layer4,grad_cam,Pneumothorax,iou,0.0
402,layer4,grad_cam,Pneumothorax,distance,3.2870196338002864
402,layer4,grad_cam_plus_plus,Pneumothorax,pointing_game,0.0
402,layer4,grad_cam_plus_plus,Pneumothorax,energy_box,0.007033651228994131
402,layer4,grad_cam_plus_plus,Pneumothorax,iou,0.0
402,layer4,grad_cam_plus_plus,Pneumothorax,distance,3.2870196338002864
402,layer4,xgrad_cam,Pneumothorax,pointing_game,0.0
402,layer4,xgrad_cam,Pneumothorax,energy_box,0.0
402,layer4,xgrad_cam,Pneumothorax,iou,0.0
402,layer4,xgrad_cam,Pneumothorax,distance,3.2870196338002864
402,layer3,grad_cam,Pulmonary fibrosis,pointing_game,0.0
402,layer3,grad_cam,Pulmonary fibrosis,energy_box,0.0
402,layer3,grad_cam,Pulmonary fibrosis,iou,0.0
402,layer3,grad_cam,Pulmonary fibrosis,distance,3.027705941477536
402,layer3,grad_cam_plus_plus,Pulmonary fibrosis,pointing_game,0.0
402,layer3,grad_cam_plus_plus,Pulmonary fibrosis,energy_box,0.002146986545994878
402,layer3,grad_cam_plus_plus,Pulmonary fibrosis,iou,0.0
402,layer3,grad_cam_plus_plus,Pulmonary fibrosis,distance,3.673521776667523
402,layer3,xgrad_cam,Pulmonary fibrosis,pointing_game,0.0
402,layer3,xgrad_cam,Pulmonary fibrosis,energy_box,0.0
402,layer3,xgrad_cam,Pulmonary fibrosis,iou,0.0
402,layer3,xgrad_cam,Pulmonary fibrosis,distance,2.0641356392893804
402,layer4,grad_cam,Pulmonary fibrosis,pointing_game,0.0
402,layer4,grad_cam,Pulmonary fibrosis,energy_box,0.0017897178186103702
402,layer4,grad_cam,Pulmonary fibrosis,iou,0.0
402,layer4,grad_cam,Pulmonary fibrosis,distance,4.943177567353247
402,layer4,grad_cam_plus_plus,Pulmonary fibrosis,pointing_game,0.0
402,layer4,grad_cam_plus_plus,Pulmonary fibrosis,energy_box,0.0027350711170583963
402,layer4,grad_cam_plus_plus,Pulmonary fibrosis,iou,0.004490237683057785
402,layer4,grad_cam_plus_plus,Pulmonary fibrosis,distance,1.8956016920977763
402,layer4,xgrad_cam,Pulmonary fibrosis,pointing_game,0.0
402,layer4,xgrad_cam,Pulmonary fibrosis,energy_box,0.001789717935025692
402,layer4,xgrad_cam,Pulmonary fibrosis,iou,0.0
402,layer4,xgrad_cam,Pulmonary fibrosis,distance,4.943177567353247
403,layer3,grad_cam,No finding,entropy,15.161540031433105
403,layer3,grad_cam,No finding,top_1pct,0.03169139847159386
403,layer3,grad_cam_plus_plus,No finding,entropy,15.57021427154541
403,layer3,grad_cam_plus_plus,No finding,top_1pct,0.01776403747498989
403,layer3,xgrad_cam,No finding,entropy,15.251516342163086
403,layer3,xgrad_cam,No finding,top_1pct,0.02809819020330906
403,layer4,grad_cam,No finding,entropy,14.56991195678711
403,layer4,grad_cam,No finding,top_1pct,0.04723706096410751
403,layer4,grad_cam_plus_plus,No finding,entropy,14.99740219116211
403,layer4,grad_cam_plus_plus,No finding,top_1pct,0.03712905943393707
403,layer4,xgrad_cam,No finding,entropy,14.569911003112793
403,layer4,xgrad_cam,No finding,top_1pct,0.04723706096410751
404,layer3,grad_cam,No finding,entropy,14.599417686462402
404,layer3,grad_cam,No finding,top_1pct,0.05083862692117691
404,layer3,grad_cam_plus_plus,No finding,entropy,15.571687698364258
404,layer3,grad_cam_plus_plus,No finding,top_1pct,0.021091407164931297
404,layer3,xgrad_cam,No finding,entropy,15.082664489746094
404,layer3,xgrad_cam,No finding,top_1pct,0.038676049560308456
404,layer4,grad_cam,No finding,entropy,14.978898048400879
404,layer4,grad_cam,No finding,top_1pct,0.032165348529815674
404,layer4,grad_cam_plus_plus,No finding,entropy,15.120838165283203
404,layer4,grad_cam_plus_plus,No finding,top_1pct,0.0286876168102026
404,layer4,xgrad_cam,No finding,entropy,14.978898048400879
404,layer4,xgrad_cam,No finding,top_1pct,0.032165348529815674
405,layer3,grad_cam,No finding,entropy,15.091062545776367
405,layer3,grad_cam,No finding,top_1pct,0.03064005821943283
405,layer3,grad_cam_plus_plus,No finding,entropy,15.419971466064453
405,layer3,grad_cam_plus_plus,No finding,top_1pct,0.046831075102090836
405,layer3,xgrad_cam,No finding,entropy,14.976154327392578
405,layer3,xgrad_cam,No finding,top_1pct,0.08176229894161224
405,layer4,grad_cam,No finding,entropy,14.605927467346191
405,layer4,grad_cam,No finding,top_1pct,0.04137863591313362
405,layer4,grad_cam_plus_plus,No finding,entropy,14.879072189331055
405,layer4,grad_cam_plus_plus,No finding,top_1pct,0.03708438202738762
405,layer4,xgrad_cam,No finding,entropy,14.605929374694824
405,layer4,xgrad_cam,No finding,top_1pct,0.04137863963842392
406,layer3,grad_cam,No finding,entropy,15.074111938476562
406,layer3,grad_cam,No finding,top_1pct,0.04710027575492859
406,layer3,grad_cam_plus_plus,No finding,entropy,15.580297470092773
406,layer3,grad_cam_plus_plus,No finding,top_1pct,0.020948225632309914
406,layer3,xgrad_cam,No finding,entropy,15.248174667358398
406,layer3,xgrad_cam,No finding,top_1pct,0.043474551290273666
406,layer4,grad_cam,No finding,entropy,14.701995849609375
406,layer4,grad_cam,No finding,top_1pct,0.03815782070159912
406,layer4,grad_cam_plus_plus,No finding,entropy,14.922319412231445
406,layer4,grad_cam_plus_plus,No finding,top_1pct,0.034952327609062195
406,layer4,xgrad_cam,No finding,entropy,14.701995849609375
406,layer4,xgrad_cam,No finding,top_1pct,0.03815781697630882
407,layer3,grad_cam,No finding,entropy,14.525411605834961
407,layer3,grad_cam,No finding,top_1pct,0.06973458081483841
407,layer3,grad_cam_plus_plus,No finding,entropy,15.580694198608398
407,layer3,grad_cam_plus_plus,No finding,top_1pct,0.022928060963749886
407,layer3,xgrad_cam,No finding,entropy,15.357381820678711
407,layer3,xgrad_cam,No finding,top_1pct,0.04488352686166763
407,layer4,grad_cam,No finding,entropy,14.689366340637207
407,layer4,grad_cam,No finding,top_1pct,0.044029392302036285
407,layer4,grad_cam_plus_plus,No finding,entropy,14.946578025817871
407,layer4,grad_cam_plus_plus,No finding,top_1pct,0.039136871695518494
407,layer4,xgrad_cam,No finding,entropy,14.68936538696289
407,layer4,xgrad_cam,No finding,top_1pct,0.04402938857674599
408,layer3,grad_cam,No finding,entropy,14.919605255126953
408,layer3,grad_cam,No finding,top_1pct,0.04118586704134941
408,layer3,grad_cam_plus_plus,No finding,entropy,15.589245796203613
408,layer3,grad_cam_plus_plus,No finding,top_1pct,0.016345148906111717
408,layer3,xgrad_cam,No finding,entropy,15.111931800842285
408,layer3,xgrad_cam,No finding,top_1pct,0.03319915384054184
408,layer4,grad_cam,No finding,entropy,14.674149513244629
408,layer4,grad_cam,No finding,top_1pct,0.04375429451465607
408,layer4,grad_cam_plus_plus,No finding,entropy,14.996522903442383
408,layer4,grad_cam_plus_plus,No finding,top_1pct,0.03699526935815811
408,layer4,xgrad_cam,No finding,entropy,14.674149513244629
408,layer4,xgrad_cam,No finding,top_1pct,0.04375429451465607
409,layer3,grad_cam,No finding,entropy,14.27812385559082
409,layer3,grad_cam,No finding,top_1pct,0.06706570088863373
409,layer3,grad_cam_plus_plus,No finding,entropy,15.569204330444336
409,layer3,grad_cam_plus_plus,No finding,top_1pct,0.02371840737760067
409,layer3,xgrad_cam,No finding,entropy,14.995428085327148
409,layer3,xgrad_cam,No finding,top_1pct,0.05800564959645271
409,layer4,grad_cam,No finding,entropy,14.586767196655273
409,layer4,grad_cam,No finding,top_1pct,0.042491164058446884
409,layer4,grad_cam_plus_plus,No finding,entropy,14.916482925415039
409,layer4,grad_cam_plus_plus,No finding,top_1pct,0.037437643855810165
409,layer4,xgrad_cam,No finding,entropy,14.586770057678223
409,layer4,xgrad_cam,No finding,top_1pct,0.04249116778373718
410,layer3,grad_cam,No finding,entropy,15.28598403930664
410,layer3,grad_cam,No finding,top_1pct,0.02751227095723152
410,layer3,grad_cam_plus_plus,No finding,entropy,15.360919952392578
410,layer3,grad_cam_plus_plus,No finding,top_1pct,0.052847519516944885
410,layer3,xgrad_cam,No finding,entropy,14.83561897277832
410,layer3,xgrad_cam,No finding,top_1pct,0.09252887964248657
410,layer4,grad_cam,No finding,entropy,14.504857063293457
410,layer4,grad_cam,No finding,top_1pct,0.04388377442955971
410,layer4,grad_cam_plus_plus,No finding,entropy,14.761022567749023
410,layer4,grad_cam_plus_plus,No finding,top_1pct,0.04042132943868637
410,layer4,xgrad_cam,No finding,entropy,14.504857063293457
410,layer4,xgrad_cam,No finding,top_1pct,0.04388377442955971
411,layer3,grad_cam,No finding,entropy,15.292078971862793
411,layer3,grad_cam,No finding,top_1pct,0.02655615471303463
411,layer3,grad_cam_plus_plus,No finding,entropy,15.386838912963867
411,layer3,grad_cam_plus_plus,No finding,top_1pct,0.05111274495720863
411,layer3,xgrad_cam,No finding,entropy,14.909099578857422
411,layer3,xgrad_cam,No finding,top_1pct,0.08881309628486633
411,layer4,grad_cam,No finding,entropy,14.79273796081543
411,layer4,grad_cam,No finding,top_1pct,0.038082778453826904
411,layer4,grad_cam_plus_plus,No finding,entropy,14.959563255310059
411,layer4,grad_cam_plus_plus,No finding,top_1pct,0.0353124737739563
411,layer4,xgrad_cam,No finding,entropy,14.79273796081543
411,layer4,xgrad_cam,No finding,top_1pct,0.038082774728536606
412,layer3,grad_cam,No finding,entropy,14.96710205078125
412,layer3,grad_cam,No finding,top_1pct,0.039450109004974365
412,layer3,grad_cam_plus_plus,No finding,entropy,15.581195831298828
412,layer3,grad_cam_plus_plus,No finding,top_1pct,0.01677510514855385
412,layer3,xgrad_cam,No finding,entropy,14.779277801513672
412,layer3,xgrad_cam,No finding,top_1pct,0.04870069399476051
412,layer4,grad_cam,No finding,entropy,14.312837600708008
412,layer4,grad_cam,No finding,top_1pct,0.05198010802268982
412,layer4,grad_cam_plus_plus,No finding,entropy,14.806953430175781
412,layer4,grad_cam_plus_plus,No finding,top_1pct,0.04376925900578499
412,layer4,xgrad_cam,No finding,entropy,14.312837600708008
412,layer4,xgrad_cam,No finding,top_1pct,0.05198011174798012
413,layer3,grad_cam,No finding,entropy,15.114725112915039
413,layer3,grad_cam,No finding,top_1pct,0.03701215609908104
413,layer3,grad_cam_plus_plus,No finding,entropy,15.574309349060059
413,layer3,grad_cam_plus_plus,No finding,top_1pct,0.021202581003308296
413,layer3,xgrad_cam,No finding,entropy,15.238070487976074
413,layer3,xgrad_cam,No finding,top_1pct,0.03510989993810654
413,layer4,grad_cam,No finding,entropy,14.892592430114746
413,layer4,grad_cam,No finding,top_1pct,0.03683480620384216
413,layer4,grad_cam_plus_plus,No finding,entropy,15.081274032592773
413,layer4,grad_cam_plus_plus,No finding,top_1pct,0.03312818706035614
413,layer4,xgrad_cam,No finding,entropy,14.89259147644043
413,layer4,xgrad_cam,No finding,top_1pct,0.03683480620384216
414,layer3,grad_cam,No finding,entropy,15.150327682495117
414,layer3,grad_cam,No finding,top_1pct,0.03946765512228012
414,layer3,grad_cam_plus_plus,No finding,entropy,15.588025093078613
414,layer3,grad_cam_plus_plus,No finding,top_1pct,0.01738116890192032
414,layer3,xgrad_cam,No finding,entropy,14.997068405151367
414,layer3,xgrad_cam,No finding,top_1pct,0.049614544957876205
414,layer4,grad_cam,No finding,entropy,15.222122192382812
414,layer4,grad_cam,No finding,top_1pct,0.02777756191790104
414,layer4,grad_cam_plus_plus,No finding,entropy,15.303604125976562
414,layer4,grad_cam_plus_plus,No finding,top_1pct,0.02522224187850952
414,layer4,xgrad_cam,No finding,entropy,15.222122192382812
414,layer4,xgrad_cam,No finding,top_1pct,0.02777756191790104
415,layer3,grad_cam,Aortic enlargement,pointing_game,0.0
415,layer3,grad_cam,Aortic enlargement,energy_box,0.05159343034029007
415,layer3,grad_cam,Aortic enlargement,iou,0.06487889587879181
415,layer3,grad_cam,Aortic enlargement,distance,2.2093284592199622
415,layer3,grad_cam_plus_plus,Aortic enlargement,pointing_game,0.0
415,layer3,grad_cam_plus_plus,Aortic enlargement,energy_box,0.02022855170071125
415,layer3,grad_cam_plus_plus,Aortic enlargement,iou,0.03627263754606247
415,layer3,grad_cam_plus_plus,Aortic enlargement,distance,4.678284906837224
415,layer3,xgrad_cam,Aortic enlargement,pointing_game,0.0
415,layer3,xgrad_cam,Aortic enlargement,energy_box,0.04517560824751854
415,layer3,xgrad_cam,Aortic enlargement,iou,0.0
415,layer3,xgrad_cam,Aortic enlargement,distance,2.2093284592199622
415,layer4,grad_cam,Aortic enlargement,pointing_game,0.0
415,layer4,grad_cam,Aortic enlargement,energy_box,0.027317509055137634
415,layer4,grad_cam,Aortic enlargement,iou,0.06003210321068764
415,layer4,grad_cam,Aortic enlargement,distance,0.9574428882187533
415,layer4,grad_cam_plus_plus,Aortic enlargement,pointing_game,0.0
415,layer4,grad_cam_plus_plus,Aortic enlargement,energy_box,0.028764091432094574
415,layer4,grad_cam_plus_plus,Aortic enlargement,iou,0.07051581144332886
415,layer4,grad_cam_plus_plus,Aortic enlargement,distance,1.3695882330073326
415,layer4,xgrad_cam,Aortic enlargement,pointing_game,0.0
415,layer4,xgrad_cam,Aortic enlargement,energy_box,0.027317507192492485
415,layer4,xgrad_cam,Aortic enlargement,iou,0.06003210321068764
415,layer4,xgrad_cam,Aortic enlargement,distance,0.9574428882187533
415,layer3,grad_cam,Cardiomegaly,pointing_game,0.0
415,layer3,grad_cam,Cardiomegaly,energy_box,0.08286076039075851
415,layer3,grad_cam,Cardiomegaly,iou,0.12650208175182343
415,layer3,grad_cam,Cardiomegaly,distance,0.9180870750534146
415,layer3,grad_cam_plus_plus,Cardiomegaly,pointing_game,0.0
415,layer3,grad_cam_plus_plus,Cardiomegaly,energy_box,0.048276226967573166
415,layer3,grad_cam_plus_plus,Cardiomegaly,iou,0.051426853984594345
415,layer3,grad_cam_plus_plus,Cardiomegaly,distance,1.6800794611933123
415,layer3,xgrad_cam,Cardiomegaly,pointing_game,0.0
415,layer3,xgrad_cam,Cardiomegaly,energy_box,0.07922644913196564
415,layer3,xgrad_cam,Cardiomegaly,iou,0.12335551530122757
415,layer3,xgrad_cam,Cardiomegaly,distance,0.6006689852849862
415,layer4,grad_cam,Cardiomegaly,pointing_game,1.0
415,layer4,grad_cam,Cardiomegaly,energy_box,0.11404471099376678
415,layer4,grad_cam,Cardiomegaly,iou,0.1482013314962387
415,layer4,grad_cam,Cardiomegaly,distance,0.4943330784749997
415,layer4,grad_cam_plus_plus,Cardiomegaly,pointing_game,1.0
415,layer4,grad_cam_plus_plus,Cardiomegaly,energy_box,0.11303508281707764
415,layer4,grad_cam_plus_plus,Cardiomegaly,iou,0.22986248135566711
415,layer4,grad_cam_plus_plus,Cardiomegaly,distance,0.19427650491911483
415,layer4,xgrad_cam,Cardiomegaly,pointing_game,1.0
415,layer4,xgrad_cam,Cardiomegaly,energy_box,0.1140446811914444
415,layer4,xgrad_cam,Cardiomegaly,iou,0.1482013314962387
415,layer4,xgrad_cam,Cardiomegaly,distance,0.4943330784749997
415,layer3,grad_cam,Pleural thickening,pointing_game,0.0
415,layer3,grad_cam,Pleural thickening,energy_box,0.0016376242274418473
415,layer3,grad_cam,Pleural thickening,iou,0.0
415,layer3,grad_cam,Pleural thickening,distance,3.0743530033943856
415,layer3,grad_cam_plus_plus,Pleural thickening,pointing_game,0.0
415,layer3,grad_cam_plus_plus,Pleural thickening,energy_box,0.0012515869457274675
415,layer3,grad_cam_plus_plus,Pleural thickening,iou,0.0
415,layer3,grad_cam_plus_plus,Pleural thickening,distance,12.484492285120169
415,layer3,xgrad_cam,Pleural thickening,pointing_game,0.0
415,layer3,xgrad_cam,Pleural thickening,energy_box,0.0011186400661244988
415,layer3,xgrad_cam,Pleural thickening,iou,0.0
415,layer3,xgrad_cam,Pleural thickening,distance,3.150528493979384
415,layer4,grad_cam,Pleural thickening,pointing_game,0.0
415,layer4,grad_cam,Pleural thickening,energy_box,0.0
415,layer4,grad_cam,Pleural thickening,iou,0.0
415,layer4,grad_cam,Pleural thickening,distance,14.086082956170754
415,layer4,grad_cam_plus_plus,Pleural thickening,pointing_game,0.0
415,layer4,grad_cam_plus_plus,Pleural thickening,energy_box,0.001616120571270585
415,layer4,grad_cam_plus_plus,Pleural thickening,iou,0.0
415,layer4,grad_cam_plus_plus,Pleural thickening,distance,4.6835679387969575
415,layer4,xgrad_cam,Pleural thickening,pointing_game,0.0
415,layer4,xgrad_cam,Pleural thickening,energy_box,0.0
415,layer4,xgrad_cam,Pleural thickening,iou,0.0
415,layer4,xgrad_cam,Pleural thickening,distance,14.086082956170754
415,layer3,grad_cam,Pulmonary fibrosis,pointing_game,0.0
415,layer3,grad_cam,Pulmonary fibrosis,energy_box,9.730563033372164e-05
415,layer3,grad_cam,Pulmonary fibrosis,iou,0.0
415,layer3,grad_cam,Pulmonary fibrosis,distance,7.239324546638721
415,layer3,grad_cam_plus_plus,Pulmonary fibrosis,pointing_game,0.0
415,layer3,grad_cam_plus_plus,Pulmonary fibrosis,energy_box,0.0022357944399118423
415,layer3,grad_cam_plus_plus,Pulmonary fibrosis,iou,0.0009975919965654612
415,layer3,grad_cam_plus_plus,Pulmonary fibrosis,distance,6.666829297077721
415,layer3,xgrad_cam,Pulmonary fibrosis,pointing_game,0.0
415,layer3,xgrad_cam,Pulmonary fibrosis,energy_box,0.0
415,layer3,xgrad_cam,Pulmonary fibrosis,iou,0.0
415,layer3,xgrad_cam,Pulmonary fibrosis,distance,3.3304829005120995
415,layer4,grad_cam,Pulmonary fibrosis,pointing_game,0.0
415,layer4,grad_cam,Pulmonary fibrosis,energy_box,0.011090886779129505
415,layer4,grad_cam,Pulmonary fibrosis,iou,0.0
415,layer4,grad_cam,Pulmonary fibrosis,distance,1.3894481455578733
415,layer4,grad_cam_plus_plus,Pulmonary fibrosis,pointing_game,0.0
415,layer4,grad_cam_plus_plus,Pulmonary fibrosis,energy_box,0.002328668488189578
415,layer4,grad_cam_plus_plus,Pulmonary fibrosis,iou,0.0
415,layer4,grad_cam_plus_plus,Pulmonary fibrosis,distance,2.1004650758448946
415,layer4,xgrad_cam,Pulmonary fibrosis,pointing_game,0.0
415,layer4,xgrad_cam,Pulmonary fibrosis,energy_box,0.011090881191194057
415,layer4,xgrad_cam,Pulmonary fibrosis,iou,0.0
415,layer4,xgrad_cam,Pulmonary fibrosis,distance,1.3894481455578733
416,layer3,grad_cam,Cardiomegaly,pointing_game,0.0
416,layer3,grad_cam,Cardiomegaly,energy_box,0.17604511976242065
416,layer3,grad_cam,Cardiomegaly,iou,0.3088923692703247
416,layer3,grad_cam,Cardiomegaly,distance,0.11471997841156695
416,layer3,grad_cam_plus_plus,Cardiomegaly,pointing_game,0.0
416,layer3,grad_cam_plus_plus,Cardiomegaly,energy_box,0.06443196535110474
416,layer3,grad_cam_plus_plus,Cardiomegaly,iou,0.08063223958015442
416,layer3,grad_cam_plus_plus,Cardiomegaly,distance,1.0521591024834764
416,layer3,xgrad_cam,Cardiomegaly,pointing_game,0.0
416,layer3,xgrad_cam,Cardiomegaly,energy_box,0.169103741645813
416,layer3,xgrad_cam,Cardiomegaly,iou,0.2653546631336212
416,layer3,xgrad_cam,Cardiomegaly,distance,0.24412150059876536
416,layer4,grad_cam,Cardiomegaly,pointing_game,1.0
416,layer4,grad_cam,Cardiomegaly,energy_box,0.19426323473453522
416,layer4,grad_cam,Cardiomegaly,iou,0.27586206793785095
416,layer4,grad_cam,Cardiomegaly,distance,0.3350385173671738
416,layer4,grad_cam_plus_plus,Cardiomegaly,pointing_game,1.0
416,layer4,grad_cam_plus_plus,Cardiomegaly,energy_box,0.16934098303318024
416,layer4,grad_cam_plus_plus,Cardiomegaly,iou,0.32467401027679443
416,layer4,grad_cam_plus_plus,Cardiomegaly,distance,0.07949457306740877
416,layer4,xgrad_cam,Cardiomegaly,pointing_game,1.0
416,layer4,xgrad_cam,Cardiomegaly,energy_box,0.19426321983337402
416,layer4,xgrad_cam,Cardiomegaly,iou,0.27586206793785095
416,layer4,xgrad_cam,Cardiomegaly,distance,0.3350385173671738
416,layer3,grad_cam,Pleural thickening,pointing_game,0.0
416,layer3,grad_cam,Pleural thickening,energy_box,7.565903797512874e-05
416,layer3,grad_cam,Pleural thickening,iou,0.0
416,layer3,grad_cam,Pleural thickening,distance,1.09169172478844
416,layer3,grad_cam_plus_plus,Pleural thickening,pointing_game,0.0
416,layer3,grad_cam_plus_plus,Pleural thickening,energy_box,0.002062018495053053
416,layer3,grad_cam_plus_plus,Pleural thickening,iou,0.0023236514534801245
416,layer3,grad_cam_plus_plus,Pleural thickening,distance,1.09169172478844
416,layer3,xgrad_cam,Pleural thickening,pointing_game,0.0
416,layer3,xgrad_cam,Pleural thickening,energy_box,0.0
416,layer3,xgrad_cam,Pleural thickening,iou,0.0
416,layer3,xgrad_cam,Pleural thickening,distance,4.187623257902643
416,layer4,grad_cam,Pleural thickening,pointing_game,0.0
416,layer4,grad_cam,Pleural thickening,energy_box,0.0009427768527530134
416,layer4,grad_cam,Pleural thickening,iou,0.0
416,layer4,grad_cam,Pleural thickening,distance,4.594848284524626
416,layer4,grad_cam_plus_plus,Pleural thickening,pointing_game,0.0
416,layer4,grad_cam_plus_plus,Pleural thickening,energy_box,0.002069799927994609
416,layer4,grad_cam_plus_plus,Pleural thickening,iou,0.0
416,layer4,grad_cam_plus_plus,Pleural thickening,distance,3.0825270714571937
416,layer4,xgrad_cam,Pleural thickening,pointing_game,0.0
416,layer4,xgrad_cam,Pleural thickening,energy_box,0.0009427746408618987
416,layer4,xgrad_cam,Pleural thickening,iou,0.0
416,layer4,xgrad_cam,Pleural thickening,distance,4.594848284524626
417,layer3,grad_cam,No finding,entropy,14.659833908081055
417,layer3,grad_cam,No finding,top_1pct,0.056327011436223984
417,layer3,grad_cam_plus_plus,No finding,entropy,15.590333938598633
417,layer3,grad_cam_plus_plus,No finding,top_1pct,0.016291504725813866
417,layer3,xgrad_cam,No finding,entropy,15.151323318481445
417,layer3,xgrad_cam,No finding,top_1pct,0.035698432475328445
417,layer4,grad_cam,No finding,entropy,14.816549301147461
417,layer4,grad_cam,No finding,top_1pct,0.040070340037345886
417,layer4,grad_cam_plus_plus,No finding,entropy,15.064471244812012
417,layer4,grad_cam_plus_plus,No finding,top_1pct,0.03537413477897644
417,layer4,xgrad_cam,No finding,entropy,14.816549301147461
417,layer4,xgrad_cam,No finding,top_1pct,0.040070340037345886
418,layer3,grad_cam,No finding,entropy,14.91301155090332
418,layer3,grad_cam,No finding,top_1pct,0.05564454570412636
418,layer3,grad_cam_plus_plus,No finding,entropy,15.577554702758789
418,layer3,grad_cam_plus_plus,No finding,top_1pct,0.01739910989999771
418,layer3,xgrad_cam,No finding,entropy,14.843810081481934
418,layer3,xgrad_cam,No finding,top_1pct,0.06064456328749657
418,layer4,grad_cam,No finding,entropy,14.45613956451416
418,layer4,grad_cam,No finding,top_1pct,0.0497126467525959
418,layer4,grad_cam_plus_plus,No finding,entropy,15.011894226074219
418,layer4,grad_cam_plus_plus,No finding,top_1pct,0.038262393325567245
418,layer4,xgrad_cam,No finding,entropy,14.456140518188477
418,layer4,xgrad_cam,No finding,top_1pct,0.0497126467525959
419,layer3,grad_cam,No finding,entropy,15.03479290008545
419,layer3,grad_cam,No finding,top_1pct,0.04533363878726959
419,layer3,grad_cam_plus_plus,No finding,entropy,15.582697868347168
419,layer3,grad_cam_plus_plus,No finding,top_1pct,0.020342137664556503
419,layer3,xgrad_cam,No finding,entropy,15.083745002746582
419,layer3,xgrad_cam,No finding,top_1pct,0.04187813401222229
419,layer4,grad_cam,No finding,entropy,14.74017333984375
419,layer4,grad_cam,No finding,top_1pct,0.039864443242549896
419,layer4,grad_cam_plus_plus,No finding,entropy,15.03890609741211
419,layer4,grad_cam_plus_plus,No finding,top_1pct,0.03461075946688652
419,layer4,xgrad_cam,No finding,entropy,14.740174293518066
419,layer4,xgrad_cam,No finding,top_1pct,0.039864446967840195
420,layer3,grad_cam,No finding,entropy,14.708802223205566
420,layer3,grad_cam,No finding,top_1pct,0.04805392399430275
420,layer3,grad_cam_plus_plus,No finding,entropy,15.581302642822266
420,layer3,grad_cam_plus_plus,No finding,top_1pct,0.02095089852809906
420,layer3,xgrad_cam,No finding,entropy,15.209051132202148
420,layer3,xgrad_cam,No finding,top_1pct,0.03360920399427414
420,layer4,grad_cam,No finding,entropy,14.862122535705566
420,layer4,grad_cam,No finding,top_1pct,0.032313961535692215
420,layer4,grad_cam_plus_plus,No finding,entropy,15.039261817932129
420,layer4,grad_cam_plus_plus,No finding,top_1pct,0.031019896268844604
420,layer4,xgrad_cam,No finding,entropy,14.862123489379883
420,layer4,xgrad_cam,No finding,top_1pct,0.032313961535692215
421,layer3,grad_cam,No finding,entropy,15.301529884338379
421,layer3,grad_cam,No finding,top_1pct,0.033813320100307465
421,layer3,grad_cam_plus_plus,No finding,entropy,15.581305503845215
421,layer3,grad_cam_plus_plus,No finding,top_1pct,0.02040737122297287
421,layer3,xgrad_cam,No finding,entropy,15.295211791992188
421,layer3,xgrad_cam,No finding,top_1pct,0.04113888740539551
421,layer4,grad_cam,No finding,entropy,14.193391799926758
421,layer4,grad_cam,No finding,top_1pct,0.04844759777188301
421,layer4,grad_cam_plus_plus,No finding,entropy,14.672660827636719
421,layer4,grad_cam_plus_plus,No finding,top_1pct,0.040335699915885925
421,layer4,xgrad_cam,No finding,entropy,14.193391799926758
421,layer4,xgrad_cam,No finding,top_1pct,0.048447586596012115
422,layer3,grad_cam,No finding,entropy,15.026180267333984
422,layer3,grad_cam,No finding,top_1pct,0.04550543427467346
422,layer3,grad_cam_plus_plus,No finding,entropy,15.576818466186523
422,layer3,grad_cam_plus_plus,No finding,top_1pct,0.01737520843744278
422,layer3,xgrad_cam,No finding,entropy,15.078901290893555
422,layer3,xgrad_cam,No finding,top_1pct,0.04792399704456329
422,layer4,grad_cam,No finding,entropy,14.258733749389648
422,layer4,grad_cam,No finding,top_1pct,0.06668807566165924
422,layer4,grad_cam_plus_plus,No finding,entropy,15.058647155761719
422,layer4,grad_cam_plus_plus,No finding,top_1pct,0.04253454878926277
422,layer4,xgrad_cam,No finding,entropy,14.258733749389648
422,layer4,xgrad_cam,No finding,top_1pct,0.06668808311223984
423,layer3,grad_cam,Aortic enlargement,pointing_game,0.0
423,layer3,grad_cam,Aortic enlargement,energy_box,0.02445543371140957
423,layer3,grad_cam,Aortic enlargement,iou,0.0
423,layer3,grad_cam,Aortic enlargement,distance,1.9161037850745795
423,layer3,grad_cam_plus_plus,Aortic enlargement,pointing_game,0.0
423,layer3,grad_cam_plus_plus,Aortic enlargement,energy_box,0.023487500846385956
423,layer3,grad_cam_plus_plus,Aortic enlargement,iou,0.021625500172376633
423,layer3,grad_cam_plus_plus,Aortic enlargement,distance,1.9344065135854336
423,layer3,xgrad_cam,Aortic enlargement,pointing_game,0.0
423,layer3,xgrad_cam,Aortic enlargement,energy_box,0.026906777173280716
423,layer3,xgrad_cam,Aortic enlargement,iou,0.0
423,layer3,xgrad_cam,Aortic enlargement,distance,1.7507898783337401
423,layer4,grad_cam,Aortic enlargement,pointing_game,0.0
423,layer4,grad_cam,Aortic enlargement,energy_box,0.036578066647052765
423,layer4,grad_cam,Aortic enlargement,iou,0.05197000131011009
423,layer4,grad_cam,Aortic enlargement,distance,1.3592144644047357
423,layer4,grad_cam_plus_plus,Aortic enlargement,pointing_game,0.0
423,layer4,grad_cam_plus_plus,Aortic enlargement,energy_box,0.03687778115272522
423,layer4,grad_cam_plus_plus,Aortic enlargement,iou,0.09638669341802597
423,layer4,grad_cam_plus_plus,Aortic enlargement,distance,1.3592144644047357
423,layer4,xgrad_cam,Aortic enlargement,pointing_game,0.0
423,layer4,xgrad_cam,Aortic enlargement,energy_box,0.036578062921762466
423,layer4,xgrad_cam,Aortic enlargement,iou,0.05197000131011009
423,layer4,xgrad_cam,Aortic enlargement,distance,1.3592144644047357
424,layer3,grad_cam,No finding,entropy,14.69766616821289
424,layer3,grad_cam,No finding,top_1pct,0.05173897370696068
424,layer3,grad_cam_plus_plus,No finding,entropy,15.57529067993164
424,layer3,grad_cam_plus_plus,No finding,top_1pct,0.02022799663245678
424,layer3,xgrad_cam,No finding,entropy,15.132124900817871
424,layer3,xgrad_cam,No finding,top_1pct,0.03967162221670151
424,layer4,grad_cam,No finding,entropy,14.798332214355469
424,layer4,grad_cam,No finding,top_1pct,0.03199484944343567
424,layer4,grad_cam_plus_plus,No finding,entropy,14.99106216430664
424,layer4,grad_cam_plus_plus,No finding,top_1pct,0.03125699982047081
424,layer4,xgrad_cam,No finding,entropy,14.798332214355469
424,layer4,xgrad_cam,No finding,top_1pct,0.03199485316872597
425,layer3,grad_cam,No finding,entropy,14.830471992492676
425,layer3,grad_cam,No finding,top_1pct,0.04509853571653366
425,layer3,grad_cam_plus_plus,No finding,entropy,15.58913803100586
425,layer3,grad_cam_plus_plus,No finding,top_1pct,0.01660008728504181
425,layer3,xgrad_cam,No finding,entropy,15.341651916503906
425,layer3,xgrad_cam,No finding,top_1pct,0.032121531665325165
425,layer4,grad_cam,No finding,entropy,14.600839614868164
425,layer4,grad_cam,No finding,top_1pct,0.04478808864951134
425,layer4,grad_cam_plus_plus,No finding,entropy,14.93046760559082
425,layer4,grad_cam_plus_plus,No finding,top_1pct,0.038806475698947906
425,layer4,xgrad_cam,No finding,entropy,14.600839614868164
425,layer4,xgrad_cam,No finding,top_1pct,0.04478808864951134
426,layer3,grad_cam,No finding,entropy,15.077058792114258
426,layer3,grad_cam,No finding,top_1pct,0.038755279034376144
426,layer3,grad_cam_plus_plus,No finding,entropy,15.585723876953125
426,layer3,grad_cam_plus_plus,No finding,top_1pct,0.017666557803750038
426,layer3,xgrad_cam,No finding,entropy,14.951156616210938
426,layer3,xgrad_cam,No finding,top_1pct,0.05195089802145958
426,layer4,grad_cam,No finding,entropy,14.237478256225586
426,layer4,grad_cam,No finding,top_1pct,0.061152633279561996
426,layer4,grad_cam_plus_plus,No finding,entropy,14.896495819091797
426,layer4,grad_cam_plus_plus,No finding,top_1pct,0.04566924273967743
426,layer4,xgrad_cam,No finding,entropy,14.237480163574219
426,layer4,xgrad_cam,No finding,top_1pct,0.06115264073014259
427,layer3,grad_cam,No finding,entropy,15.048102378845215
427,layer3,grad_cam,No finding,top_1pct,0.04103627800941467
427,layer3,grad_cam_plus_plus,No finding,entropy,15.585244178771973
427,layer3,grad_cam_plus_plus,No finding,top_1pct,0.017362190410494804
427,layer3,xgrad_cam,No finding,entropy,15.07234001159668
427,layer3,xgrad_cam,No finding,top_1pct,0.044523708522319794
427,layer4,grad_cam,No finding,entropy,14.537904739379883
427,layer4,grad_cam,No finding,top_1pct,0.04700300469994545
427,layer4,grad_cam_plus_plus,No finding,entropy,14.949262619018555
427,layer4,grad_cam_plus_plus,No finding,top_1pct,0.039118677377700806
427,layer4,xgrad_cam,No finding,entropy,14.5379056930542
427,layer4,xgrad_cam,No finding,top_1pct,0.04700301215052605
428,layer3,grad_cam,No finding,entropy,14.930952072143555
428,layer3,grad_cam,No finding,top_1pct,0.03323422372341156
428,layer3,grad_cam_plus_plus,No finding,entropy,15.590425491333008
428,layer3,grad_cam_plus_plus,No finding,top_1pct,0.01703430712223053
428,layer3,xgrad_cam,No finding,entropy,15.023886680603027
428,layer3,xgrad_cam,No finding,top_1pct,0.03295176103711128
428,layer4,grad_cam,No finding,entropy,14.307552337646484
428,layer4,grad_cam,No finding,top_1pct,0.05316775292158127
428,layer4,grad_cam_plus_plus,No finding,entropy,14.966521263122559
428,layer4,grad_cam_plus_plus,No finding,top_1pct,0.04081349074840546
428,layer4,xgrad_cam,No finding,entropy,14.3075532913208
428,layer4,xgrad_cam,No finding,top_1pct,0.053167760372161865
429,layer3,grad_cam,No finding,entropy,14.475200653076172
429,layer3,grad_cam,No finding,top_1pct,0.05786049738526344
429,layer3,grad_cam_plus_plus,No finding,entropy,15.585124969482422
429,layer3,grad_cam_plus_plus,No finding,top_1pct,0.016028152778744698
429,layer3,xgrad_cam,No finding,entropy,15.106534957885742
429,layer3,xgrad_cam,No finding,top_1pct,0.03690248355269432
429,layer4,grad_cam,No finding,entropy,14.722919464111328
429,layer4,grad_cam,No finding,top_1pct,0.04006907343864441
429,layer4,grad_cam_plus_plus,No finding,entropy,14.950570106506348
429,layer4,grad_cam_plus_plus,No finding,top_1pct,0.036887310445308685
429,layer4,xgrad_cam,No finding,entropy,14.722921371459961
429,layer4,xgrad_cam,No finding,top_1pct,0.04006907343864441
430,layer3,grad_cam,Aortic enlargement,pointing_game,0.0
430,layer3,grad_cam,Aortic enlargement,energy_box,0.020450307056307793
430,layer3,grad_cam,Aortic enlargement,iou,0.0
430,layer3,grad_cam,Aortic enlargement,distance,3.7114742588978773
430,layer3,grad_cam_plus_plus,Aortic enlargement,pointing_game,0.0
430,layer3,grad_cam_plus_plus,Aortic enlargement,energy_box,0.014824707061052322
430,layer3,grad_cam_plus_plus,Aortic enlargement,iou,0.013333333656191826
430,layer3,grad_cam_plus_plus,Aortic enlargement,distance,3.7192942056499336
430,layer3,xgrad_cam,Aortic enlargement,pointing_game,0.0
430,layer3,xgrad_cam,Aortic enlargement,energy_box,0.019474558532238007
430,layer3,xgrad_cam,Aortic enlargement,iou,0.0
430,layer3,xgrad_cam,Aortic enlargement,distance,3.7114742588978773
430,layer4,grad_cam,Aortic enlargement,pointing_game,0.0
430,layer4,grad_cam,Aortic enlargement,energy_box,0.020916327834129333
430,layer4,grad_cam,Aortic enlargement,iou,0.033480770885944366
430,layer4,grad_cam,Aortic enlargement,distance,0.49510221590103404
430,layer4,grad_cam_plus_plus,Aortic enlargement,pointing_game,0.0
430,layer4,grad_cam_plus_plus,Aortic enlargement,energy_box,0.018592458218336105
430,layer4,grad_cam_plus_plus,Aortic enlargement,iou,0.02680807188153267
430,layer4,grad_cam_plus_plus,Aortic enlargement,distance,2.524701089388479
430,layer4,xgrad_cam,Aortic enlargement,pointing_game,0.0
430,layer4,xgrad_cam,Aortic enlargement,energy_box,0.020916327834129333
430,layer4,xgrad_cam,Aortic enlargement,iou,0.033480770885944366
430,layer4,xgrad_cam,Aortic enlargement,distance,0.49510221590103404
430,layer3,grad_cam,Lung Opacity,pointing_game,0.0
430,layer3,grad_cam,Lung Opacity,energy_box,0.002140851691365242
430,layer3,grad_cam,Lung Opacity,iou,0.0
430,layer3,grad_cam,Lung Opacity,distance,1.1507504577048333
430,layer3,grad_cam_plus_plus,Lung Opacity,pointing_game,0.0
430,layer3,grad_cam_plus_plus,Lung Opacity,energy_box,0.04554322361946106
430,layer3,grad_cam_plus_plus,Lung Opacity,iou,0.03924548625946045
430,layer3,grad_cam_plus_plus,Lung Opacity,distance,2.6080319219764028
430,layer3,xgrad_cam,Lung Opacity,pointing_game,0.0
430,layer3,xgrad_cam,Lung Opacity,energy_box,0.0056204646825790405
430,layer3,xgrad_cam,Lung Opacity,iou,0.0
430,layer3,xgrad_cam,Lung Opacity,distance,0.7749680344496225
430,layer4,grad_cam,Lung Opacity,pointing_game,0.0
430,layer4,grad_cam,Lung Opacity,energy_box,0.09047345072031021
430,layer4,grad_cam,Lung Opacity,iou,0.035347357392311096
430,layer4,grad_cam,Lung Opacity,distance,1.0232684365665154
430,layer4,grad_cam_plus_plus,Lung Opacity,pointing_game,1.0
430,layer4,grad_cam_plus_plus,Lung Opacity,energy_box,0.06946264952421188
430,layer4,grad_cam_plus_plus,Lung Opacity,iou,0.1052960604429245
430,layer4,grad_cam_plus_plus,Lung Opacity,distance,0.3231195445260534
430,layer4,xgrad_cam,Lung Opacity,pointing_game,0.0
430,layer4,xgrad_cam,Lung Opacity,energy_box,0.09047345817089081
430,layer4,xgrad_cam,Lung Opacity,iou,0.035347357392311096
430,layer4,xgrad_cam,Lung Opacity,distance,1.0232684365665154
430,layer3,grad_cam,Pleural thickening,pointing_game,0.0
430,layer3,grad_cam,Pleural thickening,energy_box,0.0018007687758654356
430,layer3,grad_cam,Pleural thickening,iou,0.0
430,layer3,grad_cam,Pleural thickening,distance,2.208744987634221
430,layer3,grad_cam_plus_plus,Pleural thickening,pointing_game,0.0
430,layer3,grad_cam_plus_plus,Pleural thickening,energy_box,0.005428379401564598
430,layer3,grad_cam_plus_plus,Pleural thickening,iou,0.0010225753067061305
430,layer3,grad_cam_plus_plus,Pleural thickening,distance,2.4003291169696963
430,layer3,xgrad_cam,Pleural thickening,pointing_game,0.0
430,layer3,xgrad_cam,Pleural thickening,energy_box,0.0026148634497076273
430,layer3,xgrad_cam,Pleural thickening,iou,0.0
430,layer3,xgrad_cam,Pleural thickening,distance,2.208744987634221
430,layer4,grad_cam,Pleural thickening,pointing_game,0.0
430,layer4,grad_cam,Pleural thickening,energy_box,0.004595971200615168
430,layer4,grad_cam,Pleural thickening,iou,0.0
430,layer4,grad_cam,Pleural thickening,distance,1.425600648450269
430,layer4,grad_cam_plus_plus,Pleural thickening,pointing_game,0.0
430,layer4,grad_cam_plus_plus,Pleural thickening,energy_box,0.00534455431625247
430,layer4,grad_cam_plus_plus,Pleural thickening,iou,0.0
430,layer4,grad_cam_plus_plus,Pleural thickening,distance,2.264156370243463
430,layer4,xgrad_cam,Pleural thickening,pointing_game,0.0
430,layer4,xgrad_cam,Pleural thickening,energy_box,0.004595972131937742
430,layer4,xgrad_cam,Pleural thickening,iou,0.0
430,layer4,xgrad_cam,Pleural thickening,distance,1.425600648450269
430,layer3,grad_cam,Pulmonary fibrosis,pointing_game,0.0
430,layer3,grad_cam,Pulmonary fibrosis,energy_box,0.0010344949550926685
430,layer3,grad_cam,Pulmonary fibrosis,iou,0.0
430,layer3,grad_cam,Pulmonary fibrosis,distance,2.1046681763186927
430,layer3,grad_cam_plus_plus,Pulmonary fibrosis,pointing_game,0.0
430,layer3,grad_cam_plus_plus,Pulmonary fibrosis,energy_box,0.007638169918209314
430,layer3,grad_cam_plus_plus,Pulmonary fibrosis,iou,0.0
430,layer3,grad_cam_plus_plus,Pulmonary fibrosis,distance,3.856266963543365
430,layer3,xgrad_cam,Pulmonary fibrosis,pointing_game,0.0
430,layer3,xgrad_cam,Pulmonary fibrosis,energy_box,0.001175804645754397
430,layer3,xgrad_cam,Pulmonary fibrosis,iou,0.0
430,layer3,xgrad_cam,Pulmonary fibrosis,distance,2.0764602385107027
430,layer4,grad_cam,Pulmonary fibrosis,pointing_game,0.0
430,layer4,grad_cam,Pulmonary fibrosis,energy_box,0.01246330700814724
430,layer4,grad_cam,Pulmonary fibrosis,iou,0.0
430,layer4,grad_cam,Pulmonary fibrosis,distance,3.1059536935678773
430,layer4,grad_cam_plus_plus,Pulmonary fibrosis,pointing_game,0.0
430,layer4,grad_cam_plus_plus,Pulmonary fibrosis,energy_box,0.010316086001694202
430,layer4,grad_cam_plus_plus,Pulmonary fibrosis,iou,0.0
430,layer4,grad_cam_plus_plus,Pulmonary fibrosis,distance,3.1059536935678773
430,layer4,xgrad_cam,Pulmonary fibrosis,pointing_game,0.0
430,layer4,xgrad_cam,Pulmonary fibrosis,energy_box,0.012463307939469814
430,layer4,xgrad_cam,Pulmonary fibrosis,iou,0.0
430,layer4,xgrad_cam,Pulmonary fibrosis,distance,3.1059536935678773
431,layer3,grad_cam,No finding,entropy,15.183597564697266
431,layer3,grad_cam,No finding,top_1pct,0.037352435290813446
431,layer3,grad_cam_plus_plus,No finding,entropy,15.402190208435059
431,layer3,grad_cam_plus_plus,No finding,top_1pct,0.0489804707467556
431,layer3,xgrad_cam,No finding,entropy,14.849699974060059
431,layer3,xgrad_cam,No finding,top_1pct,0.0906621590256691
431,layer4,grad_cam,No finding,entropy,14.379072189331055
431,layer4,grad_cam,No finding,top_1pct,0.04608135297894478
431,layer4,grad_cam_plus_plus,No finding,entropy,14.767173767089844
431,layer4,grad_cam_plus_plus,No finding,top_1pct,0.04047758877277374
431,layer4,xgrad_cam,No finding,entropy,14.379073143005371
431,layer4,xgrad_cam,No finding,top_1pct,0.04608135297894478
432,layer3,grad_cam,No finding,entropy,15.018476486206055
432,layer3,grad_cam,No finding,top_1pct,0.03483770415186882
432,layer3,grad_cam_plus_plus,No finding,entropy,15.584634780883789
432,layer3,grad_cam_plus_plus,No finding,top_1pct,0.01687936671078205
432,layer3,xgrad_cam,No finding,entropy,15.109932899475098
432,layer3,xgrad_cam,No finding,top_1pct,0.03240899369120598
432,layer4,grad_cam,No finding,entropy,14.706541061401367
432,layer4,grad_cam,No finding,top_1pct,0.040997300297021866
432,layer4,grad_cam_plus_plus,No finding,entropy,15.001140594482422
432,layer4,grad_cam_plus_plus,No finding,top_1pct,0.03591042011976242
432,layer4,xgrad_cam,No finding,entropy,14.70654296875
432,layer4,xgrad_cam,No finding,top_1pct,0.040997304022312164
433,layer3,grad_cam,No finding,entropy,15.162108421325684
433,layer3,grad_cam,No finding,top_1pct,0.03874333202838898
433,layer3,grad_cam_plus_plus,No finding,entropy,15.580891609191895
433,layer3,grad_cam_plus_plus,No finding,top_1pct,0.020354487001895905
433,layer3,xgrad_cam,No finding,entropy,15.304096221923828
433,layer3,xgrad_cam,No finding,top_1pct,0.032958146184682846
433,layer4,grad_cam,No finding,entropy,14.701827049255371
433,layer4,grad_cam,No finding,top_1pct,0.03784731775522232
433,layer4,grad_cam_plus_plus,No finding,entropy,14.922279357910156
433,layer4,grad_cam_plus_plus,No finding,top_1pct,0.03490416333079338
433,layer4,xgrad_cam,No finding,entropy,14.701827049255371
433,layer4,xgrad_cam,No finding,top_1pct,0.03784732520580292
434,layer3,grad_cam,No finding,entropy,14.797584533691406
434,layer3,grad_cam,No finding,top_1pct,0.044936180114746094
434,layer3,grad_cam_plus_plus,No finding,entropy,15.586973190307617
434,layer3,grad_cam_plus_plus,No finding,top_1pct,0.018236739560961723
434,layer3,xgrad_cam,No finding,entropy,14.96072769165039
434,layer3,xgrad_cam,No finding,top_1pct,0.03773391991853714
434,layer4,grad_cam,No finding,entropy,15.02009391784668
434,layer4,grad_cam,No finding,top_1pct,0.03084195964038372
434,layer4,grad_cam_plus_plus,No finding,entropy,15.216463088989258
434,layer4,grad_cam_plus_plus,No finding,top_1pct,0.027169549837708473
434,layer4,xgrad_cam,No finding,entropy,15.02009391784668
434,layer4,xgrad_cam,No finding,top_1pct,0.03084195964038372
435,layer3,grad_cam,No finding,entropy,15.04486083984375
435,layer3,grad_cam,No finding,top_1pct,0.040987152606248856
435,layer3,grad_cam_plus_plus,No finding,entropy,15.5802583694458
435,layer3,grad_cam_plus_plus,No finding,top_1pct,0.02021750621497631
435,layer3,xgrad_cam,No finding,entropy,14.895895004272461
435,layer3,xgrad_cam,No finding,top_1pct,0.04581062123179436
435,layer4,grad_cam,No finding,entropy,14.523244857788086
435,layer4,grad_cam,No finding,top_1pct,0.044297534972429276
435,layer4,grad_cam_plus_plus,No finding,entropy,14.930752754211426
435,layer4,grad_cam_plus_plus,No finding,top_1pct,0.03689516335725784
435,layer4,xgrad_cam,No finding,entropy,14.523244857788086
435,layer4,xgrad_cam,No finding,top_1pct,0.044297534972429276
436,layer3,grad_cam,No finding,entropy,14.755943298339844
436,layer3,grad_cam,No finding,top_1pct,0.06333339214324951
436,layer3,grad_cam_plus_plus,No finding,entropy,15.583593368530273
436,layer3,grad_cam_plus_plus,No finding,top_1pct,0.02033529244363308
436,layer3,xgrad_cam,No finding,entropy,15.203781127929688
436,layer3,xgrad_cam,No finding,top_1pct,0.05542721599340439
436,layer4,grad_cam,No finding,entropy,14.823051452636719
436,layer4,grad_cam,No finding,top_1pct,0.03990333899855614
436,layer4,grad_cam_plus_plus,No finding,entropy,15.027565956115723
436,layer4,grad_cam_plus_plus,No finding,top_1pct,0.035923514515161514
436,layer4,xgrad_cam,No finding,entropy,14.823051452636719
436,layer4,xgrad_cam,No finding,top_1pct,0.039903342723846436
437,layer3,grad_cam,No finding,entropy,15.010526657104492
437,layer3,grad_cam,No finding,top_1pct,0.03657383844256401
437,layer3,grad_cam_plus_plus,No finding,entropy,15.584528923034668
437,layer3,grad_cam_plus_plus,No finding,top_1pct,0.017838403582572937
437,layer3,xgrad_cam,No finding,entropy,14.709341049194336
437,layer3,xgrad_cam,No finding,top_1pct,0.04862265661358833
437,layer4,grad_cam,No finding,entropy,14.31276798248291
437,layer4,grad_cam,No finding,top_1pct,0.049168944358825684
437,layer4,grad_cam_plus_plus,No finding,entropy,14.928691864013672
437,layer4,grad_cam_plus_plus,No finding,top_1pct,0.03888208419084549
437,layer4,xgrad_cam,No finding,entropy,14.312767028808594
437,layer4,xgrad_cam,No finding,top_1pct,0.049168940633535385
438,layer3,grad_cam,No finding,entropy,14.979856491088867
438,layer3,grad_cam,No finding,top_1pct,0.04669833555817604
438,layer3,grad_cam_plus_plus,No finding,entropy,15.571211814880371
438,layer3,grad_cam_plus_plus,No finding,top_1pct,0.020503567531704903
438,layer3,xgrad_cam,No finding,entropy,15.23414134979248
438,layer3,xgrad_cam,No finding,top_1pct,0.0372399166226387
438,layer4,grad_cam,No finding,entropy,14.880846977233887
438,layer4,grad_cam,No finding,top_1pct,0.03282119706273079
438,layer4,grad_cam_plus_plus,No finding,entropy,15.05744457244873
438,layer4,grad_cam_plus_plus,No finding,top_1pct,0.031082116067409515
438,layer4,xgrad_cam,No finding,entropy,14.880845069885254
438,layer4,xgrad_cam,No finding,top_1pct,0.03282119333744049
439,layer3,grad_cam,No finding,entropy,14.793621063232422
439,layer3,grad_cam,No finding,top_1pct,0.04454171285033226
439,layer3,grad_cam_plus_plus,No finding,entropy,15.580926895141602
439,layer3,grad_cam_plus_plus,No finding,top_1pct,0.02070126123726368
439,layer3,xgrad_cam,No finding,entropy,15.183475494384766
439,layer3,xgrad_cam,No finding,top_1pct,0.03566642850637436
439,layer4,grad_cam,No finding,entropy,14.822988510131836
439,layer4,grad_cam,No finding,top_1pct,0.033523328602313995
439,layer4,grad_cam_plus_plus,No finding,entropy,14.992218971252441
439,layer4,grad_cam_plus_plus,No finding,top_1pct,0.03270644694566727
439,layer4,xgrad_cam,No finding,entropy,14.82298755645752
439,layer4,xgrad_cam,No finding,top_1pct,0.0335233248770237
440,layer3,grad_cam,Aortic enlargement,pointing_game,0.0
440,layer3,grad_cam,Aortic enlargement,energy_box,0.09082773327827454
440,layer3,grad_cam,Aortic enlargement,iou,0.045578230172395706
440,layer3,grad_cam,Aortic enlargement,distance,1.7694461915015762
440,layer3,grad_cam_plus_plus,Aortic enlargement,pointing_game,0.0
440,layer3,grad_cam_plus_plus,Aortic enlargement,energy_box,0.026329997926950455
440,layer3,grad_cam_plus_plus,Aortic enlargement,iou,0.05670975521206856
440,layer3,grad_cam_plus_plus,Aortic enlargement,distance,1.876196586319788
440,layer3,xgrad_cam,Aortic enlargement,pointing_game,0.0
440,layer3,xgrad_cam,Aortic enlargement,energy_box,0.09232310205698013
440,layer3,xgrad_cam,Aortic enlargement,iou,0.005606166552752256
440,layer3,xgrad_cam,Aortic enlargement,distance,1.7694461915015762
440,layer4,grad_cam,Aortic enlargement,pointing_game,0.0
440,layer4,grad_cam,Aortic enlargement,energy_box,0.05033233016729355
440,layer4,grad_cam,Aortic enlargement,iou,0.09207600355148315
440,layer4,grad_cam,Aortic enlargement,distance,0.4053729990302136
440,layer4,grad_cam_plus_plus,Aortic enlargement,pointing_game,0.0
440,layer4,grad_cam_plus_plus,Aortic enlargement,energy_box,0.04117082804441452
440,layer4,grad_cam_plus_plus,Aortic enlargement,iou,0.08869506418704987
440,layer4,grad_cam_plus_plus,Aortic enlargement,distance,1.3278874479405358
440,layer4,xgrad_cam,Aortic enlargement,pointing_game,0.0
440,layer4,xgrad_cam,Aortic enlargement,energy_box,0.05033233016729355
440,layer4,xgrad_cam,Aortic enlargement,iou,0.09207600355148315
440,layer4,xgrad_cam,Aortic enlargement,distance,0.4053729990302136
441,layer3,grad_cam,No finding,entropy,15.00019645690918
441,layer3,grad_cam,No finding,top_1pct,0.04577822610735893
441,layer3,grad_cam_plus_plus,No finding,entropy,15.580156326293945
441,layer3,grad_cam_plus_plus,No finding,top_1pct,0.02030196599662304
441,layer3,xgrad_cam,No finding,entropy,15.302167892456055
441,layer3,xgrad_cam,No finding,top_1pct,0.033986788243055344
441,layer4,grad_cam,No finding,entropy,14.813041687011719
441,layer4,grad_cam,No finding,top_1pct,0.033938124775886536
441,layer4,grad_cam_plus_plus,No finding,entropy,14.987462997436523
441,layer4,grad_cam_plus_plus,No finding,top_1pct,0.032313909381628036
441,layer4,xgrad_cam,No finding,entropy,14.813041687011719
441,layer4,xgrad_cam,No finding,top_1pct,0.033938124775886536
442,layer3,grad_cam,No finding,entropy,14.986291885375977
442,layer3,grad_cam,No finding,top_1pct,0.04042602702975273
442,layer3,grad_cam_plus_plus,No finding,entropy,15.570741653442383
442,layer3,grad_cam_plus_plus,No finding,top_1pct,0.01831158623099327
442,layer3,xgrad_cam,No finding,entropy,14.745022773742676
442,layer3,xgrad_cam,No finding,top_1pct,0.055655673146247864
442,layer4,grad_cam,No finding,entropy,14.285102844238281
442,layer4,grad_cam,No finding,top_1pct,0.05670219287276268
442,layer4,grad_cam_plus_plus,No finding,entropy,14.726743698120117
442,layer4,grad_cam_plus_plus,No finding,top_1pct,0.048464756458997726
442,layer4,xgrad_cam,No finding,entropy,14.285104751586914
442,layer4,xgrad_cam,No finding,top_1pct,0.05670219287276268
443,layer3,grad_cam,Aortic enlargement,pointing_game,0.0
443,layer3,grad_cam,Aortic enlargement,energy_box,0.024574551731348038
443,layer3,grad_cam,Aortic enlargement,iou,0.0
443,layer3,grad_cam,Aortic enlargement,distance,2.447045402418762
443,layer3,grad_cam_plus_plus,Aortic enlargement,pointing_game,0.0
443,layer3,grad_cam_plus_plus,Aortic enlargement,energy_box,0.011629147455096245
443,layer3,grad_cam_plus_plus,Aortic enlargement,iou,0.015088879503309727
443,layer3,grad_cam_plus_plus,Aortic enlargement,distance,3.1226433560061357
443,layer3,xgrad_cam,Aortic enlargement,pointing_game,0.0
443,layer3,xgrad_cam,Aortic enlargement,energy_box,0.024285679683089256
443,layer3,xgrad_cam,Aortic enlargement,iou,0.0
443,layer3,xgrad_cam,Aortic enlargement,distance,2.447045402418762
443,layer4,grad_cam,Aortic enlargement,pointing_game,0.0
443,layer4,grad_cam,Aortic enlargement,energy_box,0.020783541724085808
443,layer4,grad_cam,Aortic enlargement,iou,0.027647221460938454
443,layer4,grad_cam,Aortic enlargement,distance,0.7584434231024302
443,layer4,grad_cam_plus_plus,Aortic enlargement,pointing_game,0.0
443,layer4,grad_cam_plus_plus,Aortic enlargement,energy_box,0.018328016623854637
443,layer4,grad_cam_plus_plus,Aortic enlargement,iou,0.019507328048348427
443,layer4,grad_cam_plus_plus,Aortic enlargement,distance,0.7453084010554584
443,layer4,xgrad_cam,Aortic enlargement,pointing_game,0.0
443,layer4,xgrad_cam,Aortic enlargement,energy_box,0.020783545449376106
443,layer4,xgrad_cam,Aortic enlargement,iou,0.027647221460938454
443,layer4,xgrad_cam,Aortic enlargement,distance,0.7584434231024302
443,layer3,grad_cam,Calcification,pointing_game,0.0
443,layer3,grad_cam,Calcification,energy_box,0.01829729788005352
443,layer3,grad_cam,Calcification,iou,0.0
443,layer3,grad_cam,Calcification,distance,2.648236766168516
443,layer3,grad_cam_plus_plus,Calcification,pointing_game,0.0
443,layer3,grad_cam_plus_plus,Calcification,energy_box,0.010384220629930496
443,layer3,grad_cam_plus_plus,Calcification,iou,0.013991829007863998
443,layer3,grad_cam_plus_plus,Calcification,distance,4.917418319929967
443,layer3,xgrad_cam,Calcification,pointing_game,0.0
443,layer3,xgrad_cam,Calcification,energy_box,0.015313839539885521
443,layer3,xgrad_cam,Calcification,iou,0.0
443,layer3,xgrad_cam,Calcification,distance,2.648236766168516
443,layer4,grad_cam,Calcification,pointing_game,0.0
443,layer4,grad_cam,Calcification,energy_box,0.0
443,layer4,grad_cam,Calcification,iou,0.0
443,layer4,grad_cam,Calcification,distance,5.125138928002437
443,layer4,grad_cam_plus_plus,Calcification,pointing_game,0.0
443,layer4,grad_cam_plus_plus,Calcification,energy_box,0.016132429242134094
443,layer4,grad_cam_plus_plus,Calcification,iou,0.018881462514400482
443,layer4,grad_cam_plus_plus,Calcification,distance,1.0076992105714715
443,layer4,xgrad_cam,Calcification,pointing_game,0.0
443,layer4,xgrad_cam,Calcification,energy_box,0.0
443,layer4,xgrad_cam,Calcification,iou,0.0
443,layer4,xgrad_cam,Calcification,distance,5.125138928002437
443,layer3,grad_cam,Cardiomegaly,pointing_game,0.0
443,layer3,grad_cam,Cardiomegaly,energy_box,0.1312224119901657
443,layer3,grad_cam,Cardiomegaly,iou,0.0020474321208894253
443,layer3,grad_cam,Cardiomegaly,distance,1.4666845104540498
443,layer3,grad_cam_plus_plus,Cardiomegaly,pointing_game,0.0
443,layer3,grad_cam_plus_plus,Cardiomegaly,energy_box,0.08041144162416458
443,layer3,grad_cam_plus_plus,Cardiomegaly,iou,0.06686854362487793
443,layer3,grad_cam_plus_plus,Cardiomegaly,distance,0.9091417090467786
443,layer3,xgrad_cam,Cardiomegaly,pointing_game,0.0
443,layer3,xgrad_cam,Cardiomegaly,energy_box,0.10740357637405396
443,layer3,xgrad_cam,Cardiomegaly,iou,0.021034181118011475
443,layer3,xgrad_cam,Cardiomegaly,distance,1.4666845104540498
443,layer4,grad_cam,Cardiomegaly,pointing_game,0.0
443,layer4,grad_cam,Cardiomegaly,energy_box,0.1193147599697113
443,layer4,grad_cam,Cardiomegaly,iou,0.18777430057525635
443,layer4,grad_cam,Cardiomegaly,distance,0.2334411469635294
443,layer4,grad_cam_plus_plus,Cardiomegaly,pointing_game,0.0
443,layer4,grad_cam_plus_plus,Cardiomegaly,energy_box,0.09723132848739624
443,layer4,grad_cam_plus_plus,Cardiomegaly,iou,0.11833156645298004
443,layer4,grad_cam_plus_plus,Cardiomegaly,distance,0.6016040409197949
443,layer4,xgrad_cam,Cardiomegaly,pointing_game,0.0
443,layer4,xgrad_cam,Cardiomegaly,energy_box,0.1193147674202919
443,layer4,xgrad_cam,Cardiomegaly,iou,0.18777430057525635
443,layer4,xgrad_cam,Cardiomegaly,distance,0.2334411469635294
443,layer3,grad_cam,Other lesion,pointing_game,0.0
443,layer3,grad_cam,Other lesion,energy_box,0.07446973770856857
443,layer3,grad_cam,Other lesion,iou,0.0661085769534111
443,layer3,grad_cam,Other lesion,distance,1.172813110109124
443,layer3,grad_cam_plus_plus,Other lesion,pointing_game,0.0
443,layer3,grad_cam_plus_plus,Other lesion,energy_box,0.06116411089897156
443,layer3,grad_cam_plus_plus,Other lesion,iou,0.03129109740257263
443,layer3,grad_cam_plus_plus,Other lesion,distance,1.1767441748207177
443,layer3,xgrad_cam,Other lesion,pointing_game,0.0
443,layer3,xgrad_cam,Other lesion,energy_box,0.06224934756755829
443,layer3,xgrad_cam,Other lesion,iou,0.03199010342359543
443,layer3,xgrad_cam,Other lesion,distance,0.9034792968751966
443,layer4,grad_cam,Other lesion,pointing_game,0.0
443,layer4,grad_cam,Other lesion,energy_box,0.008707280270755291
443,layer4,grad_cam,Other lesion,iou,0.0
443,layer4,grad_cam,Other lesion,distance,1.9310512313990813
443,layer4,grad_cam_plus_plus,Other lesion,pointing_game,0.0
443,layer4,grad_cam_plus_plus,Other lesion,energy_box,0.08990179002285004
443,layer4,grad_cam_plus_plus,Other lesion,iou,0.10093844681978226
443,layer4,grad_cam_plus_plus,Other lesion,distance,0.7413681058566228
443,layer4,xgrad_cam,Other lesion,pointing_game,0.0
443,layer4,xgrad_cam,Other lesion,energy_box,0.008707281202077866
443,layer4,xgrad_cam,Other lesion,iou,0.0
443,layer4,xgrad_cam,Other lesion,distance,1.9310512313990813
444,layer3,grad_cam,No finding,entropy,14.917677879333496
444,layer3,grad_cam,No finding,top_1pct,0.05366284400224686
444,layer3,grad_cam_plus_plus,No finding,entropy,15.573235511779785
444,layer3,grad_cam_plus_plus,No finding,top_1pct,0.016347762197256088
444,layer3,xgrad_cam,No finding,entropy,15.016294479370117
444,layer3,xgrad_cam,No finding,top_1pct,0.05243891850113869
444,layer4,grad_cam,No finding,entropy,14.349832534790039
444,layer4,grad_cam,No finding,top_1pct,0.05440405383706093
444,layer4,grad_cam_plus_plus,No finding,entropy,14.855613708496094
444,layer4,grad_cam_plus_plus,No finding,top_1pct,0.04527973011136055
444,layer4,xgrad_cam,No finding,entropy,14.349832534790039
444,layer4,xgrad_cam,No finding,top_1pct,0.05440405383706093
445,layer3,grad_cam,No finding,entropy,15.175887107849121
445,layer3,grad_cam,No finding,top_1pct,0.03480212017893791
445,layer3,grad_cam_plus_plus,No finding,entropy,15.586544036865234
445,layer3,grad_cam_plus_plus,No finding,top_1pct,0.016957560554146767
445,layer3,xgrad_cam,No finding,entropy,14.790953636169434
445,layer3,xgrad_cam,No finding,top_1pct,0.055418986827135086
445,layer4,grad_cam,No finding,entropy,14.485413551330566
445,layer4,grad_cam,No finding,top_1pct,0.05198657512664795
445,layer4,grad_cam_plus_plus,No finding,entropy,15.154619216918945
445,layer4,grad_cam_plus_plus,No finding,top_1pct,0.033148352056741714
445,layer4,xgrad_cam,No finding,entropy,14.485414505004883
445,layer4,xgrad_cam,No finding,top_1pct,0.051986586302518845
446,layer3,grad_cam,No finding,entropy,15.057811737060547
446,layer3,grad_cam,No finding,top_1pct,0.037067100405693054
446,layer3,grad_cam_plus_plus,No finding,entropy,15.389785766601562
446,layer3,grad_cam_plus_plus,No finding,top_1pct,0.0508839376270771
446,layer3,xgrad_cam,No finding,entropy,14.870309829711914
446,layer3,xgrad_cam,No finding,top_1pct,0.08990620076656342
446,layer4,grad_cam,No finding,entropy,14.515275955200195
446,layer4,grad_cam,No finding,top_1pct,0.04287057742476463
446,layer4,grad_cam_plus_plus,No finding,entropy,14.810807228088379
446,layer4,grad_cam_plus_plus,No finding,top_1pct,0.037818312644958496
446,layer4,xgrad_cam,No finding,entropy,14.515275955200195
446,layer4,xgrad_cam,No finding,top_1pct,0.04287057742476463
447,layer3,grad_cam,No finding,entropy,14.901555061340332
447,layer3,grad_cam,No finding,top_1pct,0.03926508501172066
447,layer3,grad_cam_plus_plus,No finding,entropy,15.390048027038574
447,layer3,grad_cam_plus_plus,No finding,top_1pct,0.05090693384408951
447,layer3,xgrad_cam,No finding,entropy,14.82390308380127
447,layer3,xgrad_cam,No finding,top_1pct,0.0893239676952362
447,layer4,grad_cam,No finding,entropy,14.366652488708496
447,layer4,grad_cam,No finding,top_1pct,0.04787428304553032
447,layer4,grad_cam_plus_plus,No finding,entropy,14.781131744384766
447,layer4,grad_cam_plus_plus,No finding,top_1pct,0.04049047455191612
447,layer4,xgrad_cam,No finding,entropy,14.36665153503418
447,layer4,xgrad_cam,No finding,top_1pct,0.04787427932024002
448,layer3,grad_cam,Atelectasis,pointing_game,0.0
448,layer3,grad_cam,Atelectasis,energy_box,0.006670936942100525
448,layer3,grad_cam,Atelectasis,iou,0.0
448,layer3,grad_cam,Atelectasis,distance,1.218913579175306
448,layer3,grad_cam_plus_plus,Atelectasis,pointing_game,0.0
448,layer3,grad_cam_plus_plus,Atelectasis,energy_box,0.0350978821516037
448,layer3,grad_cam_plus_plus,Atelectasis,iou,0.05248904973268509
448,layer3,grad_cam_plus_plus,Atelectasis,distance,2.31441362750917
448,layer3,xgrad_cam,Atelectasis,pointing_game,0.0
448,layer3,xgrad_cam,Atelectasis,energy_box,0.010926826857030392
448,layer3,xgrad_cam,Atelectasis,iou,0.0006430867942981422
448,layer3,xgrad_cam,Atelectasis,distance,0.8142270887666605
448,layer4,grad_cam,Atelectasis,pointing_game,0.0
448,layer4,grad_cam,Atelectasis,energy_box,0.0
448,layer4,grad_cam,Atelectasis,iou,0.0
448,layer4,grad_cam,Atelectasis,distance,1.8640645072413804
448,layer4,grad_cam_plus_plus,Atelectasis,pointing_game,0.0
448,layer4,grad_cam_plus_plus,Atelectasis,energy_box,0.007931393571197987
448,layer4,grad_cam_plus_plus,Atelectasis,iou,0.0
448,layer4,grad_cam_plus_plus,Atelectasis,distance,1.983060109228583
448,layer4,xgrad_cam,Atelectasis,pointing_game,0.0
448,layer4,xgrad_cam,Atelectasis,energy_box,0.0
448,layer4,xgrad_cam,Atelectasis,iou,0.0
448,layer4,xgrad_cam,Atelectasis,distance,1.8640645072413804
448,layer3,grad_cam,ILD,pointing_game,1.0
448,layer3,grad_cam,ILD,energy_box,0.18004946410655975
448,layer3,grad_cam,ILD,iou,0.05582163482904434
448,layer3,grad_cam,ILD,distance,0.39515156861302103
448,layer3,grad_cam_plus_plus,ILD,pointing_game,0.0
448,layer3,grad_cam_plus_plus,ILD,energy_box,0.19208024442195892
448,layer3,grad_cam_plus_plus,ILD,iou,0.1371617615222931
448,layer3,grad_cam_plus_plus,ILD,distance,0.8875598602516277
448,layer3,xgrad_cam,ILD,pointing_game,1.0
448,layer3,xgrad_cam,ILD,energy_box,0.23945504426956177
448,layer3,xgrad_cam,ILD,iou,0.04370826482772827
448,layer3,xgrad_cam,ILD,distance,0.3886954334902128
448,layer4,grad_cam,ILD,pointing_game,0.0
448,layer4,grad_cam,ILD,energy_box,0.252071350812912
448,layer4,grad_cam,ILD,iou,0.12133891135454178
448,layer4,grad_cam,ILD,distance,0.4586351261015178
448,layer4,grad_cam_plus_plus,ILD,pointing_game,1.0
448,layer4,grad_cam_plus_plus,ILD,energy_box,0.340537965297699
448,layer4,grad_cam_plus_plus,ILD,iou,0.24793274700641632
448,layer4,grad_cam_plus_plus,ILD,distance,0.28670998785885193
448,layer4,xgrad_cam,ILD,pointing_game,0.0
448,layer4,xgrad_cam,ILD,energy_box,0.252071350812912
448,layer4,xgrad_cam,ILD,iou,0.12133891135454178
448,layer4,xgrad_cam,ILD,distance,0.4586351261015178
448,layer3,grad_cam,Pulmonary fibrosis,pointing_game,0.0
448,layer3,grad_cam,Pulmonary fibrosis,energy_box,0.007243047934025526
448,layer3,grad_cam,Pulmonary fibrosis,iou,0.0
448,layer3,grad_cam,Pulmonary fibrosis,distance,3.512737748430479
448,layer3,grad_cam_plus_plus,Pulmonary fibrosis,pointing_game,0.0
448,layer3,grad_cam_plus_plus,Pulmonary fibrosis,energy_box,0.007638644427061081
448,layer3,grad_cam_plus_plus,Pulmonary fibrosis,iou,0.0027612815611064434
448,layer3,grad_cam_plus_plus,Pulmonary fibrosis,distance,6.55626248218126
448,layer3,xgrad_cam,Pulmonary fibrosis,pointing_game,0.0
448,layer3,xgrad_cam,Pulmonary fibrosis,energy_box,0.0022898148745298386
448,layer3,xgrad_cam,Pulmonary fibrosis,iou,0.0
448,layer3,xgrad_cam,Pulmonary fibrosis,distance,3.512737748430479
448,layer4,grad_cam,Pulmonary fibrosis,pointing_game,0.0
448,layer4,grad_cam,Pulmonary fibrosis,energy_box,0.0
448,layer4,grad_cam,Pulmonary fibrosis,iou,0.0
448,layer4,grad_cam,Pulmonary fibrosis,distance,4.7365403344999315
448,layer4,grad_cam_plus_plus,Pulmonary fibrosis,pointing_game,0.0
448,layer4,grad_cam_plus_plus,Pulmonary fibrosis,energy_box,0.017540866509079933
448,layer4,grad_cam_plus_plus,Pulmonary fibrosis,iou,0.0469818189740181
448,layer4,grad_cam_plus_plus,Pulmonary fibrosis,distance,1.4053180870471056
448,layer4,xgrad_cam,Pulmonary fibrosis,pointing_game,0.0
448,layer4,xgrad_cam,Pulmonary fibrosis,energy_box,0.0
448,layer4,xgrad_cam,Pulmonary fibrosis,iou,0.0
448,layer4,xgrad_cam,Pulmonary fibrosis,distance,4.7365403344999315
449,layer3,grad_cam,Nodule/Mass,pointing_game,0.0
449,layer3,grad_cam,Nodule/Mass,energy_box,0.0
449,layer3,grad_cam,Nodule/Mass,iou,0.0
449,layer3,grad_cam,Nodule/Mass,distance,5.404348902178922
449,layer3,grad_cam_plus_plus,Nodule/Mass,pointing_game,0.0
449,layer3,grad_cam_plus_plus,Nodule/Mass,energy_box,0.002146538347005844
449,layer3,grad_cam_plus_plus,Nodule/Mass,iou,0.004225409124046564
449,layer3,grad_cam_plus_plus,Nodule/Mass,distance,6.506585033856717
449,layer3,xgrad_cam,Nodule/Mass,pointing_game,0.0
449,layer3,xgrad_cam,Nodule/Mass,energy_box,0.0
449,layer3,xgrad_cam,Nodule/Mass,iou,0.0
449,layer3,xgrad_cam,Nodule/Mass,distance,5.336758421004135
449,layer4,grad_cam,Nodule/Mass,pointing_game,0.0
449,layer4,grad_cam,Nodule/Mass,energy_box,0.00901878159493208
449,layer4,grad_cam,Nodule/Mass,iou,0.0
449,layer4,grad_cam,Nodule/Mass,distance,1.9257852850152717
449,layer4,grad_cam_plus_plus,Nodule/Mass,pointing_game,0.0
449,layer4,grad_cam_plus_plus,Nodule/Mass,energy_box,0.0024403512943536043
449,layer4,grad_cam_plus_plus,Nodule/Mass,iou,0.0018306925194337964
449,layer4,grad_cam_plus_plus,Nodule/Mass,distance,5.235997200524363
449,layer4,xgrad_cam,Nodule/Mass,pointing_game,0.0
449,layer4,xgrad_cam,Nodule/Mass,energy_box,0.009018778800964355
449,layer4,xgrad_cam,Nodule/Mass,iou,0.0
449,layer4,xgrad_cam,Nodule/Mass,distance,1.9257852850152717
450,layer3,grad_cam,No finding,entropy,15.184431076049805
450,layer3,grad_cam,No finding,top_1pct,0.03855852410197258
450,layer3,grad_cam_plus_plus,No finding,entropy,15.58719253540039
450,layer3,grad_cam_plus_plus,No finding,top_1pct,0.017309455201029778
450,layer3,xgrad_cam,No finding,entropy,14.790140151977539
450,layer3,xgrad_cam,No finding,top_1pct,0.057135455310344696
450,layer4,grad_cam,No finding,entropy,13.813901901245117
450,layer4,grad_cam,No finding,top_1pct,0.10208134353160858
450,layer4,grad_cam_plus_plus,No finding,entropy,15.114107131958008
450,layer4,grad_cam_plus_plus,No finding,top_1pct,0.04481060802936554
450,layer4,xgrad_cam,No finding,entropy,13.81390380859375
450,layer4,xgrad_cam,No finding,top_1pct,0.10208135843276978
451,layer3,grad_cam,Consolidation,pointing_game,0.0
451,layer3,grad_cam,Consolidation,energy_box,0.009608995169401169
451,layer3,grad_cam,Consolidation,iou,0.0
451,layer3,grad_cam,Consolidation,distance,1.0960416106582758
451,layer3,grad_cam_plus_plus,Consolidation,pointing_game,0.0
451,layer3,grad_cam_plus_plus,Consolidation,energy_box,0.054891325533390045
451,layer3,grad_cam_plus_plus,Consolidation,iou,0.05741344764828682
451,layer3,grad_cam_plus_plus,Consolidation,distance,1.499796552538815
451,layer3,xgrad_cam,Consolidation,pointing_game,0.0
451,layer3,xgrad_cam,Consolidation,energy_box,0.007131077814847231
451,layer3,xgrad_cam,Consolidation,iou,0.0
451,layer3,xgrad_cam,Consolidation,distance,1.0960416106582758
451,layer4,grad_cam,Consolidation,pointing_game,0.0
451,layer4,grad_cam,Consolidation,energy_box,0.0
451,layer4,grad_cam,Consolidation,iou,0.0
451,layer4,grad_cam,Consolidation,distance,1.712205835101346
451,layer4,grad_cam_plus_plus,Consolidation,pointing_game,1.0
451,layer4,grad_cam_plus_plus,Consolidation,energy_box,0.09818258881568909
451,layer4,grad_cam_plus_plus,Consolidation,iou,0.1859770268201828
451,layer4,grad_cam_plus_plus,Consolidation,distance,0.23953158677240294
451,layer4,xgrad_cam,Consolidation,pointing_game,0.0
451,layer4,xgrad_cam,Consolidation,energy_box,0.0
451,layer4,xgrad_cam,Consolidation,iou,0.0
451,layer4,xgrad_cam,Consolidation,distance,1.712205835101346
451,layer3,grad_cam,Infiltration,pointing_game,0.0
451,layer3,grad_cam,Infiltration,energy_box,0.00494717201218009
451,layer3,grad_cam,Infiltration,iou,0.0
451,layer3,grad_cam,Infiltration,distance,1.8411072487176217
451,layer3,grad_cam_plus_plus,Infiltration,pointing_game,0.0
451,layer3,grad_cam_plus_plus,Infiltration,energy_box,0.03074982762336731
451,layer3,grad_cam_plus_plus,Infiltration,iou,0.045304298400878906
451,layer3,grad_cam_plus_plus,Infiltration,distance,2.1427708067884272
451,layer3,xgrad_cam,Infiltration,pointing_game,0.0
451,layer3,xgrad_cam,Infiltration,energy_box,0.0
451,layer3,xgrad_cam,Infiltration,iou,0.0
451,layer3,xgrad_cam,Infiltration,distance,1.83887739557096
451,layer4,grad_cam,Infiltration,pointing_game,0.0
451,layer4,grad_cam,Infiltration,energy_box,0.0
451,layer4,grad_cam,Infiltration,iou,0.0
451,layer4,grad_cam,Infiltration,distance,2.3829103014881166
451,layer4,grad_cam_plus_plus,Infiltration,pointing_game,0.0
451,layer4,grad_cam_plus_plus,Infiltration,energy_box,0.036949459463357925
451,layer4,grad_cam_plus_plus,Infiltration,iou,0.05044012889266014
451,layer4,grad_cam_plus_plus,Infiltration,distance,1.6276847941812973
451,layer4,xgrad_cam,Infiltration,pointing_game,0.0
451,layer4,xgrad_cam,Infiltration,energy_box,0.0
451,layer4,xgrad_cam,Infiltration,iou,0.0
451,layer4,xgrad_cam,Infiltration,distance,2.3829103014881166
451,layer3,grad_cam,Lung Opacity,pointing_game,0.0
451,layer3,grad_cam,Lung Opacity,energy_box,0.013174922205507755
451,layer3,grad_cam,Lung Opacity,iou,0.0
451,layer3,grad_cam,Lung Opacity,distance,1.5446955619276257
451,layer3,grad_cam_plus_plus,Lung Opacity,pointing_game,0.0
451,layer3,grad_cam_plus_plus,Lung Opacity,energy_box,0.030251476913690567
451,layer3,grad_cam_plus_plus,Lung Opacity,iou,0.04439319670200348
451,layer3,grad_cam_plus_plus,Lung Opacity,distance,2.1427708067884272
451,layer3,xgrad_cam,Lung Opacity,pointing_game,0.0
451,layer3,xgrad_cam,Lung Opacity,energy_box,0.008641466498374939
451,layer3,xgrad_cam,Lung Opacity,iou,0.0
451,layer3,xgrad_cam,Lung Opacity,distance,1.5446955619276257
451,layer4,grad_cam,Lung Opacity,pointing_game,0.0
451,layer4,grad_cam,Lung Opacity,energy_box,0.006059609353542328
451,layer4,grad_cam,Lung Opacity,iou,0.0
451,layer4,grad_cam,Lung Opacity,distance,3.335962683871472
451,layer4,grad_cam_plus_plus,Lung Opacity,pointing_game,0.0
451,layer4,grad_cam_plus_plus,Lung Opacity,energy_box,0.04005466029047966
451,layer4,grad_cam_plus_plus,Lung Opacity,iou,0.03977413475513458
451,layer4,grad_cam_plus_plus,Lung Opacity,distance,1.939477130300278
451,layer4,xgrad_cam,Lung Opacity,pointing_game,0.0
451,layer4,xgrad_cam,Lung Opacity,energy_box,0.006059612613171339
451,layer4,xgrad_cam,Lung Opacity,iou,0.0
451,layer4,xgrad_cam,Lung Opacity,distance,3.335962683871472
452,layer3,grad_cam,No finding,entropy,14.913566589355469
452,layer3,grad_cam,No finding,top_1pct,0.03853235021233559
452,layer3,grad_cam_plus_plus,No finding,entropy,15.58639907836914
452,layer3,grad_cam_plus_plus,No finding,top_1pct,0.017539765685796738
452,layer3,xgrad_cam,No finding,entropy,14.844161987304688
452,layer3,xgrad_cam,No finding,top_1pct,0.04149921238422394
452,layer4,grad_cam,No finding,entropy,14.981648445129395
452,layer4,grad_cam,No finding,top_1pct,0.03422435745596886
452,layer4,grad_cam_plus_plus,No finding,entropy,15.21912956237793
452,layer4,grad_cam_plus_plus,No finding,top_1pct,0.029079416766762733
452,layer4,xgrad_cam,No finding,entropy,14.981650352478027
452,layer4,xgrad_cam,No finding,top_1pct,0.034224361181259155
453,layer3,grad_cam,Aortic enlargement,pointing_game,0.0
453,layer3,grad_cam,Aortic enlargement,energy_box,2.037888258143994e-08
453,layer3,grad_cam,Aortic enlargement,iou,0.0
453,layer3,grad_cam,Aortic enlargement,distance,3.849845026794291
453,layer3,grad_cam_plus_plus,Aortic enlargement,pointing_game,0.0
453,layer3,grad_cam_plus_plus,Aortic enlargement,energy_box,0.016689563170075417
453,layer3,grad_cam_plus_plus,Aortic enlargement,iou,0.012622181326150894
453,layer3,grad_cam_plus_plus,Aortic enlargement,distance,0.8076622206014261
453,layer3,xgrad_cam,Aortic enlargement,pointing_game,0.0
453,layer3,xgrad_cam,Aortic enlargement,energy_box,0.0
453,layer3,xgrad_cam,Aortic enlargement,iou,0.0
453,layer3,xgrad_cam,Aortic enlargement,distance,3.849845026794291
453,layer4,grad_cam,Aortic enlargement,pointing_game,0.0
453,layer4,grad_cam,Aortic enlargement,energy_box,0.0007953501772135496
453,layer4,grad_cam,Aortic enlargement,iou,0.0
453,layer4,grad_cam,Aortic enlargement,distance,1.5562884613931136
453,layer4,grad_cam_plus_plus,Aortic enlargement,pointing_game,0.0
453,layer4,grad_cam_plus_plus,Aortic enlargement,energy_box,0.027566799893975258
453,layer4,grad_cam_plus_plus,Aortic enlargement,iou,0.0648617371916771
453,layer4,grad_cam_plus_plus,Aortic enlargement,distance,1.033048101694996
453,layer4,xgrad_cam,Aortic enlargement,pointing_game,0.0
453,layer4,xgrad_cam,Aortic enlargement,energy_box,0.0007953495369292796
453,layer4,xgrad_cam,Aortic enlargement,iou,0.0
453,layer4,xgrad_cam,Aortic enlargement,distance,1.5562884613931136
453,layer3,grad_cam,Cardiomegaly,pointing_game,0.0
453,layer3,grad_cam,Cardiomegaly,energy_box,0.10815625637769699
453,layer3,grad_cam,Cardiomegaly,iou,0.13821417093276978
453,layer3,grad_cam,Cardiomegaly,distance,1.5841903826046917
453,layer3,grad_cam_plus_plus,Cardiomegaly,pointing_game,0.0
453,layer3,grad_cam_plus_plus,Cardiomegaly,energy_box,0.0578572154045105
453,layer3,grad_cam_plus_plus,Cardiomegaly,iou,0.055423304438591
453,layer3,grad_cam_plus_plus,Cardiomegaly,distance,1.3232724425790865
453,layer3,xgrad_cam,Cardiomegaly,pointing_game,0.0
453,layer3,xgrad_cam,Cardiomegaly,energy_box,0.11244188994169235
453,layer3,xgrad_cam,Cardiomegaly,iou,0.18335752189159393
453,layer3,xgrad_cam,Cardiomegaly,distance,1.2025472741947805
453,layer4,grad_cam,Cardiomegaly,pointing_game,1.0
453,layer4,grad_cam,Cardiomegaly,energy_box,0.13153623044490814
453,layer4,grad_cam,Cardiomegaly,iou,0.18131530284881592
453,layer4,grad_cam,Cardiomegaly,distance,0.2292001677556146
453,layer4,grad_cam_plus_plus,Cardiomegaly,pointing_game,1.0
453,layer4,grad_cam_plus_plus,Cardiomegaly,energy_box,0.11736530065536499
453,layer4,grad_cam_plus_plus,Cardiomegaly,iou,0.23228955268859863
453,layer4,grad_cam_plus_plus,Cardiomegaly,distance,0.22189263281363247
453,layer4,xgrad_cam,Cardiomegaly,pointing_game,1.0
453,layer4,xgrad_cam,Cardiomegaly,energy_box,0.13153623044490814
453,layer4,xgrad_cam,Cardiomegaly,iou,0.18131530284881592
453,layer4,xgrad_cam,Cardiomegaly,distance,0.2292001677556146
454,layer3,grad_cam,No finding,entropy,14.732295989990234
454,layer3,grad_cam,No finding,top_1pct,0.04822184890508652
454,layer3,grad_cam_plus_plus,No finding,entropy,15.578629493713379
454,layer3,grad_cam_plus_plus,No finding,top_1pct,0.016391532495617867
454,layer3,xgrad_cam,No finding,entropy,14.568365097045898
454,layer3,xgrad_cam,No finding,top_1pct,0.06168605014681816
454,layer4,grad_cam,No finding,entropy,14.189468383789062
454,layer4,grad_cam,No finding,top_1pct,0.0540013462305069
454,layer4,grad_cam_plus_plus,No finding,entropy,14.809412002563477
454,layer4,grad_cam_plus_plus,No finding,top_1pct,0.043735139071941376
454,layer4,xgrad_cam,No finding,entropy,14.189468383789062
454,layer4,xgrad_cam,No finding,top_1pct,0.0540013462305069
455,layer3,grad_cam,No finding,entropy,14.788248062133789
455,layer3,grad_cam,No finding,top_1pct,0.046344220638275146
455,layer3,grad_cam_plus_plus,No finding,entropy,15.582929611206055
455,layer3,grad_cam_plus_plus,No finding,top_1pct,0.018032841384410858
455,layer3,xgrad_cam,No finding,entropy,15.094779014587402
455,layer3,xgrad_cam,No finding,top_1pct,0.038200393319129944
455,layer4,grad_cam,No finding,entropy,14.8153076171875
455,layer4,grad_cam,No finding,top_1pct,0.037119511514902115
455,layer4,grad_cam_plus_plus,No finding,entropy,15.095158576965332
455,layer4,grad_cam_plus_plus,No finding,top_1pct,0.032669804990291595
455,layer4,xgrad_cam,No finding,entropy,14.815305709838867
455,layer4,xgrad_cam,No finding,top_1pct,0.037119507789611816
456,layer3,grad_cam,No finding,entropy,15.20805835723877
456,layer3,grad_cam,No finding,top_1pct,0.03652102127671242
456,layer3,grad_cam_plus_plus,No finding,entropy,15.574013710021973
456,layer3,grad_cam_plus_plus,No finding,top_1pct,0.019472042098641396
456,layer3,xgrad_cam,No finding,entropy,15.228608131408691
456,layer3,xgrad_cam,No finding,top_1pct,0.03844699636101723
456,layer4,grad_cam,No finding,entropy,14.711687088012695
456,layer4,grad_cam,No finding,top_1pct,0.037455081939697266
456,layer4,grad_cam_plus_plus,No finding,entropy,14.943787574768066
456,layer4,grad_cam_plus_plus,No finding,top_1pct,0.034043680876493454
456,layer4,xgrad_cam,No finding,entropy,14.711687088012695
456,layer4,xgrad_cam,No finding,top_1pct,0.03745507821440697
457,layer3,grad_cam,No finding,entropy,15.145059585571289
457,layer3,grad_cam,No finding,top_1pct,0.0347253791987896
457,layer3,grad_cam_plus_plus,No finding,entropy,15.404318809509277
457,layer3,grad_cam_plus_plus,No finding,top_1pct,0.04930957406759262
457,layer3,xgrad_cam,No finding,entropy,14.892805099487305
457,layer3,xgrad_cam,No finding,top_1pct,0.09131845086812973
457,layer4,grad_cam,No finding,entropy,14.593961715698242
457,layer4,grad_cam,No finding,top_1pct,0.03904908522963524
457,layer4,grad_cam_plus_plus,No finding,entropy,14.938528060913086
457,layer4,grad_cam_plus_plus,No finding,top_1pct,0.0344732291996479
457,layer4,xgrad_cam,No finding,entropy,14.593961715698242
457,layer4,xgrad_cam,No finding,top_1pct,0.03904908895492554
458,layer3,grad_cam,No finding,entropy,15.047809600830078
458,layer3,grad_cam,No finding,top_1pct,0.03938388451933861
458,layer3,grad_cam_plus_plus,No finding,entropy,15.584396362304688
458,layer3,grad_cam_plus_plus,No finding,top_1pct,0.02022690698504448
458,layer3,xgrad_cam,No finding,entropy,15.256715774536133
458,layer3,xgrad_cam,No finding,top_1pct,0.03264211118221283
458,layer4,grad_cam,No finding,entropy,14.73404312133789
458,layer4,grad_cam,No finding,top_1pct,0.037057746201753616
458,layer4,grad_cam_plus_plus,No finding,entropy,14.973978042602539
458,layer4,grad_cam_plus_plus,No finding,top_1pct,0.03384329006075859
458,layer4,xgrad_cam,No finding,entropy,14.73404312133789
458,layer4,xgrad_cam,No finding,top_1pct,0.037057746201753616
459,layer3,grad_cam,No finding,entropy,15.14686107635498
459,layer3,grad_cam,No finding,top_1pct,0.03155200183391571
459,layer3,grad_cam_plus_plus,No finding,entropy,15.584299087524414
459,layer3,grad_cam_plus_plus,No finding,top_1pct,0.016901470720767975
459,layer3,xgrad_cam,No finding,entropy,15.118901252746582
459,layer3,xgrad_cam,No finding,top_1pct,0.0425170361995697
459,layer4,grad_cam,No finding,entropy,14.55181884765625
459,layer4,grad_cam,No finding,top_1pct,0.04678505286574364
459,layer4,grad_cam_plus_plus,No finding,entropy,15.00053596496582
459,layer4,grad_cam_plus_plus,No finding,top_1pct,0.03762585297226906
459,layer4,xgrad_cam,No finding,entropy,14.551816940307617
459,layer4,xgrad_cam,No finding,top_1pct,0.04678504914045334
460,layer3,grad_cam,No finding,entropy,15.117358207702637
460,layer3,grad_cam,No finding,top_1pct,0.04152151197195053
460,layer3,grad_cam_plus_plus,No finding,entropy,15.583513259887695
460,layer3,grad_cam_plus_plus,No finding,top_1pct,0.0205385759472847
460,layer3,xgrad_cam,No finding,entropy,15.271759986877441
460,layer3,xgrad_cam,No finding,top_1pct,0.03684864193201065
460,layer4,grad_cam,No finding,entropy,14.954599380493164
460,layer4,grad_cam,No finding,top_1pct,0.03147800266742706
460,layer4,grad_cam_plus_plus,No finding,entropy,15.12272834777832
460,layer4,grad_cam_plus_plus,No finding,top_1pct,0.02994852513074875
460,layer4,xgrad_cam,No finding,entropy,14.954599380493164
460,layer4,xgrad_cam,No finding,top_1pct,0.03147800266742706
461,layer3,grad_cam,No finding,entropy,14.926467895507812
461,layer3,grad_cam,No finding,top_1pct,0.040420908480882645
461,layer3,grad_cam_plus_plus,No finding,entropy,15.575287818908691
461,layer3,grad_cam_plus_plus,No finding,top_1pct,0.019749248400330544
461,layer3,xgrad_cam,No finding,entropy,15.197328567504883
461,layer3,xgrad_cam,No finding,top_1pct,0.03722250461578369
461,layer4,grad_cam,No finding,entropy,14.736580848693848
461,layer4,grad_cam,No finding,top_1pct,0.037906818091869354
461,layer4,grad_cam_plus_plus,No finding,entropy,14.973995208740234
461,layer4,grad_cam_plus_plus,No finding,top_1pct,0.034180376678705215
461,layer4,xgrad_cam,No finding,entropy,14.736579895019531
461,layer4,xgrad_cam,No finding,top_1pct,0.037906818091869354
462,layer3,grad_cam,Aortic enlargement,pointing_game,0.0
462,layer3,grad_cam,Aortic enlargement,energy_box,0.10392524302005768
462,layer3,grad_cam,Aortic enlargement,iou,0.00919415894895792
462,layer3,grad_cam,Aortic enlargement,distance,0.7811141942928578
462,layer3,grad_cam_plus_plus,Aortic enlargement,pointing_game,0.0
462,layer3,grad_cam_plus_plus,Aortic enlargement,energy_box,0.06614664196968079
462,layer3,grad_cam_plus_plus,Aortic enlargement,iou,0.07093700021505356
462,layer3,grad_cam_plus_plus,Aortic enlargement,distance,0.9965273687068644
462,layer3,xgrad_cam,Aortic enlargement,pointing_game,0.0
462,layer3,xgrad_cam,Aortic enlargement,energy_box,0.039727143943309784
462,layer3,xgrad_cam,Aortic enlargement,iou,0.0
462,layer3,xgrad_cam,Aortic enlargement,distance,0.7811141942928578
462,layer4,grad_cam,Aortic enlargement,pointing_game,0.0
462,layer4,grad_cam,Aortic enlargement,energy_box,0.016666440293192863
462,layer4,grad_cam,Aortic enlargement,iou,0.0
462,layer4,grad_cam,Aortic enlargement,distance,0.40114203860180914
462,layer4,grad_cam_plus_plus,Aortic enlargement,pointing_game,0.0
462,layer4,grad_cam_plus_plus,Aortic enlargement,energy_box,0.11443869769573212
462,layer4,grad_cam_plus_plus,Aortic enlargement,iou,0.25564804673194885
462,layer4,grad_cam_plus_plus,Aortic enlargement,distance,0.3068436456572197
462,layer4,xgrad_cam,Aortic enlargement,pointing_game,0.0
462,layer4,xgrad_cam,Aortic enlargement,energy_box,0.016666430979967117
462,layer4,xgrad_cam,Aortic enlargement,iou,0.0
462,layer4,xgrad_cam,Aortic enlargement,distance,0.40114203860180914
462,layer3,grad_cam,Cardiomegaly,pointing_game,0.0
462,layer3,grad_cam,Cardiomegaly,energy_box,0.1778387576341629
462,layer3,grad_cam,Cardiomegaly,iou,0.08300362527370453
462,layer3,grad_cam,Cardiomegaly,distance,0.5213594433355414
462,layer3,grad_cam_plus_plus,Cardiomegaly,pointing_game,0.0
462,layer3,grad_cam_plus_plus,Cardiomegaly,energy_box,0.16630637645721436
462,layer3,grad_cam_plus_plus,Cardiomegaly,iou,0.1360107809305191
462,layer3,grad_cam_plus_plus,Cardiomegaly,distance,0.8867358510567451
462,layer3,xgrad_cam,Cardiomegaly,pointing_game,0.0
462,layer3,xgrad_cam,Cardiomegaly,energy_box,0.1646086573600769
462,layer3,xgrad_cam,Cardiomegaly,iou,0.07014065980911255
462,layer3,xgrad_cam,Cardiomegaly,distance,0.8023149334942168
462,layer4,grad_cam,Cardiomegaly,pointing_game,1.0
462,layer4,grad_cam,Cardiomegaly,energy_box,0.2508205771446228
462,layer4,grad_cam,Cardiomegaly,iou,0.08965593576431274
462,layer4,grad_cam,Cardiomegaly,distance,0.2994844351404639
462,layer4,grad_cam_plus_plus,Cardiomegaly,pointing_game,1.0
462,layer4,grad_cam_plus_plus,Cardiomegaly,energy_box,0.2835703194141388
462,layer4,grad_cam_plus_plus,Cardiomegaly,iou,0.45114442706108093
462,layer4,grad_cam_plus_plus,Cardiomegaly,distance,0.2917798434401497
462,layer4,xgrad_cam,Cardiomegaly,pointing_game,1.0
462,layer4,xgrad_cam,Cardiomegaly,energy_box,0.2508205473423004
462,layer4,xgrad_cam,Cardiomegaly,iou,0.08965593576431274
462,layer4,xgrad_cam,Cardiomegaly,distance,0.2994844351404639
463,layer3,grad_cam,Aortic enlargement,pointing_game,0.0
463,layer3,grad_cam,Aortic enlargement,energy_box,0.028549594804644585
463,layer3,grad_cam,Aortic enlargement,iou,0.0
463,layer3,grad_cam,Aortic enlargement,distance,2.749232085128229
463,layer3,grad_cam_plus_plus,Aortic enlargement,pointing_game,0.0
463,layer3,grad_cam_plus_plus,Aortic enlargement,energy_box,0.02758532203733921
463,layer3,grad_cam_plus_plus,Aortic enlargement,iou,0.009769094176590443
463,layer3,grad_cam_plus_plus,Aortic enlargement,distance,2.850279223119185
463,layer3,xgrad_cam,Aortic enlargement,pointing_game,0.0
463,layer3,xgrad_cam,Aortic enlargement,energy_box,0.012992752715945244
463,layer3,xgrad_cam,Aortic enlargement,iou,0.0
463,layer3,xgrad_cam,Aortic enlargement,distance,2.749232085128229
463,layer4,grad_cam,Aortic enlargement,pointing_game,0.0
463,layer4,grad_cam,Aortic enlargement,energy_box,0.022050391882658005
463,layer4,grad_cam,Aortic enlargement,iou,0.01972835510969162
463,layer4,grad_cam,Aortic enlargement,distance,2.7046553302852314
463,layer4,grad_cam_plus_plus,Aortic enlargement,pointing_game,0.0
463,layer4,grad_cam_plus_plus,Aortic enlargement,energy_box,0.042719218879938126
463,layer4,grad_cam_plus_plus,Aortic enlargement,iou,0.08711885660886765
463,layer4,grad_cam_plus_plus,Aortic enlargement,distance,2.708985801449013
463,layer4,xgrad_cam,Aortic enlargement,pointing_game,0.0
463,layer4,xgrad_cam,Aortic enlargement,energy_box,0.022050388157367706
463,layer4,xgrad_cam,Aortic enlargement,iou,0.01972835510969162
463,layer4,xgrad_cam,Aortic enlargement,distance,2.7046553302852314
463,layer3,grad_cam,Cardiomegaly,pointing_game,0.0
463,layer3,grad_cam,Cardiomegaly,energy_box,0.12511849403381348
463,layer3,grad_cam,Cardiomegaly,iou,0.17193195223808289
463,layer3,grad_cam,Cardiomegaly,distance,0.16130350674283436
463,layer3,grad_cam_plus_plus,Cardiomegaly,pointing_game,0.0
463,layer3,grad_cam_plus_plus,Cardiomegaly,energy_box,0.05665886774659157
463,layer3,grad_cam_plus_plus,Cardiomegaly,iou,0.028320636600255966
463,layer3,grad_cam_plus_plus,Cardiomegaly,distance,1.514437698940436
463,layer3,xgrad_cam,Cardiomegaly,pointing_game,0.0
463,layer3,xgrad_cam,Cardiomegaly,energy_box,0.09986309707164764
463,layer3,xgrad_cam,Cardiomegaly,iou,0.1407177895307541
463,layer3,xgrad_cam,Cardiomegaly,distance,1.4329476154961893
463,layer4,grad_cam,Cardiomegaly,pointing_game,1.0
463,layer4,grad_cam,Cardiomegaly,energy_box,0.14017809927463531
463,layer4,grad_cam,Cardiomegaly,iou,0.22001776099205017
463,layer4,grad_cam,Cardiomegaly,distance,0.18030359155286513
463,layer4,grad_cam_plus_plus,Cardiomegaly,pointing_game,1.0
463,layer4,grad_cam_plus_plus,Cardiomegaly,energy_box,0.1274465024471283
463,layer4,grad_cam_plus_plus,Cardiomegaly,iou,0.22985370457172394
463,layer4,grad_cam_plus_plus,Cardiomegaly,distance,0.17301151298308604
463,layer4,xgrad_cam,Cardiomegaly,pointing_game,1.0
463,layer4,xgrad_cam,Cardiomegaly,energy_box,0.1401781141757965
463,layer4,xgrad_cam,Cardiomegaly,iou,0.22001776099205017
463,layer4,xgrad_cam,Cardiomegaly,distance,0.18030359155286513
463,layer3,grad_cam,Pleural thickening,pointing_game,0.0
463,layer3,grad_cam,Pleural thickening,energy_box,0.0011748701799660921
463,layer3,grad_cam,Pleural thickening,iou,0.0
463,layer3,grad_cam,Pleural thickening,distance,6.226949437843146
463,layer3,grad_cam_plus_plus,Pleural thickening,pointing_game,0.0
463,layer3,grad_cam_plus_plus,Pleural thickening,energy_box,0.0014024404808878899
463,layer3,grad_cam_plus_plus,Pleural thickening,iou,0.0
463,layer3,grad_cam_plus_plus,Pleural thickening,distance,6.237630707883454
463,layer3,xgrad_cam,Pleural thickening,pointing_game,0.0
463,layer3,xgrad_cam,Pleural thickening,energy_box,0.000999047071672976
463,layer3,xgrad_cam,Pleural thickening,iou,0.0
463,layer3,xgrad_cam,Pleural thickening,distance,6.226949437843146
463,layer4,grad_cam,Pleural thickening,pointing_game,0.0
463,layer4,grad_cam,Pleural thickening,energy_box,0.00010748070053523406
463,layer4,grad_cam,Pleural thickening,iou,0.0
463,layer4,grad_cam,Pleural thickening,distance,6.397770678979269
463,layer4,grad_cam_plus_plus,Pleural thickening,pointing_game,0.0
463,layer4,grad_cam_plus_plus,Pleural thickening,energy_box,0.0013457667082548141
463,layer4,grad_cam_plus_plus,Pleural thickening,iou,0.0
463,layer4,grad_cam_plus_plus,Pleural thickening,distance,6.249782853223351
463,layer4,xgrad_cam,Pleural thickening,pointing_game,0.0
463,layer4,xgrad_cam,Pleural thickening,energy_box,0.00010748078784672543
463,layer4,xgrad_cam,Pleural thickening,iou,0.0
463,layer4,xgrad_cam,Pleural thickening,distance,6.397770678979269
464,layer3,grad_cam,Aortic enlargement,pointing_game,0.0
464,layer3,grad_cam,Aortic enlargement,energy_box,0.027530450373888016
464,layer3,grad_cam,Aortic enlargement,iou,0.0
464,layer3,grad_cam,Aortic enlargement,distance,3.0798955776310484
464,layer3,grad_cam_plus_plus,Aortic enlargement,pointing_game,0.0
464,layer3,grad_cam_plus_plus,Aortic enlargement,energy_box,0.01844705268740654
464,layer3,grad_cam_plus_plus,Aortic enlargement,iou,0.02818129025399685
464,layer3,grad_cam_plus_plus,Aortic enlargement,distance,4.364826254858574
464,layer3,xgrad_cam,Aortic enlargement,pointing_game,0.0
464,layer3,xgrad_cam,Aortic enlargement,energy_box,0.030472345650196075
464,layer3,xgrad_cam,Aortic enlargement,iou,0.0
464,layer3,xgrad_cam,Aortic enlargement,distance,3.0798955776310484
464,layer4,grad_cam,Aortic enlargement,pointing_game,0.0
464,layer4,grad_cam,Aortic enlargement,energy_box,0.02816004492342472
464,layer4,grad_cam,Aortic enlargement,iou,0.037854891270399094
464,layer4,grad_cam,Aortic enlargement,distance,1.5851868901989434
464,layer4,grad_cam_plus_plus,Aortic enlargement,pointing_game,0.0
464,layer4,grad_cam_plus_plus,Aortic enlargement,energy_box,0.02576402947306633
464,layer4,grad_cam_plus_plus,Aortic enlargement,iou,0.060791801661252975
464,layer4,grad_cam_plus_plus,Aortic enlargement,distance,3.0198001108187107
464,layer4,xgrad_cam,Aortic enlargement,pointing_game,0.0
464,layer4,xgrad_cam,Aortic enlargement,energy_box,0.02816004492342472
464,layer4,xgrad_cam,Aortic enlargement,iou,0.037854891270399094
464,layer4,xgrad_cam,Aortic enlargement,distance,1.5851868901989434
465,layer3,grad_cam,Lung Opacity,pointing_game,0.0
465,layer3,grad_cam,Lung Opacity,energy_box,0.006251412443816662
465,layer3,grad_cam,Lung Opacity,iou,0.0
465,layer3,grad_cam,Lung Opacity,distance,1.0025524203736436
465,layer3,grad_cam_plus_plus,Lung Opacity,pointing_game,0.0
465,layer3,grad_cam_plus_plus,Lung Opacity,energy_box,0.05779924988746643
465,layer3,grad_cam_plus_plus,Lung Opacity,iou,0.050602905452251434
465,layer3,grad_cam_plus_plus,Lung Opacity,distance,1.6838082202176599
465,layer3,xgrad_cam,Lung Opacity,pointing_game,0.0
465,layer3,xgrad_cam,Lung Opacity,energy_box,0.017177525907754898
465,layer3,xgrad_cam,Lung Opacity,iou,0.0
465,layer3,xgrad_cam,Lung Opacity,distance,1.3983766065073793
465,layer4,grad_cam,Lung Opacity,pointing_game,0.0
465,layer4,grad_cam,Lung Opacity,energy_box,0.06385809183120728
465,layer4,grad_cam,Lung Opacity,iou,0.001273543806746602
465,layer4,grad_cam,Lung Opacity,distance,0.9276388817792548
465,layer4,grad_cam_plus_plus,Lung Opacity,pointing_game,0.0
465,layer4,grad_cam_plus_plus,Lung Opacity,energy_box,0.06708874553442001
465,layer4,grad_cam_plus_plus,Lung Opacity,iou,0.0941452905535698
465,layer4,grad_cam_plus_plus,Lung Opacity,distance,1.3121849611326053
465,layer4,xgrad_cam,Lung Opacity,pointing_game,0.0
465,layer4,xgrad_cam,Lung Opacity,energy_box,0.06385809928178787
465,layer4,xgrad_cam,Lung Opacity,iou,0.001273543806746602
465,layer4,xgrad_cam,Lung Opacity,distance,0.9276388817792548
465,layer3,grad_cam,Other lesion,pointing_game,0.0
465,layer3,grad_cam,Other lesion,energy_box,0.06320524960756302
465,layer3,grad_cam,Other lesion,iou,0.012928611598908901
465,layer3,grad_cam,Other lesion,distance,1.4004121582142903
465,layer3,grad_cam_plus_plus,Other lesion,pointing_game,0.0
465,layer3,grad_cam_plus_plus,Other lesion,energy_box,0.038156624883413315
465,layer3,grad_cam_plus_plus,Other lesion,iou,0.05035466328263283
465,layer3,grad_cam_plus_plus,Other lesion,distance,2.607157219802609
465,layer3,xgrad_cam,Other lesion,pointing_game,0.0
465,layer3,xgrad_cam,Other lesion,energy_box,0.07117513567209244
465,layer3,xgrad_cam,Other lesion,iou,0.0
465,layer3,xgrad_cam,Other lesion,distance,1.4004121582142903
465,layer4,grad_cam,Other lesion,pointing_game,0.0
465,layer4,grad_cam,Other lesion,energy_box,0.05974330008029938
465,layer4,grad_cam,Other lesion,iou,0.08511678874492645
465,layer4,grad_cam,Other lesion,distance,1.3269341247318789
465,layer4,grad_cam_plus_plus,Other lesion,pointing_game,0.0
465,layer4,grad_cam_plus_plus,Other lesion,energy_box,0.03426128625869751
465,layer4,grad_cam_plus_plus,Other lesion,iou,0.042383503168821335
465,layer4,grad_cam_plus_plus,Other lesion,distance,1.2900242304198546
465,layer4,xgrad_cam,Other lesion,pointing_game,0.0
465,layer4,xgrad_cam,Other lesion,energy_box,0.059743307530879974
465,layer4,xgrad_cam,Other lesion,iou,0.08511678874492645
465,layer4,xgrad_cam,Other lesion,distance,1.3269341247318789
465,layer3,grad_cam,Pleural thickening,pointing_game,0.0
465,layer3,grad_cam,Pleural thickening,energy_box,0.03522266447544098
465,layer3,grad_cam,Pleural thickening,iou,0.0188960712403059
465,layer3,grad_cam,Pleural thickening,distance,3.422891983025337
465,layer3,grad_cam_plus_plus,Pleural thickening,pointing_game,0.0
465,layer3,grad_cam_plus_plus,Pleural thickening,energy_box,0.010587628930807114
465,layer3,grad_cam_plus_plus,Pleural thickening,iou,0.006585962604731321
465,layer3,grad_cam_plus_plus,Pleural thickening,distance,1.4270603496935073
465,layer3,xgrad_cam,Pleural thickening,pointing_game,0.0
465,layer3,xgrad_cam,Pleural thickening,energy_box,0.03327871486544609
465,layer3,xgrad_cam,Pleural thickening,iou,0.026583267375826836
465,layer3,xgrad_cam,Pleural thickening,distance,3.4400812052120773
465,layer4,grad_cam,Pleural thickening,pointing_game,0.0
465,layer4,grad_cam,Pleural thickening,energy_box,0.00879576150327921
465,layer4,grad_cam,Pleural thickening,iou,0.0
465,layer4,grad_cam,Pleural thickening,distance,1.9568636304010487
465,layer4,grad_cam_plus_plus,Pleural thickening,pointing_game,0.0
465,layer4,grad_cam_plus_plus,Pleural thickening,energy_box,0.009529872797429562
465,layer4,grad_cam_plus_plus,Pleural thickening,iou,0.0
465,layer4,grad_cam_plus_plus,Pleural thickening,distance,2.9433791808101817
465,layer4,xgrad_cam,Pleural thickening,pointing_game,0.0
465,layer4,xgrad_cam,Pleural thickening,energy_box,0.008795764297246933
465,layer4,xgrad_cam,Pleural thickening,iou,0.0
465,layer4,xgrad_cam,Pleural thickening,distance,1.9568636304010487
465,layer3,grad_cam,Pneumothorax,pointing_game,0.0
465,layer3,grad_cam,Pneumothorax,energy_box,0.04619631916284561
465,layer3,grad_cam,Pneumothorax,iou,0.021896211430430412
465,layer3,grad_cam,Pneumothorax,distance,2.3464449495847726
465,layer3,grad_cam_plus_plus,Pneumothorax,pointing_game,0.0
465,layer3,grad_cam_plus_plus,Pneumothorax,energy_box,0.03616362810134888
465,layer3,grad_cam_plus_plus,Pneumothorax,iou,0.02145104482769966
465,layer3,grad_cam_plus_plus,Pneumothorax,distance,2.5768216359800795
465,layer3,xgrad_cam,Pneumothorax,pointing_game,0.0
465,layer3,xgrad_cam,Pneumothorax,energy_box,0.03952140733599663
465,layer3,xgrad_cam,Pneumothorax,iou,0.011596180498600006
465,layer3,xgrad_cam,Pneumothorax,distance,1.0472045326282693
465,layer4,grad_cam,Pneumothorax,pointing_game,0.0
465,layer4,grad_cam,Pneumothorax,energy_box,0.0
465,layer4,grad_cam,Pneumothorax,iou,0.0
465,layer4,grad_cam,Pneumothorax,distance,2.45941460707294
465,layer4,grad_cam_plus_plus,Pneumothorax,pointing_game,0.0
465,layer4,grad_cam_plus_plus,Pneumothorax,energy_box,0.02571292035281658
465,layer4,grad_cam_plus_plus,Pneumothorax,iou,0.0
465,layer4,grad_cam_plus_plus,Pneumothorax,distance,2.3217878762402018
465,layer4,xgrad_cam,Pneumothorax,pointing_game,0.0
465,layer4,xgrad_cam,Pneumothorax,energy_box,0.0
465,layer4,xgrad_cam,Pneumothorax,iou,0.0
465,layer4,xgrad_cam,Pneumothorax,distance,2.45941460707294
465,layer3,grad_cam,Pulmonary fibrosis,pointing_game,0.0
465,layer3,grad_cam,Pulmonary fibrosis,energy_box,0.06632588058710098
465,layer3,grad_cam,Pulmonary fibrosis,iou,0.0
465,layer3,grad_cam,Pulmonary fibrosis,distance,1.6263617210183519
465,layer3,grad_cam_plus_plus,Pulmonary fibrosis,pointing_game,0.0
465,layer3,grad_cam_plus_plus,Pulmonary fibrosis,energy_box,0.061843421310186386
465,layer3,grad_cam_plus_plus,Pulmonary fibrosis,iou,0.08294368535280228
465,layer3,grad_cam_plus_plus,Pulmonary fibrosis,distance,1.6838082202176599
465,layer3,xgrad_cam,Pulmonary fibrosis,pointing_game,0.0
465,layer3,xgrad_cam,Pulmonary fibrosis,energy_box,0.06402107328176498
465,layer3,xgrad_cam,Pulmonary fibrosis,iou,0.0
465,layer3,xgrad_cam,Pulmonary fibrosis,distance,1.632294064847253
465,layer4,grad_cam,Pulmonary fibrosis,pointing_game,0.0
465,layer4,grad_cam,Pulmonary fibrosis,energy_box,0.10488681495189667
465,layer4,grad_cam,Pulmonary fibrosis,iou,0.13197630643844604
465,layer4,grad_cam,Pulmonary fibrosis,distance,0.3713909109056561
465,layer4,grad_cam_plus_plus,Pulmonary fibrosis,pointing_game,0.0
465,layer4,grad_cam_plus_plus,Pulmonary fibrosis,energy_box,0.07429655641317368
465,layer4,grad_cam_plus_plus,Pulmonary fibrosis,iou,0.10257867723703384
465,layer4,grad_cam_plus_plus,Pulmonary fibrosis,distance,0.3664643769405161
465,layer4,xgrad_cam,Pulmonary fibrosis,pointing_game,0.0
465,layer4,xgrad_cam,Pulmonary fibrosis,energy_box,0.10488682240247726
465,layer4,xgrad_cam,Pulmonary fibrosis,iou,0.13197630643844604
465,layer4,xgrad_cam,Pulmonary fibrosis,distance,0.3713909109056561
466,layer3,grad_cam,Aortic enlargement,pointing_game,0.0
466,layer3,grad_cam,Aortic enlargement,energy_box,0.06516440957784653
466,layer3,grad_cam,Aortic enlargement,iou,0.06905481219291687
466,layer3,grad_cam,Aortic enlargement,distance,2.228837987413857
466,layer3,grad_cam_plus_plus,Aortic enlargement,pointing_game,0.0
466,layer3,grad_cam_plus_plus,Aortic enlargement,energy_box,0.018993280827999115
466,layer3,grad_cam_plus_plus,Aortic enlargement,iou,0.015675583854317665
466,layer3,grad_cam_plus_plus,Aortic enlargement,distance,2.03888247782683
466,layer3,xgrad_cam,Aortic enlargement,pointing_game,0.0
466,layer3,xgrad_cam,Aortic enlargement,energy_box,0.05487709119915962
466,layer3,xgrad_cam,Aortic enlargement,iou,0.030170315876603127
466,layer3,xgrad_cam,Aortic enlargement,distance,2.228837987413857
466,layer4,grad_cam,Aortic enlargement,pointing_game,1.0
466,layer4,grad_cam,Aortic enlargement,energy_box,0.04238643869757652
466,layer4,grad_cam,Aortic enlargement,iou,0.04854368790984154
466,layer4,grad_cam,Aortic enlargement,distance,0.42352416696548956
466,layer4,grad_cam_plus_plus,Aortic enlargement,pointing_game,0.0
466,layer4,grad_cam_plus_plus,Aortic enlargement,energy_box,0.03225289285182953
466,layer4,grad_cam_plus_plus,Aortic enlargement,iou,0.07562798261642456
466,layer4,grad_cam_plus_plus,Aortic enlargement,distance,1.599122076886284
466,layer4,xgrad_cam,Aortic enlargement,pointing_game,1.0
466,layer4,xgrad_cam,Aortic enlargement,energy_box,0.04238644614815712
466,layer4,xgrad_cam,Aortic enlargement,iou,0.04854368790984154
466,layer4,xgrad_cam,Aortic enlargement,distance,0.42352416696548956
467,layer3,grad_cam,No finding,entropy,14.940116882324219
467,layer3,grad_cam,No finding,top_1pct,0.0447356216609478
467,layer3,grad_cam_plus_plus,No finding,entropy,15.586487770080566
467,layer3,grad_cam_plus_plus,No finding,top_1pct,0.01737048476934433
467,layer3,xgrad_cam,No finding,entropy,15.097007751464844
467,layer3,xgrad_cam,No finding,top_1pct,0.03628271445631981
467,layer4,grad_cam,No finding,entropy,14.881908416748047
467,layer4,grad_cam,No finding,top_1pct,0.04017265886068344
467,layer4,grad_cam_plus_plus,No finding,entropy,15.124008178710938
467,layer4,grad_cam_plus_plus,No finding,top_1pct,0.03434270620346069
467,layer4,xgrad_cam,No finding,entropy,14.881909370422363
467,layer4,xgrad_cam,No finding,top_1pct,0.04017265886068344
468,layer3,grad_cam,Consolidation,pointing_game,0.0
468,layer3,grad_cam,Consolidation,energy_box,0.035192929208278656
468,layer3,grad_cam,Consolidation,iou,0.0
468,layer3,grad_cam,Consolidation,distance,2.3985458047740544
468,layer3,grad_cam_plus_plus,Consolidation,pointing_game,0.0
468,layer3,grad_cam_plus_plus,Consolidation,energy_box,0.027718830853700638
468,layer3,grad_cam_plus_plus,Consolidation,iou,0.036781903356313705
468,layer3,grad_cam_plus_plus,Consolidation,distance,3.3033527165902252
468,layer3,xgrad_cam,Consolidation,pointing_game,0.0
468,layer3,xgrad_cam,Consolidation,energy_box,0.04105464741587639
468,layer3,xgrad_cam,Consolidation,iou,0.00853242352604866
468,layer3,xgrad_cam,Consolidation,distance,2.0698771885903056
468,layer4,grad_cam,Consolidation,pointing_game,0.0
468,layer4,grad_cam,Consolidation,energy_box,0.0010303801391273737
468,layer4,grad_cam,Consolidation,iou,0.0
468,layer4,grad_cam,Consolidation,distance,1.6024545692379797
468,layer4,grad_cam_plus_plus,Consolidation,pointing_game,0.0
468,layer4,grad_cam_plus_plus,Consolidation,energy_box,0.019779426977038383
468,layer4,grad_cam_plus_plus,Consolidation,iou,0.0
468,layer4,grad_cam_plus_plus,Consolidation,distance,1.1962731918358502
468,layer4,xgrad_cam,Consolidation,pointing_game,0.0
468,layer4,xgrad_cam,Consolidation,energy_box,0.0010303800227120519
468,layer4,xgrad_cam,Consolidation,iou,0.0
468,layer4,xgrad_cam,Consolidation,distance,1.6024545692379797
468,layer3,grad_cam,Lung Opacity,pointing_game,0.0
468,layer3,grad_cam,Lung Opacity,energy_box,0.011443923227488995
468,layer3,grad_cam,Lung Opacity,iou,0.0
468,layer3,grad_cam,Lung Opacity,distance,2.577958783357229
468,layer3,grad_cam_plus_plus,Lung Opacity,pointing_game,0.0
468,layer3,grad_cam_plus_plus,Lung Opacity,energy_box,0.018954087048768997
468,layer3,grad_cam_plus_plus,Lung Opacity,iou,0.022877216339111328
468,layer3,grad_cam_plus_plus,Lung Opacity,distance,4.071117583947247
468,layer3,xgrad_cam,Lung Opacity,pointing_game,0.0
468,layer3,xgrad_cam,Lung Opacity,energy_box,0.014671052806079388
468,layer3,xgrad_cam,Lung Opacity,iou,0.0
468,layer3,xgrad_cam,Lung Opacity,distance,2.5552892652407784
468,layer4,grad_cam,Lung Opacity,pointing_game,0.0
468,layer4,grad_cam,Lung Opacity,energy_box,0.018225086852908134
468,layer4,grad_cam,Lung Opacity,iou,0.0
468,layer4,grad_cam,Lung Opacity,distance,3.523279389878981
468,layer4,grad_cam_plus_plus,Lung Opacity,pointing_game,0.0
468,layer4,grad_cam_plus_plus,Lung Opacity,energy_box,0.017283394932746887
468,layer4,grad_cam_plus_plus,Lung Opacity,iou,0.0
468,layer4,grad_cam_plus_plus,Lung Opacity,distance,1.4433494398280131
468,layer4,xgrad_cam,Lung Opacity,pointing_game,0.0
468,layer4,xgrad_cam,Lung Opacity,energy_box,0.018225083127617836
468,layer4,xgrad_cam,Lung Opacity,iou,0.0
468,layer4,xgrad_cam,Lung Opacity,distance,3.523279389878981
468,layer3,grad_cam,Nodule/Mass,pointing_game,0.0
468,layer3,grad_cam,Nodule/Mass,energy_box,0.06489142030477524
468,layer3,grad_cam,Nodule/Mass,iou,0.048831529915332794
468,layer3,grad_cam,Nodule/Mass,distance,3.0754980528918825
468,layer3,grad_cam_plus_plus,Nodule/Mass,pointing_game,0.0
468,layer3,grad_cam_plus_plus,Nodule/Mass,energy_box,0.02689368464052677
468,layer3,grad_cam_plus_plus,Nodule/Mass,iou,0.030666256323456764
468,layer3,grad_cam_plus_plus,Nodule/Mass,distance,3.3033527165902252
468,layer3,xgrad_cam,Nodule/Mass,pointing_game,0.0
468,layer3,xgrad_cam,Nodule/Mass,energy_box,0.03217494487762451
468,layer3,xgrad_cam,Nodule/Mass,iou,0.0
468,layer3,xgrad_cam,Nodule/Mass,distance,1.1937930049130754
468,layer4,grad_cam,Nodule/Mass,pointing_game,0.0
468,layer4,grad_cam,Nodule/Mass,energy_box,0.0
468,layer4,grad_cam,Nodule/Mass,iou,0.0
468,layer4,grad_cam,Nodule/Mass,distance,3.0726220149746455
468,layer4,grad_cam_plus_plus,Nodule/Mass,pointing_game,0.0
468,layer4,grad_cam_plus_plus,Nodule/Mass,energy_box,0.013972805812954903
468,layer4,grad_cam_plus_plus,Nodule/Mass,iou,0.0
468,layer4,grad_cam_plus_plus,Nodule/Mass,distance,1.202258810950193
468,layer4,xgrad_cam,Nodule/Mass,pointing_game,0.0
468,layer4,xgrad_cam,Nodule/Mass,energy_box,0.0
468,layer4,xgrad_cam,Nodule/Mass,iou,0.0
468,layer4,xgrad_cam,Nodule/Mass,distance,3.0726220149746455
468,layer3,grad_cam,Pleural effusion,pointing_game,0.0
468,layer3,grad_cam,Pleural effusion,energy_box,0.027404341846704483
468,layer3,grad_cam,Pleural effusion,iou,0.0
468,layer3,grad_cam,Pleural effusion,distance,2.779024023214526
468,layer3,grad_cam_plus_plus,Pleural effusion,pointing_game,0.0
468,layer3,grad_cam_plus_plus,Pleural effusion,energy_box,0.019818808883428574
468,layer3,grad_cam_plus_plus,Pleural effusion,iou,0.02817164920270443
468,layer3,grad_cam_plus_plus,Pleural effusion,distance,2.3727649076133597
468,layer3,xgrad_cam,Pleural effusion,pointing_game,0.0
468,layer3,xgrad_cam,Pleural effusion,energy_box,0.021757813170552254
468,layer3,xgrad_cam,Pleural effusion,iou,0.018838992342352867
468,layer3,xgrad_cam,Pleural effusion,distance,2.779024023214526
468,layer4,grad_cam,Pleural effusion,pointing_game,0.0
468,layer4,grad_cam,Pleural effusion,energy_box,0.028419993817806244
468,layer4,grad_cam,Pleural effusion,iou,0.003763900836929679
468,layer4,grad_cam,Pleural effusion,distance,0.6620564579870132
468,layer4,grad_cam_plus_plus,Pleural effusion,pointing_game,0.0
468,layer4,grad_cam_plus_plus,Pleural effusion,energy_box,0.015378393232822418
468,layer4,grad_cam_plus_plus,Pleural effusion,iou,0.0
468,layer4,grad_cam_plus_plus,Pleural effusion,distance,1.5513082345361637
468,layer4,xgrad_cam,Pleural effusion,pointing_game,0.0
468,layer4,xgrad_cam,Pleural effusion,energy_box,0.02842000313103199
468,layer4,xgrad_cam,Pleural effusion,iou,0.003763900836929679
468,layer4,xgrad_cam,Pleural effusion,distance,0.6620564579870132
469,layer3,grad_cam,No finding,entropy,15.348821640014648
469,layer3,grad_cam,No finding,top_1pct,0.03085487335920334
469,layer3,grad_cam_plus_plus,No finding,entropy,15.388252258300781
469,layer3,grad_cam_plus_plus,No finding,top_1pct,0.050545450299978256
469,layer3,xgrad_cam,No finding,entropy,14.755000114440918
469,layer3,xgrad_cam,No finding,top_1pct,0.0996154174208641
469,layer4,grad_cam,No finding,entropy,14.329381942749023
469,layer4,grad_cam,No finding,top_1pct,0.047640081495046616
469,layer4,grad_cam_plus_plus,No finding,entropy,14.660609245300293
469,layer4,grad_cam_plus_plus,No finding,top_1pct,0.04275469481945038
469,layer4,xgrad_cam,No finding,entropy,14.329384803771973
469,layer4,xgrad_cam,No finding,top_1pct,0.047640085220336914
470,layer3,grad_cam,No finding,entropy,14.962318420410156
470,layer3,grad_cam,No finding,top_1pct,0.03497587889432907
470,layer3,grad_cam_plus_plus,No finding,entropy,15.584818840026855
470,layer3,grad_cam_plus_plus,No finding,top_1pct,0.01724550686776638
470,layer3,xgrad_cam,No finding,entropy,14.94494915008545
470,layer3,xgrad_cam,No finding,top_1pct,0.03770522400736809
470,layer4,grad_cam,No finding,entropy,14.450098991394043
470,layer4,grad_cam,No finding,top_1pct,0.04541338235139847
470,layer4,grad_cam_plus_plus,No finding,entropy,14.930353164672852
470,layer4,grad_cam_plus_plus,No finding,top_1pct,0.03780590370297432
470,layer4,xgrad_cam,No finding,entropy,14.450098991394043
470,layer4,xgrad_cam,No finding,top_1pct,0.04541337862610817
471,layer3,grad_cam,ILD,pointing_game,0.0
471,layer3,grad_cam,ILD,energy_box,0.14682745933532715
471,layer3,grad_cam,ILD,iou,0.0037878789007663727
471,layer3,grad_cam,ILD,distance,0.6710680408762704
471,layer3,grad_cam_plus_plus,ILD,pointing_game,0.0
471,layer3,grad_cam_plus_plus,ILD,energy_box,0.1316150277853012
471,layer3,grad_cam_plus_plus,ILD,iou,0.0867421105504036
471,layer3,grad_cam_plus_plus,ILD,distance,0.6735370349167275
471,layer3,xgrad_cam,ILD,pointing_game,0.0
471,layer3,xgrad_cam,ILD,energy_box,0.0827619805932045
471,layer3,xgrad_cam,ILD,iou,0.0
471,layer3,xgrad_cam,ILD,distance,0.6710680408762704
471,layer4,grad_cam,ILD,pointing_game,0.0
471,layer4,grad_cam,ILD,energy_box,0.26750266551971436
471,layer4,grad_cam,ILD,iou,0.12191581726074219
471,layer4,grad_cam,ILD,distance,0.29125513456657076
471,layer4,grad_cam_plus_plus,ILD,pointing_game,1.0
471,layer4,grad_cam_plus_plus,ILD,energy_box,0.1866377741098404
471,layer4,grad_cam_plus_plus,ILD,iou,0.23516766726970673
471,layer4,grad_cam_plus_plus,ILD,distance,0.3657973368299928
471,layer4,xgrad_cam,ILD,pointing_game,0.0
471,layer4,xgrad_cam,ILD,energy_box,0.26750272512435913
471,layer4,xgrad_cam,ILD,iou,0.12191581726074219
471,layer4,xgrad_cam,ILD,distance,0.29125513456657076
471,layer3,grad_cam,Infiltration,pointing_game,0.0
471,layer3,grad_cam,Infiltration,energy_box,0.09377303719520569
471,layer3,grad_cam,Infiltration,iou,0.05602739751338959
471,layer3,grad_cam,Infiltration,distance,0.6405127354082777
471,layer3,grad_cam_plus_plus,Infiltration,pointing_game,0.0
471,layer3,grad_cam_plus_plus,Infiltration,energy_box,0.07962595671415329
471,layer3,grad_cam_plus_plus,Infiltration,iou,0.08858702331781387
471,layer3,grad_cam_plus_plus,Infiltration,distance,0.6435105859310843
471,layer3,xgrad_cam,Infiltration,pointing_game,0.0
471,layer3,xgrad_cam,Infiltration,energy_box,0.08870166540145874
471,layer3,xgrad_cam,Infiltration,iou,0.03914673998951912
471,layer3,xgrad_cam,Infiltration,distance,0.6405127354082777
471,layer4,grad_cam,Infiltration,pointing_game,0.0
471,layer4,grad_cam,Infiltration,energy_box,0.10950455814599991
471,layer4,grad_cam,Infiltration,iou,0.07599620521068573
471,layer4,grad_cam,Infiltration,distance,0.5786050304374676
471,layer4,grad_cam_plus_plus,Infiltration,pointing_game,0.0
471,layer4,grad_cam_plus_plus,Infiltration,energy_box,0.0730178952217102
471,layer4,grad_cam_plus_plus,Infiltration,iou,0.08863084018230438
471,layer4,grad_cam_plus_plus,Infiltration,distance,0.8885697305239265
471,layer4,xgrad_cam,Infiltration,pointing_game,0.0
471,layer4,xgrad_cam,Infiltration,energy_box,0.10950454324483871
471,layer4,xgrad_cam,Infiltration,iou,0.07599620521068573
471,layer4,xgrad_cam,Infiltration,distance,0.5786050304374676
471,layer3,grad_cam,Lung Opacity,pointing_game,1.0
471,layer3,grad_cam,Lung Opacity,energy_box,0.2434065192937851
471,layer3,grad_cam,Lung Opacity,iou,0.05967255309224129
471,layer3,grad_cam,Lung Opacity,distance,0.31516072774674253
471,layer3,grad_cam_plus_plus,Lung Opacity,pointing_game,0.0
471,layer3,grad_cam_plus_plus,Lung Opacity,energy_box,0.1998477727174759
471,layer3,grad_cam_plus_plus,Lung Opacity,iou,0.10750109702348709
471,layer3,grad_cam_plus_plus,Lung Opacity,distance,1.0817431139257063
471,layer3,xgrad_cam,Lung Opacity,pointing_game,0.0
471,layer3,xgrad_cam,Lung Opacity,energy_box,0.23470044136047363
471,layer3,xgrad_cam,Lung Opacity,iou,0.04892943799495697
471,layer3,xgrad_cam,Lung Opacity,distance,0.4697561733812673
471,layer4,grad_cam,Lung Opacity,pointing_game,1.0
471,layer4,grad_cam,Lung Opacity,energy_box,0.23457975685596466
471,layer4,grad_cam,Lung Opacity,iou,0.1366354078054428
471,layer4,grad_cam,Lung Opacity,distance,0.3523128007457169
471,layer4,grad_cam_plus_plus,Lung Opacity,pointing_game,1.0
471,layer4,grad_cam_plus_plus,Lung Opacity,energy_box,0.2792712450027466
471,layer4,grad_cam_plus_plus,Lung Opacity,iou,0.3410677909851074
471,layer4,grad_cam_plus_plus,Lung Opacity,distance,0.2285270930738381
471,layer4,xgrad_cam,Lung Opacity,pointing_game,1.0
471,layer4,xgrad_cam,Lung Opacity,energy_box,0.23457975685596466
471,layer4,xgrad_cam,Lung Opacity,iou,0.1366354078054428
471,layer4,xgrad_cam,Lung Opacity,distance,0.3523128007457169
471,layer3,grad_cam,Pulmonary fibrosis,pointing_game,0.0
471,layer3,grad_cam,Pulmonary fibrosis,energy_box,0.002455691574141383
471,layer3,grad_cam,Pulmonary fibrosis,iou,0.0
471,layer3,grad_cam,Pulmonary fibrosis,distance,5.694030654250052
471,layer3,grad_cam_plus_plus,Pulmonary fibrosis,pointing_game,0.0
471,layer3,grad_cam_plus_plus,Pulmonary fibrosis,energy_box,0.006325774826109409
471,layer3,grad_cam_plus_plus,Pulmonary fibrosis,iou,0.0007352317334152758
471,layer3,grad_cam_plus_plus,Pulmonary fibrosis,distance,5.700339757578596
471,layer3,xgrad_cam,Pulmonary fibrosis,pointing_game,0.0
471,layer3,xgrad_cam,Pulmonary fibrosis,energy_box,0.0022260411642491817
471,layer3,xgrad_cam,Pulmonary fibrosis,iou,0.0
471,layer3,xgrad_cam,Pulmonary fibrosis,distance,1.4764841165000664
471,layer4,grad_cam,Pulmonary fibrosis,pointing_game,0.0
471,layer4,grad_cam,Pulmonary fibrosis,energy_box,0.013806190341711044
471,layer4,grad_cam,Pulmonary fibrosis,iou,0.017105262726545334
471,layer4,grad_cam,Pulmonary fibrosis,distance,1.6723238310774662
471,layer4,grad_cam_plus_plus,Pulmonary fibrosis,pointing_game,0.0
471,layer4,grad_cam_plus_plus,Pulmonary fibrosis,energy_box,0.007818219251930714
471,layer4,grad_cam_plus_plus,Pulmonary fibrosis,iou,0.015725761651992798
471,layer4,grad_cam_plus_plus,Pulmonary fibrosis,distance,3.51502666477226
471,layer4,xgrad_cam,Pulmonary fibrosis,pointing_game,0.0
471,layer4,xgrad_cam,Pulmonary fibrosis,energy_box,0.013806191273033619
471,layer4,xgrad_cam,Pulmonary fibrosis,iou,0.017105262726545334
471,layer4,xgrad_cam,Pulmonary fibrosis,distance,1.6723238310774662
472,layer3,grad_cam,No finding,entropy,14.8715238571167
472,layer3,grad_cam,No finding,top_1pct,0.03873100504279137
472,layer3,grad_cam_plus_plus,No finding,entropy,15.585033416748047
472,layer3,grad_cam_plus_plus,No finding,top_1pct,0.01734347641468048
472,layer3,xgrad_cam,No finding,entropy,15.070549964904785
472,layer3,xgrad_cam,No finding,top_1pct,0.030293092131614685
472,layer4,grad_cam,No finding,entropy,15.141534805297852
472,layer4,grad_cam,No finding,top_1pct,0.02990318462252617
472,layer4,grad_cam_plus_plus,No finding,entropy,15.267900466918945
472,layer4,grad_cam_plus_plus,No finding,top_1pct,0.027363421395421028
472,layer4,xgrad_cam,No finding,entropy,15.141534805297852
472,layer4,xgrad_cam,No finding,top_1pct,0.02990318462252617
473,layer3,grad_cam,Aortic enlargement,pointing_game,0.0
473,layer3,grad_cam,Aortic enlargement,energy_box,0.08794718235731125
473,layer3,grad_cam,Aortic enlargement,iou,0.20800571143627167
473,layer3,grad_cam,Aortic enlargement,distance,1.669951664783473
473,layer3,grad_cam_plus_plus,Aortic enlargement,pointing_game,0.0
473,layer3,grad_cam_plus_plus,Aortic enlargement,energy_box,0.02568945474922657
473,layer3,grad_cam_plus_plus,Aortic enlargement,iou,0.04090620204806328
473,layer3,grad_cam_plus_plus,Aortic enlargement,distance,1.669951664783473
473,layer3,xgrad_cam,Aortic enlargement,pointing_game,0.0
473,layer3,xgrad_cam,Aortic enlargement,energy_box,0.09656047075986862
473,layer3,xgrad_cam,Aortic enlargement,iou,0.09346567094326019
473,layer3,xgrad_cam,Aortic enlargement,distance,1.669951664783473
473,layer4,grad_cam,Aortic enlargement,pointing_game,0.0
473,layer4,grad_cam,Aortic enlargement,energy_box,0.07042300701141357
473,layer4,grad_cam,Aortic enlargement,iou,0.16488222777843475
473,layer4,grad_cam,Aortic enlargement,distance,1.7767163865693416
473,layer4,grad_cam_plus_plus,Aortic enlargement,pointing_game,0.0
473,layer4,grad_cam_plus_plus,Aortic enlargement,energy_box,0.026546306908130646
473,layer4,grad_cam_plus_plus,Aortic enlargement,iou,0.0467078797519207
473,layer4,grad_cam_plus_plus,Aortic enlargement,distance,1.252290718289307
473,layer4,xgrad_cam,Aortic enlargement,pointing_game,0.0
473,layer4,xgrad_cam,Aortic enlargement,energy_box,0.07042302191257477
473,layer4,xgrad_cam,Aortic enlargement,iou,0.16488222777843475
473,layer4,xgrad_cam,Aortic enlargement,distance,1.7767163865693416
473,layer3,grad_cam,Atelectasis,pointing_game,0.0
473,layer3,grad_cam,Atelectasis,energy_box,0.026802290230989456
473,layer3,grad_cam,Atelectasis,iou,0.0
473,layer3,grad_cam,Atelectasis,distance,0.7190314920896189
473,layer3,grad_cam_plus_plus,Atelectasis,pointing_game,0.0
473,layer3,grad_cam_plus_plus,Atelectasis,energy_box,0.09670722484588623
473,layer3,grad_cam_plus_plus,Atelectasis,iou,0.0036187474615871906
473,layer3,grad_cam_plus_plus,Atelectasis,distance,1.4142192301829508
473,layer3,xgrad_cam,Atelectasis,pointing_game,0.0
473,layer3,xgrad_cam,Atelectasis,energy_box,0.016305245459079742
473,layer3,xgrad_cam,Atelectasis,iou,0.0
473,layer3,xgrad_cam,Atelectasis,distance,0.764916955454918
473,layer4,grad_cam,Atelectasis,pointing_game,0.0
473,layer4,grad_cam,Atelectasis,energy_box,0.04979191720485687
473,layer4,grad_cam,Atelectasis,iou,0.0
473,layer4,grad_cam,Atelectasis,distance,0.6538643465507558
473,layer4,grad_cam_plus_plus,Atelectasis,pointing_game,1.0
473,layer4,grad_cam_plus_plus,Atelectasis,energy_box,0.24650587141513824
473,layer4,grad_cam_plus_plus,Atelectasis,iou,0.34869682788848877
473,layer4,grad_cam_plus_plus,Atelectasis,distance,0.13295106288413766
473,layer4,xgrad_cam,Atelectasis,pointing_game,0.0
473,layer4,xgrad_cam,Atelectasis,energy_box,0.04979192093014717
473,layer4,xgrad_cam,Atelectasis,iou,0.0
473,layer4,xgrad_cam,Atelectasis,distance,0.6538643465507558
473,layer3,grad_cam,Lung Opacity,pointing_game,1.0
473,layer3,grad_cam,Lung Opacity,energy_box,0.3926887810230255
473,layer3,grad_cam,Lung Opacity,iou,0.2382330298423767
473,layer3,grad_cam,Lung Opacity,distance,0.1466276687524778
473,layer3,grad_cam_plus_plus,Lung Opacity,pointing_game,0.0
473,layer3,grad_cam_plus_plus,Lung Opacity,energy_box,0.16125662624835968
473,layer3,grad_cam_plus_plus,Lung Opacity,iou,0.12791983783245087
473,layer3,grad_cam_plus_plus,Lung Opacity,distance,1.26081632282261
473,layer3,xgrad_cam,Lung Opacity,pointing_game,1.0
473,layer3,xgrad_cam,Lung Opacity,energy_box,0.28292059898376465
473,layer3,xgrad_cam,Lung Opacity,iou,0.2766551673412323
473,layer3,xgrad_cam,Lung Opacity,distance,0.1466276687524778
473,layer4,grad_cam,Lung Opacity,pointing_game,1.0
473,layer4,grad_cam,Lung Opacity,energy_box,0.39576563239097595
473,layer4,grad_cam,Lung Opacity,iou,0.6081314086914062
473,layer4,grad_cam,Lung Opacity,distance,0.1070939219151287
473,layer4,grad_cam_plus_plus,Lung Opacity,pointing_game,1.0
473,layer4,grad_cam_plus_plus,Lung Opacity,energy_box,0.3374270498752594
473,layer4,grad_cam_plus_plus,Lung Opacity,iou,0.6035079956054688
473,layer4,grad_cam_plus_plus,Lung Opacity,distance,0.1070939219151287
473,layer4,xgrad_cam,Lung Opacity,pointing_game,1.0
473,layer4,xgrad_cam,Lung Opacity,energy_box,0.3957655727863312
473,layer4,xgrad_cam,Lung Opacity,iou,0.6081314086914062
473,layer4,xgrad_cam,Lung Opacity,distance,0.1070939219151287
473,layer3,grad_cam,Other lesion,pointing_game,0.0
473,layer3,grad_cam,Other lesion,energy_box,0.00033783738035708666
473,layer3,grad_cam,Other lesion,iou,0.0
473,layer3,grad_cam,Other lesion,distance,3.2402395966036996
473,layer3,grad_cam_plus_plus,Other lesion,pointing_game,0.0
473,layer3,grad_cam_plus_plus,Other lesion,energy_box,0.010342656634747982
473,layer3,grad_cam_plus_plus,Other lesion,iou,0.0
473,layer3,grad_cam_plus_plus,Other lesion,distance,3.2402395966036996
473,layer3,xgrad_cam,Other lesion,pointing_game,0.0
473,layer3,xgrad_cam,Other lesion,energy_box,0.0
473,layer3,xgrad_cam,Other lesion,iou,0.0
473,layer3,xgrad_cam,Other lesion,distance,2.7759874527621626
473,layer4,grad_cam,Other lesion,pointing_game,0.0
473,layer4,grad_cam,Other lesion,energy_box,0.0
473,layer4,grad_cam,Other lesion,iou,0.0
473,layer4,grad_cam,Other lesion,distance,3.171405854925959
473,layer4,grad_cam_plus_plus,Other lesion,pointing_game,0.0
473,layer4,grad_cam_plus_plus,Other lesion,energy_box,0.029295356944203377
473,layer4,grad_cam_plus_plus,Other lesion,iou,0.03350432962179184
473,layer4,grad_cam_plus_plus,Other lesion,distance,0.2873689705940699
473,layer4,xgrad_cam,Other lesion,pointing_game,0.0
473,layer4,xgrad_cam,Other lesion,energy_box,0.0
473,layer4,xgrad_cam,Other lesion,iou,0.0
473,layer4,xgrad_cam,Other lesion,distance,3.171405854925959
473,layer3,grad_cam,Pleural effusion,pointing_game,1.0
473,layer3,grad_cam,Pleural effusion,energy_box,0.5972936153411865
473,layer3,grad_cam,Pleural effusion,iou,0.2835642993450165
473,layer3,grad_cam,Pleural effusion,distance,0.273837053313367
473,layer3,grad_cam_plus_plus,Pleural effusion,pointing_game,0.0
473,layer3,grad_cam_plus_plus,Pleural effusion,energy_box,0.16583998501300812
473,layer3,grad_cam_plus_plus,Pleural effusion,iou,0.14502893388271332
473,layer3,grad_cam_plus_plus,Pleural effusion,distance,1.065807561712349
473,layer3,xgrad_cam,Pleural effusion,pointing_game,1.0
473,layer3,xgrad_cam,Pleural effusion,energy_box,0.3448579013347626
473,layer3,xgrad_cam,Pleural effusion,iou,0.30787569284439087
473,layer3,xgrad_cam,Pleural effusion,distance,0.2744596455228107
473,layer4,grad_cam,Pleural effusion,pointing_game,1.0
473,layer4,grad_cam,Pleural effusion,energy_box,0.42760610580444336
473,layer4,grad_cam,Pleural effusion,iou,0.526042103767395
473,layer4,grad_cam,Pleural effusion,distance,0.11392749971120811
473,layer4,grad_cam_plus_plus,Pleural effusion,pointing_game,1.0
473,layer4,grad_cam_plus_plus,Pleural effusion,energy_box,0.3610204756259918
473,layer4,grad_cam_plus_plus,Pleural effusion,iou,0.5377784967422485
473,layer4,grad_cam_plus_plus,Pleural effusion,distance,0.11392749971120811
473,layer4,xgrad_cam,Pleural effusion,pointing_game,1.0
473,layer4,xgrad_cam,Pleural effusion,energy_box,0.42760607600212097
473,layer4,xgrad_cam,Pleural effusion,iou,0.526042103767395
473,layer4,xgrad_cam,Pleural effusion,distance,0.11392749971120811
473,layer3,grad_cam,Pleural thickening,pointing_game,0.0
473,layer3,grad_cam,Pleural thickening,energy_box,0.015964612364768982
473,layer3,grad_cam,Pleural thickening,iou,0.0
473,layer3,grad_cam,Pleural thickening,distance,2.02952222321963
473,layer3,grad_cam_plus_plus,Pleural thickening,pointing_game,0.0
473,layer3,grad_cam_plus_plus,Pleural thickening,energy_box,0.02511150762438774
473,layer3,grad_cam_plus_plus,Pleural thickening,iou,0.004628015216439962
473,layer3,grad_cam_plus_plus,Pleural thickening,distance,2.0452266438524918
473,layer3,xgrad_cam,Pleural thickening,pointing_game,0.0
473,layer3,xgrad_cam,Pleural thickening,energy_box,0.016614364460110664
473,layer3,xgrad_cam,Pleural thickening,iou,0.0
473,layer3,xgrad_cam,Pleural thickening,distance,2.02952222321963
473,layer4,grad_cam,Pleural thickening,pointing_game,0.0
473,layer4,grad_cam,Pleural thickening,energy_box,0.04649905115365982
473,layer4,grad_cam,Pleural thickening,iou,0.013405430130660534
473,layer4,grad_cam,Pleural thickening,distance,2.516780907674611
473,layer4,grad_cam_plus_plus,Pleural thickening,pointing_game,0.0
473,layer4,grad_cam_plus_plus,Pleural thickening,energy_box,0.05448645353317261
473,layer4,grad_cam_plus_plus,Pleural thickening,iou,0.09388268738985062
473,layer4,grad_cam_plus_plus,Pleural thickening,distance,0.8544303913328088
473,layer4,xgrad_cam,Pleural thickening,pointing_game,0.0
473,layer4,xgrad_cam,Pleural thickening,energy_box,0.046499062329530716
473,layer4,xgrad_cam,Pleural thickening,iou,0.013405430130660534
473,layer4,xgrad_cam,Pleural thickening,distance,2.516780907674611
474,layer3,grad_cam,No finding,entropy,14.77182388305664
474,layer3,grad_cam,No finding,top_1pct,0.052539724856615067
474,layer3,grad_cam_plus_plus,No finding,entropy,15.582009315490723
474,layer3,grad_cam_plus_plus,No finding,top_1pct,0.01685510389506817
474,layer3,xgrad_cam,No finding,entropy,15.134811401367188
474,layer3,xgrad_cam,No finding,top_1pct,0.0396198108792305
474,layer4,grad_cam,No finding,entropy,14.679821014404297
474,layer4,grad_cam,No finding,top_1pct,0.041794825345277786
474,layer4,grad_cam_plus_plus,No finding,entropy,15.00777816772461
474,layer4,grad_cam_plus_plus,No finding,top_1pct,0.035871848464012146
474,layer4,xgrad_cam,No finding,entropy,14.679821014404297
474,layer4,xgrad_cam,No finding,top_1pct,0.041794825345277786
475,layer3,grad_cam,No finding,entropy,14.882959365844727
475,layer3,grad_cam,No finding,top_1pct,0.043915390968322754
475,layer3,grad_cam_plus_plus,No finding,entropy,15.58755111694336
475,layer3,grad_cam_plus_plus,No finding,top_1pct,0.017978934571146965
475,layer3,xgrad_cam,No finding,entropy,14.909480094909668
475,layer3,xgrad_cam,No finding,top_1pct,0.04661088064312935
475,layer4,grad_cam,No finding,entropy,14.869604110717773
475,layer4,grad_cam,No finding,top_1pct,0.03711282089352608
475,layer4,grad_cam_plus_plus,No finding,entropy,15.104636192321777
475,layer4,grad_cam_plus_plus,No finding,top_1pct,0.03359145298600197
475,layer4,xgrad_cam,No finding,entropy,14.869604110717773
475,layer4,xgrad_cam,No finding,top_1pct,0.03711281716823578
476,layer3,grad_cam,No finding,entropy,15.220582962036133
476,layer3,grad_cam,No finding,top_1pct,0.030622901394963264
476,layer3,grad_cam_plus_plus,No finding,entropy,15.564218521118164
476,layer3,grad_cam_plus_plus,No finding,top_1pct,0.02732590027153492
476,layer3,xgrad_cam,No finding,entropy,15.061600685119629
476,layer3,xgrad_cam,No finding,top_1pct,0.03968573734164238
476,layer4,grad_cam,No finding,entropy,14.305704116821289
476,layer4,grad_cam,No finding,top_1pct,0.05548422783613205
476,layer4,grad_cam_plus_plus,No finding,entropy,15.267196655273438
476,layer4,grad_cam_plus_plus,No finding,top_1pct,0.030352355912327766
476,layer4,xgrad_cam,No finding,entropy,14.305703163146973
476,layer4,xgrad_cam,No finding,top_1pct,0.05548422783613205
477,layer3,grad_cam,No finding,entropy,15.301408767700195
477,layer3,grad_cam,No finding,top_1pct,0.029394306242465973
477,layer3,grad_cam_plus_plus,No finding,entropy,15.575278282165527
477,layer3,grad_cam_plus_plus,No finding,top_1pct,0.017638016492128372
477,layer3,xgrad_cam,No finding,entropy,15.132737159729004
477,layer3,xgrad_cam,No finding,top_1pct,0.04064776003360748
477,layer4,grad_cam,No finding,entropy,14.282708168029785
477,layer4,grad_cam,No finding,top_1pct,0.05857222527265549
477,layer4,grad_cam_plus_plus,No finding,entropy,15.168619155883789
477,layer4,grad_cam_plus_plus,No finding,top_1pct,0.036779750138521194
477,layer4,xgrad_cam,No finding,entropy,14.282707214355469
477,layer4,xgrad_cam,No finding,top_1pct,0.05857222527265549
478,layer3,grad_cam,No finding,entropy,14.854652404785156
478,layer3,grad_cam,No finding,top_1pct,0.0493936687707901
478,layer3,grad_cam_plus_plus,No finding,entropy,15.5810546875
478,layer3,grad_cam_plus_plus,No finding,top_1pct,0.02068905718624592
478,layer3,xgrad_cam,No finding,entropy,15.233158111572266
478,layer3,xgrad_cam,No finding,top_1pct,0.038689110428094864
478,layer4,grad_cam,No finding,entropy,14.993148803710938
478,layer4,grad_cam,No finding,top_1pct,0.02969602309167385
478,layer4,grad_cam_plus_plus,No finding,entropy,15.125673294067383
478,layer4,grad_cam_plus_plus,No finding,top_1pct,0.02845044992864132
478,layer4,xgrad_cam,No finding,entropy,14.993148803710938
478,layer4,xgrad_cam,No finding,top_1pct,0.029696021229028702
479,layer3,grad_cam,No finding,entropy,15.082536697387695
479,layer3,grad_cam,No finding,top_1pct,0.03200625255703926
479,layer3,grad_cam_plus_plus,No finding,entropy,15.584341049194336
479,layer3,grad_cam_plus_plus,No finding,top_1pct,0.017125310376286507
479,layer3,xgrad_cam,No finding,entropy,15.213798522949219
479,layer3,xgrad_cam,No finding,top_1pct,0.030016226693987846
479,layer4,grad_cam,No finding,entropy,14.715853691101074
479,layer4,grad_cam,No finding,top_1pct,0.039499856531620026
479,layer4,grad_cam_plus_plus,No finding,entropy,15.055566787719727
479,layer4,grad_cam_plus_plus,No finding,top_1pct,0.033325813710689545
479,layer4,xgrad_cam,No finding,entropy,14.715851783752441
479,layer4,xgrad_cam,No finding,top_1pct,0.03949984908103943
480,layer3,grad_cam,No finding,entropy,15.145135879516602
480,layer3,grad_cam,No finding,top_1pct,0.032846156507730484
480,layer3,grad_cam_plus_plus,No finding,entropy,15.58774471282959
480,layer3,grad_cam_plus_plus,No finding,top_1pct,0.019033385440707207
480,layer3,xgrad_cam,No finding,entropy,15.411421775817871
480,layer3,xgrad_cam,No finding,top_1pct,0.023827023804187775
480,layer4,grad_cam,No finding,entropy,14.978692054748535
480,layer4,grad_cam,No finding,top_1pct,0.03398910537362099
480,layer4,grad_cam_plus_plus,No finding,entropy,15.187767028808594
480,layer4,grad_cam_plus_plus,No finding,top_1pct,0.030151328071951866
480,layer4,xgrad_cam,No finding,entropy,14.978691101074219
480,layer4,xgrad_cam,No finding,top_1pct,0.03398910537362099
481,layer3,grad_cam,No finding,entropy,15.01793098449707
481,layer3,grad_cam,No finding,top_1pct,0.0382523238658905
481,layer3,grad_cam_plus_plus,No finding,entropy,15.587966918945312
481,layer3,grad_cam_plus_plus,No finding,top_1pct,0.01687493361532688
481,layer3,xgrad_cam,No finding,entropy,15.32369327545166
481,layer3,xgrad_cam,No finding,top_1pct,0.029410798102617264
481,layer4,grad_cam,No finding,entropy,14.752298355102539
481,layer4,grad_cam,No finding,top_1pct,0.04203465208411217
481,layer4,grad_cam_plus_plus,No finding,entropy,15.03518295288086
481,layer4,grad_cam_plus_plus,No finding,top_1pct,0.03595418855547905
481,layer4,xgrad_cam,No finding,entropy,14.752299308776855
481,layer4,xgrad_cam,No finding,top_1pct,0.042034659534692764
482,layer3,grad_cam,Aortic enlargement,pointing_game,0.0
482,layer3,grad_cam,Aortic enlargement,energy_box,0.07210936397314072
482,layer3,grad_cam,Aortic enlargement,iou,0.10346301645040512
482,layer3,grad_cam,Aortic enlargement,distance,3.3622442560924872
482,layer3,grad_cam_plus_plus,Aortic enlargement,pointing_game,0.0
482,layer3,grad_cam_plus_plus,Aortic enlargement,energy_box,0.019463278353214264
482,layer3,grad_cam_plus_plus,Aortic enlargement,iou,0.03860831633210182
482,layer3,grad_cam_plus_plus,Aortic enlargement,distance,2.345497063987612
482,layer3,xgrad_cam,Aortic enlargement,pointing_game,0.0
482,layer3,xgrad_cam,Aortic enlargement,energy_box,0.07327715307474136
482,layer3,xgrad_cam,Aortic enlargement,iou,0.12247474491596222
482,layer3,xgrad_cam,Aortic enlargement,distance,3.3622442560924872
482,layer4,grad_cam,Aortic enlargement,pointing_game,0.0
482,layer4,grad_cam,Aortic enlargement,energy_box,0.046900078654289246
482,layer4,grad_cam,Aortic enlargement,iou,0.12119857221841812
482,layer4,grad_cam,Aortic enlargement,distance,0.9238487372106022
482,layer4,grad_cam_plus_plus,Aortic enlargement,pointing_game,0.0
482,layer4,grad_cam_plus_plus,Aortic enlargement,energy_box,0.03765668720006943
482,layer4,grad_cam_plus_plus,Aortic enlargement,iou,0.08765316009521484
482,layer4,grad_cam_plus_plus,Aortic enlargement,distance,0.9238487372106022
482,layer4,xgrad_cam,Aortic enlargement,pointing_game,0.0
482,layer4,xgrad_cam,Aortic enlargement,energy_box,0.046900078654289246
482,layer4,xgrad_cam,Aortic enlargement,iou,0.12119857221841812
482,layer4,xgrad_cam,Aortic enlargement,distance,0.9238487372106022
482,layer3,grad_cam,Calcification,pointing_game,0.0
482,layer3,grad_cam,Calcification,energy_box,0.005755124147981405
482,layer3,grad_cam,Calcification,iou,0.0
482,layer3,grad_cam,Calcification,distance,6.189172870747205
482,layer3,grad_cam_plus_plus,Calcification,pointing_game,0.0
482,layer3,grad_cam_plus_plus,Calcification,energy_box,0.002980442950502038
482,layer3,grad_cam_plus_plus,Calcification,iou,0.0016205968568101525
482,layer3,grad_cam_plus_plus,Calcification,distance,6.149363460930807
482,layer3,xgrad_cam,Calcification,pointing_game,0.0
482,layer3,xgrad_cam,Calcification,energy_box,0.005150193348526955
482,layer3,xgrad_cam,Calcification,iou,0.0
482,layer3,xgrad_cam,Calcification,distance,1.1650317093724532
482,layer4,grad_cam,Calcification,pointing_game,0.0
482,layer4,grad_cam,Calcification,energy_box,0.0
482,layer4,grad_cam,Calcification,iou,0.0
482,layer4,grad_cam,Calcification,distance,7.121977620428799
482,layer4,grad_cam_plus_plus,Calcification,pointing_game,0.0
482,layer4,grad_cam_plus_plus,Calcification,energy_box,0.0025213886983692646
482,layer4,grad_cam_plus_plus,Calcification,iou,0.0
482,layer4,grad_cam_plus_plus,Calcification,distance,3.864700286764221
482,layer4,xgrad_cam,Calcification,pointing_game,0.0
482,layer4,xgrad_cam,Calcification,energy_box,0.0
482,layer4,xgrad_cam,Calcification,iou,0.0
482,layer4,xgrad_cam,Calcification,distance,7.121977620428799
482,layer3,grad_cam,Cardiomegaly,pointing_game,0.0
482,layer3,grad_cam,Cardiomegaly,energy_box,0.08722180128097534
482,layer3,grad_cam,Cardiomegaly,iou,0.06716641783714294
482,layer3,grad_cam,Cardiomegaly,distance,0.22262040168413263
482,layer3,grad_cam_plus_plus,Cardiomegaly,pointing_game,0.0
482,layer3,grad_cam_plus_plus,Cardiomegaly,energy_box,0.05335548147559166
482,layer3,grad_cam_plus_plus,Cardiomegaly,iou,0.053555749356746674
482,layer3,grad_cam_plus_plus,Cardiomegaly,distance,1.3778115263783082
482,layer3,xgrad_cam,Cardiomegaly,pointing_game,0.0
482,layer3,xgrad_cam,Cardiomegaly,energy_box,0.10076466202735901
482,layer3,xgrad_cam,Cardiomegaly,iou,0.10990206897258759
482,layer3,xgrad_cam,Cardiomegaly,distance,0.2321735392089596
482,layer4,grad_cam,Cardiomegaly,pointing_game,0.0
482,layer4,grad_cam,Cardiomegaly,energy_box,0.14124804735183716
482,layer4,grad_cam,Cardiomegaly,iou,0.20328836143016815
482,layer4,grad_cam,Cardiomegaly,distance,0.3042881339579916
482,layer4,grad_cam_plus_plus,Cardiomegaly,pointing_game,0.0
482,layer4,grad_cam_plus_plus,Cardiomegaly,energy_box,0.10619688034057617
482,layer4,grad_cam_plus_plus,Cardiomegaly,iou,0.21532225608825684
482,layer4,grad_cam_plus_plus,Cardiomegaly,distance,0.3025023562182847
482,layer4,xgrad_cam,Cardiomegaly,pointing_game,0.0
482,layer4,xgrad_cam,Cardiomegaly,energy_box,0.14124801754951477
482,layer4,xgrad_cam,Cardiomegaly,iou,0.20328836143016815
482,layer4,xgrad_cam,Cardiomegaly,distance,0.3042881339579916
482,layer3,grad_cam,Other lesion,pointing_game,0.0
482,layer3,grad_cam,Other lesion,energy_box,0.07320810109376907
482,layer3,grad_cam,Other lesion,iou,0.05823003873229027
482,layer3,grad_cam,Other lesion,distance,0.437084819950064
482,layer3,grad_cam_plus_plus,Other lesion,pointing_game,0.0
482,layer3,grad_cam_plus_plus,Other lesion,energy_box,0.07189174741506577
482,layer3,grad_cam_plus_plus,Other lesion,iou,0.07185646891593933
482,layer3,grad_cam_plus_plus,Other lesion,distance,0.4311633331774731
482,layer3,xgrad_cam,Other lesion,pointing_game,0.0
482,layer3,xgrad_cam,Other lesion,energy_box,0.08528260886669159
482,layer3,xgrad_cam,Other lesion,iou,0.04509701207280159
482,layer3,xgrad_cam,Other lesion,distance,0.437084819950064
482,layer4,grad_cam,Other lesion,pointing_game,0.0
482,layer4,grad_cam,Other lesion,energy_box,0.11402996629476547
482,layer4,grad_cam,Other lesion,iou,0.02774008736014366
482,layer4,grad_cam,Other lesion,distance,0.5153197656822337
482,layer4,grad_cam_plus_plus,Other lesion,pointing_game,0.0
482,layer4,grad_cam_plus_plus,Other lesion,energy_box,0.07594837993383408
482,layer4,grad_cam_plus_plus,Other lesion,iou,0.07902447879314423
482,layer4,grad_cam_plus_plus,Other lesion,distance,0.3893941710836475
482,layer4,xgrad_cam,Other lesion,pointing_game,0.0
482,layer4,xgrad_cam,Other lesion,energy_box,0.11402993649244308
482,layer4,xgrad_cam,Other lesion,iou,0.02774008736014366
482,layer4,xgrad_cam,Other lesion,distance,0.5153197656822337
482,layer3,grad_cam,Pleural thickening,pointing_game,0.0
482,layer3,grad_cam,Pleural thickening,energy_box,0.012144779786467552
482,layer3,grad_cam,Pleural thickening,iou,0.0
482,layer3,grad_cam,Pleural thickening,distance,2.1751947815833512
482,layer3,grad_cam_plus_plus,Pleural thickening,pointing_game,0.0
482,layer3,grad_cam_plus_plus,Pleural thickening,energy_box,0.009689846076071262
482,layer3,grad_cam_plus_plus,Pleural thickening,iou,0.008995664305984974
482,layer3,grad_cam_plus_plus,Pleural thickening,distance,3.596195545321413
482,layer3,xgrad_cam,Pleural thickening,pointing_game,0.0
482,layer3,xgrad_cam,Pleural thickening,energy_box,0.011003510095179081
482,layer3,xgrad_cam,Pleural thickening,iou,0.0
482,layer3,xgrad_cam,Pleural thickening,distance,2.1751947815833512
482,layer4,grad_cam,Pleural thickening,pointing_game,0.0
482,layer4,grad_cam,Pleural thickening,energy_box,0.01066586747765541
482,layer4,grad_cam,Pleural thickening,iou,0.0
482,layer4,grad_cam,Pleural thickening,distance,2.11590098627173
482,layer4,grad_cam_plus_plus,Pleural thickening,pointing_game,0.0
482,layer4,grad_cam_plus_plus,Pleural thickening,energy_box,0.00942600704729557
482,layer4,grad_cam_plus_plus,Pleural thickening,iou,0.0
482,layer4,grad_cam_plus_plus,Pleural thickening,distance,1.9276812767237719
482,layer4,xgrad_cam,Pleural thickening,pointing_game,0.0
482,layer4,xgrad_cam,Pleural thickening,energy_box,0.010665865615010262
482,layer4,xgrad_cam,Pleural thickening,iou,0.0
482,layer4,xgrad_cam,Pleural thickening,distance,2.11590098627173
482,layer3,grad_cam,Pulmonary fibrosis,pointing_game,0.0
482,layer3,grad_cam,Pulmonary fibrosis,energy_box,0.010749656707048416
482,layer3,grad_cam,Pulmonary fibrosis,iou,0.0031907178927212954
482,layer3,grad_cam,Pulmonary fibrosis,distance,4.377236224713656
482,layer3,grad_cam_plus_plus,Pulmonary fibrosis,pointing_game,0.0
482,layer3,grad_cam_plus_plus,Pulmonary fibrosis,energy_box,0.0062563479878008366
482,layer3,grad_cam_plus_plus,Pulmonary fibrosis,iou,0.0032330488320440054
482,layer3,grad_cam_plus_plus,Pulmonary fibrosis,distance,6.3515881141219355
482,layer3,xgrad_cam,Pulmonary fibrosis,pointing_game,0.0
482,layer3,xgrad_cam,Pulmonary fibrosis,energy_box,0.018762633204460144
482,layer3,xgrad_cam,Pulmonary fibrosis,iou,0.01145374495536089
482,layer3,xgrad_cam,Pulmonary fibrosis,distance,0.8162208359848994
482,layer4,grad_cam,Pulmonary fibrosis,pointing_game,0.0
482,layer4,grad_cam,Pulmonary fibrosis,energy_box,0.021143227815628052
482,layer4,grad_cam,Pulmonary fibrosis,iou,0.022246941924095154
482,layer4,grad_cam,Pulmonary fibrosis,distance,1.1412447688393026
482,layer4,grad_cam_plus_plus,Pulmonary fibrosis,pointing_game,0.0
482,layer4,grad_cam_plus_plus,Pulmonary fibrosis,energy_box,0.010786300525069237
482,layer4,grad_cam_plus_plus,Pulmonary fibrosis,iou,0.01984609104692936
482,layer4,grad_cam_plus_plus,Pulmonary fibrosis,distance,3.6746590685668825
482,layer4,xgrad_cam,Pulmonary fibrosis,pointing_game,0.0
482,layer4,xgrad_cam,Pulmonary fibrosis,energy_box,0.0211432296782732
482,layer4,xgrad_cam,Pulmonary fibrosis,iou,0.022246941924095154
482,layer4,xgrad_cam,Pulmonary fibrosis,distance,1.1412447688393026
483,layer3,grad_cam,No finding,entropy,14.291608810424805
483,layer3,grad_cam,No finding,top_1pct,0.06939081847667694
483,layer3,grad_cam_plus_plus,No finding,entropy,15.578125953674316
483,layer3,grad_cam_plus_plus,No finding,top_1pct,0.018443671986460686
483,layer3,xgrad_cam,No finding,entropy,15.054100036621094
483,layer3,xgrad_cam,No finding,top_1pct,0.038146037608385086
483,layer4,grad_cam,No finding,entropy,14.482762336730957
483,layer4,grad_cam,No finding,top_1pct,0.04979095235466957
483,layer4,grad_cam_plus_plus,No finding,entropy,14.848714828491211
483,layer4,grad_cam_plus_plus,No finding,top_1pct,0.041997116059064865
483,layer4,xgrad_cam,No finding,entropy,14.482762336730957
483,layer4,xgrad_cam,No finding,top_1pct,0.04979095235466957
484,layer3,grad_cam,No finding,entropy,14.935906410217285
484,layer3,grad_cam,No finding,top_1pct,0.04094759002327919
484,layer3,grad_cam_plus_plus,No finding,entropy,15.587696075439453
484,layer3,grad_cam_plus_plus,No finding,top_1pct,0.017386622726917267
484,layer3,xgrad_cam,No finding,entropy,15.159612655639648
484,layer3,xgrad_cam,No finding,top_1pct,0.0349695198237896
484,layer4,grad_cam,No finding,entropy,15.029258728027344
484,layer4,grad_cam,No finding,top_1pct,0.03450658917427063
484,layer4,grad_cam_plus_plus,No finding,entropy,15.22437858581543
484,layer4,grad_cam_plus_plus,No finding,top_1pct,0.0301899965852499
484,layer4,xgrad_cam,No finding,entropy,15.02925968170166
484,layer4,xgrad_cam,No finding,top_1pct,0.03450658917427063
485,layer3,grad_cam,No finding,entropy,15.021442413330078
485,layer3,grad_cam,No finding,top_1pct,0.04067305475473404
485,layer3,grad_cam_plus_plus,No finding,entropy,15.582267761230469
485,layer3,grad_cam_plus_plus,No finding,top_1pct,0.016679847612977028
485,layer3,xgrad_cam,No finding,entropy,14.800664901733398
485,layer3,xgrad_cam,No finding,top_1pct,0.05244237929582596
485,layer4,grad_cam,No finding,entropy,14.209379196166992
485,layer4,grad_cam,No finding,top_1pct,0.057513829320669174
485,layer4,grad_cam_plus_plus,No finding,entropy,14.750320434570312
485,layer4,grad_cam_plus_plus,No finding,top_1pct,0.04704056307673454
485,layer4,xgrad_cam,No finding,entropy,14.20937728881836
485,layer4,xgrad_cam,No finding,top_1pct,0.057513829320669174
486,layer3,grad_cam,No finding,entropy,14.911218643188477
486,layer3,grad_cam,No finding,top_1pct,0.0453089103102684
486,layer3,grad_cam_plus_plus,No finding,entropy,15.590587615966797
486,layer3,grad_cam_plus_plus,No finding,top_1pct,0.01687268540263176
486,layer3,xgrad_cam,No finding,entropy,15.066482543945312
486,layer3,xgrad_cam,No finding,top_1pct,0.04056753218173981
486,layer4,grad_cam,No finding,entropy,14.807764053344727
486,layer4,grad_cam,No finding,top_1pct,0.03654346987605095
486,layer4,grad_cam_plus_plus,No finding,entropy,15.098907470703125
486,layer4,grad_cam_plus_plus,No finding,top_1pct,0.031243624165654182
486,layer4,xgrad_cam,No finding,entropy,14.807764053344727
486,layer4,xgrad_cam,No finding,top_1pct,0.03654346615076065
487,layer3,grad_cam,No finding,entropy,14.756595611572266
487,layer3,grad_cam,No finding,top_1pct,0.05477163568139076
487,layer3,grad_cam_plus_plus,No finding,entropy,15.587076187133789
487,layer3,grad_cam_plus_plus,No finding,top_1pct,0.017821427434682846
487,layer3,xgrad_cam,No finding,entropy,14.969404220581055
487,layer3,xgrad_cam,No finding,top_1pct,0.0492306649684906
487,layer4,grad_cam,No finding,entropy,14.822226524353027
487,layer4,grad_cam,No finding,top_1pct,0.04011163115501404
487,layer4,grad_cam_plus_plus,No finding,entropy,15.061005592346191
487,layer4,grad_cam_plus_plus,No finding,top_1pct,0.03516613692045212
487,layer4,xgrad_cam,No finding,entropy,14.822225570678711
487,layer4,xgrad_cam,No finding,top_1pct,0.04011163115501404
488,layer3,grad_cam,Pulmonary fibrosis,pointing_game,0.0
488,layer3,grad_cam,Pulmonary fibrosis,energy_box,0.0032537109218537807
488,layer3,grad_cam,Pulmonary fibrosis,iou,0.0
488,layer3,grad_cam,Pulmonary fibrosis,distance,5.783139157841772
488,layer3,grad_cam_plus_plus,Pulmonary fibrosis,pointing_game,0.0
488,layer3,grad_cam_plus_plus,Pulmonary fibrosis,energy_box,0.00801444798707962
488,layer3,grad_cam_plus_plus,Pulmonary fibrosis,iou,0.0
488,layer3,grad_cam_plus_plus,Pulmonary fibrosis,distance,2.8450826684841704
488,layer3,xgrad_cam,Pulmonary fibrosis,pointing_game,0.0
488,layer3,xgrad_cam,Pulmonary fibrosis,energy_box,0.005287630949169397
488,layer3,xgrad_cam,Pulmonary fibrosis,iou,0.0
488,layer3,xgrad_cam,Pulmonary fibrosis,distance,4.068583664263625
488,layer4,grad_cam,Pulmonary fibrosis,pointing_game,0.0
488,layer4,grad_cam,Pulmonary fibrosis,energy_box,0.004207313060760498
488,layer4,grad_cam,Pulmonary fibrosis,iou,0.0
488,layer4,grad_cam,Pulmonary fibrosis,distance,2.4023962681695203
488,layer4,grad_cam_plus_plus,Pulmonary fibrosis,pointing_game,0.0
488,layer4,grad_cam_plus_plus,Pulmonary fibrosis,energy_box,0.015232356265187263
488,layer4,grad_cam_plus_plus,Pulmonary fibrosis,iou,0.01937984488904476
488,layer4,grad_cam_plus_plus,Pulmonary fibrosis,distance,1.4663272903111593
488,layer4,xgrad_cam,Pulmonary fibrosis,pointing_game,0.0
488,layer4,xgrad_cam,Pulmonary fibrosis,energy_box,0.004207315854728222
488,layer4,xgrad_cam,Pulmonary fibrosis,iou,0.0
488,layer4,xgrad_cam,Pulmonary fibrosis,distance,2.4023962681695203
489,layer3,grad_cam,No finding,entropy,14.581672668457031
489,layer3,grad_cam,No finding,top_1pct,0.07428568601608276
489,layer3,grad_cam_plus_plus,No finding,entropy,15.579668045043945
489,layer3,grad_cam_plus_plus,No finding,top_1pct,0.017194900661706924
489,layer3,xgrad_cam,No finding,entropy,14.756258010864258
489,layer3,xgrad_cam,No finding,top_1pct,0.07449985295534134
489,layer4,grad_cam,No finding,entropy,14.320388793945312
489,layer4,grad_cam,No finding,top_1pct,0.054268818348646164
489,layer4,grad_cam_plus_plus,No finding,entropy,14.794413566589355
489,layer4,grad_cam_plus_plus,No finding,top_1pct,0.044919077306985855
489,layer4,xgrad_cam,No finding,entropy,14.320388793945312
489,layer4,xgrad_cam,No finding,top_1pct,0.054268818348646164
490,layer3,grad_cam,Aortic enlargement,pointing_game,0.0
490,layer3,grad_cam,Aortic enlargement,energy_box,0.03093261644244194
490,layer3,grad_cam,Aortic enlargement,iou,0.0
490,layer3,grad_cam,Aortic enlargement,distance,1.4528263324312687
490,layer3,grad_cam_plus_plus,Aortic enlargement,pointing_game,0.0
490,layer3,grad_cam_plus_plus,Aortic enlargement,energy_box,0.024579834192991257
490,layer3,grad_cam_plus_plus,Aortic enlargement,iou,0.014621652662754059
490,layer3,grad_cam_plus_plus,Aortic enlargement,distance,2.7310416935910338
490,layer3,xgrad_cam,Aortic enlargement,pointing_game,0.0
490,layer3,xgrad_cam,Aortic enlargement,energy_box,0.03851770609617233
490,layer3,xgrad_cam,Aortic enlargement,iou,0.00514579750597477
490,layer3,xgrad_cam,Aortic enlargement,distance,2.552849560430242
490,layer4,grad_cam,Aortic enlargement,pointing_game,1.0
490,layer4,grad_cam,Aortic enlargement,energy_box,0.05822024121880531
490,layer4,grad_cam,Aortic enlargement,iou,0.12823796272277832
490,layer4,grad_cam,Aortic enlargement,distance,0.2871188781555033
490,layer4,grad_cam_plus_plus,Aortic enlargement,pointing_game,0.0
490,layer4,grad_cam_plus_plus,Aortic enlargement,energy_box,0.050629373639822006
490,layer4,grad_cam_plus_plus,Aortic enlargement,iou,0.08602150529623032
490,layer4,grad_cam_plus_plus,Aortic enlargement,distance,0.8073946164543842
490,layer4,xgrad_cam,Aortic enlargement,pointing_game,1.0
490,layer4,xgrad_cam,Aortic enlargement,energy_box,0.05822024494409561
490,layer4,xgrad_cam,Aortic enlargement,iou,0.12823796272277832
490,layer4,xgrad_cam,Aortic enlargement,distance,0.2871188781555033
490,layer3,grad_cam,Cardiomegaly,pointing_game,0.0
490,layer3,grad_cam,Cardiomegaly,energy_box,0.10312986373901367
490,layer3,grad_cam,Cardiomegaly,iou,0.11173469573259354
490,layer3,grad_cam,Cardiomegaly,distance,1.5098299725195492
490,layer3,grad_cam_plus_plus,Cardiomegaly,pointing_game,0.0
490,layer3,grad_cam_plus_plus,Cardiomegaly,energy_box,0.0618385449051857
490,layer3,grad_cam_plus_plus,Cardiomegaly,iou,0.05616195499897003
490,layer3,grad_cam_plus_plus,Cardiomegaly,distance,1.5098299725195492
490,layer3,xgrad_cam,Cardiomegaly,pointing_game,0.0
490,layer3,xgrad_cam,Cardiomegaly,energy_box,0.11842011660337448
490,layer3,xgrad_cam,Cardiomegaly,iou,0.23369908332824707
490,layer3,xgrad_cam,Cardiomegaly,distance,1.5098299725195492
490,layer4,grad_cam,Cardiomegaly,pointing_game,0.0
490,layer4,grad_cam,Cardiomegaly,energy_box,0.15313437581062317
490,layer4,grad_cam,Cardiomegaly,iou,0.28828519582748413
490,layer4,grad_cam,Cardiomegaly,distance,0.24709934964545316
490,layer4,grad_cam_plus_plus,Cardiomegaly,pointing_game,0.0
490,layer4,grad_cam_plus_plus,Cardiomegaly,energy_box,0.1085716113448143
490,layer4,grad_cam_plus_plus,Cardiomegaly,iou,0.2596920430660248
490,layer4,grad_cam_plus_plus,Cardiomegaly,distance,0.24709934964545316
490,layer4,xgrad_cam,Cardiomegaly,pointing_game,0.0
490,layer4,xgrad_cam,Cardiomegaly,energy_box,0.15313436090946198
490,layer4,xgrad_cam,Cardiomegaly,iou,0.28828519582748413
490,layer4,xgrad_cam,Cardiomegaly,distance,0.24709934964545316
490,layer3,grad_cam,Other lesion,pointing_game,0.0
490,layer3,grad_cam,Other lesion,energy_box,0.03932521119713783
490,layer3,grad_cam,Other lesion,iou,0.041537508368492126
490,layer3,grad_cam,Other lesion,distance,0.9613746518610955
490,layer3,grad_cam_plus_plus,Other lesion,pointing_game,0.0
490,layer3,grad_cam_plus_plus,Other lesion,energy_box,0.03191087767481804
490,layer3,grad_cam_plus_plus,Other lesion,iou,0.026545872911810875
490,layer3,grad_cam_plus_plus,Other lesion,distance,1.6719250286906213
490,layer3,xgrad_cam,Other lesion,pointing_game,0.0
490,layer3,xgrad_cam,Other lesion,energy_box,0.04053863137960434
490,layer3,xgrad_cam,Other lesion,iou,0.016144171357154846
490,layer3,xgrad_cam,Other lesion,distance,1.8140946732816736
490,layer4,grad_cam,Other lesion,pointing_game,0.0
490,layer4,grad_cam,Other lesion,energy_box,0.0031664040870964527
490,layer4,grad_cam,Other lesion,iou,0.0
490,layer4,grad_cam,Other lesion,distance,2.2419489266950605
490,layer4,grad_cam_plus_plus,Other lesion,pointing_game,0.0
490,layer4,grad_cam_plus_plus,Other lesion,energy_box,0.04046175256371498
490,layer4,grad_cam_plus_plus,Other lesion,iou,0.05592795088887215
490,layer4,grad_cam_plus_plus,Other lesion,distance,0.8076733905915047
490,layer4,xgrad_cam,Other lesion,pointing_game,0.0
490,layer4,xgrad_cam,Other lesion,energy_box,0.00316640711389482
490,layer4,xgrad_cam,Other lesion,iou,0.0
490,layer4,xgrad_cam,Other lesion,distance,2.2419489266950605
490,layer3,grad_cam,Pleural effusion,pointing_game,0.0
490,layer3,grad_cam,Pleural effusion,energy_box,0.004177120979875326
490,layer3,grad_cam,Pleural effusion,iou,0.0
490,layer3,grad_cam,Pleural effusion,distance,0.8428677822147929
490,layer3,grad_cam_plus_plus,Pleural effusion,pointing_game,0.0
490,layer3,grad_cam_plus_plus,Pleural effusion,energy_box,0.008485274389386177
490,layer3,grad_cam_plus_plus,Pleural effusion,iou,0.011892028152942657
490,layer3,grad_cam_plus_plus,Pleural effusion,distance,3.2687303246603787
490,layer3,xgrad_cam,Pleural effusion,pointing_game,0.0
490,layer3,xgrad_cam,Pleural effusion,energy_box,0.0034420029260218143
490,layer3,xgrad_cam,Pleural effusion,iou,0.0003900662995874882
490,layer3,xgrad_cam,Pleural effusion,distance,0.8428677822147929
490,layer4,grad_cam,Pleural effusion,pointing_game,0.0
490,layer4,grad_cam,Pleural effusion,energy_box,0.012410377152264118
490,layer4,grad_cam,Pleural effusion,iou,0.007633587811142206
490,layer4,grad_cam,Pleural effusion,distance,2.296322267374966
490,layer4,grad_cam_plus_plus,Pleural effusion,pointing_game,0.0
490,layer4,grad_cam_plus_plus,Pleural effusion,energy_box,0.005800222046673298
490,layer4,grad_cam_plus_plus,Pleural effusion,iou,0.006150492466986179
490,layer4,grad_cam_plus_plus,Pleural effusion,distance,1.619886753480931
490,layer4,xgrad_cam,Pleural effusion,pointing_game,0.0
490,layer4,xgrad_cam,Pleural effusion,energy_box,0.012410379014909267
490,layer4,xgrad_cam,Pleural effusion,iou,0.007633587811142206
490,layer4,xgrad_cam,Pleural effusion,distance,2.296322267374966
490,layer3,grad_cam,Pleural thickening,pointing_game,0.0
490,layer3,grad_cam,Pleural thickening,energy_box,0.02575739286839962
490,layer3,grad_cam,Pleural thickening,iou,0.06019700691103935
490,layer3,grad_cam,Pleural thickening,distance,2.425550651702316
490,layer3,grad_cam_plus_plus,Pleural thickening,pointing_game,0.0
490,layer3,grad_cam_plus_plus,Pleural thickening,energy_box,0.009770706295967102
490,layer3,grad_cam_plus_plus,Pleural thickening,iou,0.014847984537482262
490,layer3,grad_cam_plus_plus,Pleural thickening,distance,2.245232525042081
490,layer3,xgrad_cam,Pleural thickening,pointing_game,0.0
490,layer3,xgrad_cam,Pleural thickening,energy_box,0.02400360442698002
490,layer3,xgrad_cam,Pleural thickening,iou,0.06004804000258446
490,layer3,xgrad_cam,Pleural thickening,distance,2.425550651702316
490,layer4,grad_cam,Pleural thickening,pointing_game,0.0
490,layer4,grad_cam,Pleural thickening,energy_box,0.02410452626645565
490,layer4,grad_cam,Pleural thickening,iou,0.04539995267987251
490,layer4,grad_cam,Pleural thickening,distance,1.250468370585731
490,layer4,grad_cam_plus_plus,Pleural thickening,pointing_game,0.0
490,layer4,grad_cam_plus_plus,Pleural thickening,energy_box,0.009010941721498966
490,layer4,grad_cam_plus_plus,Pleural thickening,iou,0.019618602469563484
490,layer4,grad_cam_plus_plus,Pleural thickening,distance,1.619886753480931
490,layer4,xgrad_cam,Pleural thickening,pointing_game,0.0
490,layer4,xgrad_cam,Pleural thickening,energy_box,0.02410452626645565
490,layer4,xgrad_cam,Pleural thickening,iou,0.04539995267987251
490,layer4,xgrad_cam,Pleural thickening,distance,1.250468370585731
491,layer3,grad_cam,No finding,entropy,14.99727725982666
491,layer3,grad_cam,No finding,top_1pct,0.038903530687093735
491,layer3,grad_cam_plus_plus,No finding,entropy,15.582944869995117
491,layer3,grad_cam_plus_plus,No finding,top_1pct,0.020581655204296112
491,layer3,xgrad_cam,No finding,entropy,14.8839111328125
491,layer3,xgrad_cam,No finding,top_1pct,0.045413244515657425
491,layer4,grad_cam,No finding,entropy,14.390628814697266
491,layer4,grad_cam,No finding,top_1pct,0.05480876564979553
491,layer4,grad_cam_plus_plus,No finding,entropy,15.181571960449219
491,layer4,grad_cam_plus_plus,No finding,top_1pct,0.03478977829217911
491,layer4,xgrad_cam,No finding,entropy,14.39062786102295
491,layer4,xgrad_cam,No finding,top_1pct,0.05480876564979553
492,layer3,grad_cam,No finding,entropy,14.710064888000488
492,layer3,grad_cam,No finding,top_1pct,0.04941302537918091
492,layer3,grad_cam_plus_plus,No finding,entropy,15.588848114013672
492,layer3,grad_cam_plus_plus,No finding,top_1pct,0.0163852758705616
492,layer3,xgrad_cam,No finding,entropy,14.894457817077637
492,layer3,xgrad_cam,No finding,top_1pct,0.042429473251104355
492,layer4,grad_cam,No finding,entropy,14.76962661743164
492,layer4,grad_cam,No finding,top_1pct,0.04164162278175354
492,layer4,grad_cam_plus_plus,No finding,entropy,15.114053726196289
492,layer4,grad_cam_plus_plus,No finding,top_1pct,0.03445129841566086
492,layer4,xgrad_cam,No finding,entropy,14.769627571105957
492,layer4,xgrad_cam,No finding,top_1pct,0.04164162278175354
493,layer3,grad_cam,No finding,entropy,15.109644889831543
493,layer3,grad_cam,No finding,top_1pct,0.03305288776755333
493,layer3,grad_cam_plus_plus,No finding,entropy,15.425037384033203
493,layer3,grad_cam_plus_plus,No finding,top_1pct,0.04710398614406586
493,layer3,xgrad_cam,No finding,entropy,14.760828018188477
493,layer3,xgrad_cam,No finding,top_1pct,0.09326884895563126
493,layer4,grad_cam,No finding,entropy,14.242828369140625
493,layer4,grad_cam,No finding,top_1pct,0.052878595888614655
493,layer4,grad_cam_plus_plus,No finding,entropy,14.626877784729004
493,layer4,grad_cam_plus_plus,No finding,top_1pct,0.045641183853149414
493,layer4,xgrad_cam,No finding,entropy,14.242828369140625
493,layer4,xgrad_cam,No finding,top_1pct,0.052878595888614655
494,layer3,grad_cam,No finding,entropy,14.654268264770508
494,layer3,grad_cam,No finding,top_1pct,0.05725490674376488
494,layer3,grad_cam_plus_plus,No finding,entropy,15.581113815307617
494,layer3,grad_cam_plus_plus,No finding,top_1pct,0.01731422357261181
494,layer3,xgrad_cam,No finding,entropy,15.15480899810791
494,layer3,xgrad_cam,No finding,top_1pct,0.05360572412610054
494,layer4,grad_cam,No finding,entropy,15.018857955932617
494,layer4,grad_cam,No finding,top_1pct,0.030916333198547363
494,layer4,grad_cam_plus_plus,No finding,entropy,15.129013061523438
494,layer4,grad_cam_plus_plus,No finding,top_1pct,0.029052838683128357
494,layer4,xgrad_cam,No finding,entropy,15.01885986328125
494,layer4,xgrad_cam,No finding,top_1pct,0.030916335061192513
495,layer3,grad_cam,No finding,entropy,15.079472541809082
495,layer3,grad_cam,No finding,top_1pct,0.043909113854169846
495,layer3,grad_cam_plus_plus,No finding,entropy,15.586639404296875
495,layer3,grad_cam_plus_plus,No finding,top_1pct,0.019612563773989677
495,layer3,xgrad_cam,No finding,entropy,15.21830940246582
495,layer3,xgrad_cam,No finding,top_1pct,0.03984267637133598
495,layer4,grad_cam,No finding,entropy,14.831132888793945
495,layer4,grad_cam,No finding,top_1pct,0.03510316461324692
495,layer4,grad_cam_plus_plus,No finding,entropy,15.067740440368652
495,layer4,grad_cam_plus_plus,No finding,top_1pct,0.032203469425439835
495,layer4,xgrad_cam,No finding,entropy,14.831132888793945
495,layer4,xgrad_cam,No finding,top_1pct,0.03510316088795662
496,layer3,grad_cam,No finding,entropy,15.02890396118164
496,layer3,grad_cam,No finding,top_1pct,0.04388471692800522
496,layer3,grad_cam_plus_plus,No finding,entropy,15.579472541809082
496,layer3,grad_cam_plus_plus,No finding,top_1pct,0.020896820351481438
496,layer3,xgrad_cam,No finding,entropy,15.152641296386719
496,layer3,xgrad_cam,No finding,top_1pct,0.04237282648682594
496,layer4,grad_cam,No finding,entropy,14.730764389038086
496,layer4,grad_cam,No finding,top_1pct,0.03977697342634201
496,layer4,grad_cam_plus_plus,No finding,entropy,15.04733943939209
496,layer4,grad_cam_plus_plus,No finding,top_1pct,0.03431566059589386
496,layer4,xgrad_cam,No finding,entropy,14.730764389038086
496,layer4,xgrad_cam,No finding,top_1pct,0.03977697342634201
497,layer3,grad_cam,Aortic enlargement,pointing_game,0.0
497,layer3,grad_cam,Aortic enlargement,energy_box,0.09778131544589996
497,layer3,grad_cam,Aortic enlargement,iou,0.19154930114746094
497,layer3,grad_cam,Aortic enlargement,distance,0.5029915217552019
497,layer3,grad_cam_plus_plus,Aortic enlargement,pointing_game,0.0
497,layer3,grad_cam_plus_plus,Aortic enlargement,energy_box,0.02446703612804413
497,layer3,grad_cam_plus_plus,Aortic enlargement,iou,0.05814237892627716
497,layer3,grad_cam_plus_plus,Aortic enlargement,distance,2.4158985561354327
497,layer3,xgrad_cam,Aortic enlargement,pointing_game,0.0
497,layer3,xgrad_cam,Aortic enlargement,energy_box,0.09890671074390411
497,layer3,xgrad_cam,Aortic enlargement,iou,0.1794554442167282
497,layer3,xgrad_cam,Aortic enlargement,distance,2.0124569682895257
497,layer4,grad_cam,Aortic enlargement,pointing_game,0.0
497,layer4,grad_cam,Aortic enlargement,energy_box,0.03795098140835762
497,layer4,grad_cam,Aortic enlargement,iou,0.11502145975828171
497,layer4,grad_cam,Aortic enlargement,distance,0.5196426469219106
497,layer4,grad_cam_plus_plus,Aortic enlargement,pointing_game,0.0
497,layer4,grad_cam_plus_plus,Aortic enlargement,energy_box,0.030445847660303116
497,layer4,grad_cam_plus_plus,Aortic enlargement,iou,0.09067598730325699
497,layer4,grad_cam_plus_plus,Aortic enlargement,distance,1.4939820517643123
497,layer4,xgrad_cam,Aortic enlargement,pointing_game,0.0
497,layer4,xgrad_cam,Aortic enlargement,energy_box,0.03795098513364792
497,layer4,xgrad_cam,Aortic enlargement,iou,0.11502145975828171
497,layer4,xgrad_cam,Aortic enlargement,distance,0.5196426469219106
497,layer3,grad_cam,Cardiomegaly,pointing_game,0.0
497,layer3,grad_cam,Cardiomegaly,energy_box,0.15861572325229645
497,layer3,grad_cam,Cardiomegaly,iou,0.09900588542222977
497,layer3,grad_cam,Cardiomegaly,distance,0.23716008267941543
497,layer3,grad_cam_plus_plus,Cardiomegaly,pointing_game,0.0
497,layer3,grad_cam_plus_plus,Cardiomegaly,energy_box,0.07306469976902008
497,layer3,grad_cam_plus_plus,Cardiomegaly,iou,0.038849156349897385
497,layer3,grad_cam_plus_plus,Cardiomegaly,distance,1.1493219677611142
497,layer3,xgrad_cam,Cardiomegaly,pointing_game,0.0
497,layer3,xgrad_cam,Cardiomegaly,energy_box,0.13968461751937866
497,layer3,xgrad_cam,Cardiomegaly,iou,0.07738380134105682
497,layer3,xgrad_cam,Cardiomegaly,distance,0.2365670962157259
497,layer4,grad_cam,Cardiomegaly,pointing_game,1.0
497,layer4,grad_cam,Cardiomegaly,energy_box,0.20377305150032043
497,layer4,grad_cam,Cardiomegaly,iou,0.31625789403915405
497,layer4,grad_cam,Cardiomegaly,distance,0.08579507735408479
497,layer4,grad_cam_plus_plus,Cardiomegaly,pointing_game,1.0
497,layer4,grad_cam_plus_plus,Cardiomegaly,energy_box,0.1920744925737381
497,layer4,grad_cam_plus_plus,Cardiomegaly,iou,0.398185670375824
497,layer4,grad_cam_plus_plus,Cardiomegaly,distance,0.09696882763031373
497,layer4,xgrad_cam,Cardiomegaly,pointing_game,1.0
497,layer4,xgrad_cam,Cardiomegaly,energy_box,0.20377305150032043
497,layer4,xgrad_cam,Cardiomegaly,iou,0.31625789403915405
497,layer4,xgrad_cam,Cardiomegaly,distance,0.08579507735408479
497,layer3,grad_cam,Other lesion,pointing_game,0.0
497,layer3,grad_cam,Other lesion,energy_box,0.05262252688407898
497,layer3,grad_cam,Other lesion,iou,0.017377812415361404
497,layer3,grad_cam,Other lesion,distance,0.4242685029749651
497,layer3,grad_cam_plus_plus,Other lesion,pointing_game,0.0
497,layer3,grad_cam_plus_plus,Other lesion,energy_box,0.031381260603666306
497,layer3,grad_cam_plus_plus,Other lesion,iou,0.0416109561920166
497,layer3,grad_cam_plus_plus,Other lesion,distance,1.2596228282072803
497,layer3,xgrad_cam,Other lesion,pointing_game,0.0
497,layer3,xgrad_cam,Other lesion,energy_box,0.052664678543806076
497,layer3,xgrad_cam,Other lesion,iou,0.0
497,layer3,xgrad_cam,Other lesion,distance,2.5322291147545064
497,layer4,grad_cam,Other lesion,pointing_game,0.0
497,layer4,grad_cam,Other lesion,energy_box,0.0
497,layer4,grad_cam,Other lesion,iou,0.0
497,layer4,grad_cam,Other lesion,distance,2.0829775781671707
497,layer4,grad_cam_plus_plus,Other lesion,pointing_game,0.0
497,layer4,grad_cam_plus_plus,Other lesion,energy_box,0.03916517272591591
497,layer4,grad_cam_plus_plus,Other lesion,iou,0.05630812421441078
497,layer4,grad_cam_plus_plus,Other lesion,distance,1.1357399586505508
497,layer4,xgrad_cam,Other lesion,pointing_game,0.0
497,layer4,xgrad_cam,Other lesion,energy_box,0.0
497,layer4,xgrad_cam,Other lesion,iou,0.0
497,layer4,xgrad_cam,Other lesion,distance,2.0829775781671707
497,layer3,grad_cam,Pleural effusion,pointing_game,0.0
497,layer3,grad_cam,Pleural effusion,energy_box,7.601245306432247e-05
497,layer3,grad_cam,Pleural effusion,iou,0.0
497,layer3,grad_cam,Pleural effusion,distance,6.078886440159368
497,layer3,grad_cam_plus_plus,Pleural effusion,pointing_game,0.0
497,layer3,grad_cam_plus_plus,Pleural effusion,energy_box,0.008079699240624905
497,layer3,grad_cam_plus_plus,Pleural effusion,iou,0.005131793674081564
497,layer3,grad_cam_plus_plus,Pleural effusion,distance,5.6397752041179805
497,layer3,xgrad_cam,Pleural effusion,pointing_game,0.0
497,layer3,xgrad_cam,Pleural effusion,energy_box,0.0
497,layer3,xgrad_cam,Pleural effusion,iou,0.0
497,layer3,xgrad_cam,Pleural effusion,distance,4.40901155121709
497,layer4,grad_cam,Pleural effusion,pointing_game,0.0
497,layer4,grad_cam,Pleural effusion,energy_box,0.0
497,layer4,grad_cam,Pleural effusion,iou,0.0
497,layer4,grad_cam,Pleural effusion,distance,5.5135100129614525
497,layer4,grad_cam_plus_plus,Pleural effusion,pointing_game,0.0
497,layer4,grad_cam_plus_plus,Pleural effusion,energy_box,0.003932864870876074
497,layer4,grad_cam_plus_plus,Pleural effusion,iou,0.0
497,layer4,grad_cam_plus_plus,Pleural effusion,distance,5.058001339104181
497,layer4,xgrad_cam,Pleural effusion,pointing_game,0.0
497,layer4,xgrad_cam,Pleural effusion,energy_box,0.0
497,layer4,xgrad_cam,Pleural effusion,iou,0.0
497,layer4,xgrad_cam,Pleural effusion,distance,5.5135100129614525
497,layer3,grad_cam,Pleural thickening,pointing_game,0.0
497,layer3,grad_cam,Pleural thickening,energy_box,0.013300329446792603
497,layer3,grad_cam,Pleural thickening,iou,0.0
497,layer3,grad_cam,Pleural thickening,distance,6.078226913553327
497,layer3,grad_cam_plus_plus,Pleural thickening,pointing_game,0.0
497,layer3,grad_cam_plus_plus,Pleural thickening,energy_box,0.008344626054167747
497,layer3,grad_cam_plus_plus,Pleural thickening,iou,0.000731997424736619
497,layer3,grad_cam_plus_plus,Pleural thickening,distance,6.078226913553327
497,layer3,xgrad_cam,Pleural thickening,pointing_game,0.0
497,layer3,xgrad_cam,Pleural thickening,energy_box,0.019709408283233643
497,layer3,xgrad_cam,Pleural thickening,iou,0.0
497,layer3,xgrad_cam,Pleural thickening,distance,2.3866602017689513
497,layer4,grad_cam,Pleural thickening,pointing_game,0.0
497,layer4,grad_cam,Pleural thickening,energy_box,0.0
497,layer4,grad_cam,Pleural thickening,iou,0.0
497,layer4,grad_cam,Pleural thickening,distance,2.1439005601792225
497,layer4,grad_cam_plus_plus,Pleural thickening,pointing_game,0.0
497,layer4,grad_cam_plus_plus,Pleural thickening,energy_box,0.007129949517548084
497,layer4,grad_cam_plus_plus,Pleural thickening,iou,0.0
497,layer4,grad_cam_plus_plus,Pleural thickening,distance,4.011383022644481
497,layer4,xgrad_cam,Pleural thickening,pointing_game,0.0
497,layer4,xgrad_cam,Pleural thickening,energy_box,0.0
497,layer4,xgrad_cam,Pleural thickening,iou,0.0
497,layer4,xgrad_cam,Pleural thickening,distance,2.1439005601792225
498,layer3,grad_cam,Aortic enlargement,pointing_game,0.0
498,layer3,grad_cam,Aortic enlargement,energy_box,0.0736684799194336
498,layer3,grad_cam,Aortic enlargement,iou,0.12257592380046844
498,layer3,grad_cam,Aortic enlargement,distance,0.4125851736839089
498,layer3,grad_cam_plus_plus,Aortic enlargement,pointing_game,0.0
498,layer3,grad_cam_plus_plus,Aortic enlargement,energy_box,0.021103033795952797
498,layer3,grad_cam_plus_plus,Aortic enlargement,iou,0.032512396574020386
498,layer3,grad_cam_plus_plus,Aortic enlargement,distance,2.1034489117681243
498,layer3,xgrad_cam,Aortic enlargement,pointing_game,0.0
498,layer3,xgrad_cam,Aortic enlargement,energy_box,0.06830441951751709
498,layer3,xgrad_cam,Aortic enlargement,iou,0.12140672653913498
498,layer3,xgrad_cam,Aortic enlargement,distance,0.4125851736839089
498,layer4,grad_cam,Aortic enlargement,pointing_game,0.0
498,layer4,grad_cam,Aortic enlargement,energy_box,0.04268818721175194
498,layer4,grad_cam,Aortic enlargement,iou,0.08406568318605423
498,layer4,grad_cam,Aortic enlargement,distance,1.2618655978275573
498,layer4,grad_cam_plus_plus,Aortic enlargement,pointing_game,0.0
498,layer4,grad_cam_plus_plus,Aortic enlargement,energy_box,0.03103736974298954
498,layer4,grad_cam_plus_plus,Aortic enlargement,iou,0.061406441032886505
498,layer4,grad_cam_plus_plus,Aortic enlargement,distance,1.859886072776277
498,layer4,xgrad_cam,Aortic enlargement,pointing_game,0.0
498,layer4,xgrad_cam,Aortic enlargement,energy_box,0.04268817976117134
498,layer4,xgrad_cam,Aortic enlargement,iou,0.08406568318605423
498,layer4,xgrad_cam,Aortic enlargement,distance,1.2618655978275573
498,layer3,grad_cam,Pleural thickening,pointing_game,0.0
498,layer3,grad_cam,Pleural thickening,energy_box,0.0060198865830898285
498,layer3,grad_cam,Pleural thickening,iou,0.0
498,layer3,grad_cam,Pleural thickening,distance,2.8595051413812436
498,layer3,grad_cam_plus_plus,Pleural thickening,pointing_game,0.0
498,layer3,grad_cam_plus_plus,Pleural thickening,energy_box,0.005801824852824211
498,layer3,grad_cam_plus_plus,Pleural thickening,iou,0.001967235468327999
498,layer3,grad_cam_plus_plus,Pleural thickening,distance,1.6508839133589654
498,layer3,xgrad_cam,Pleural thickening,pointing_game,0.0
498,layer3,xgrad_cam,Pleural thickening,energy_box,0.005769597366452217
498,layer3,xgrad_cam,Pleural thickening,iou,0.0012924071634188294
498,layer3,xgrad_cam,Pleural thickening,distance,2.9385251862846347
498,layer4,grad_cam,Pleural thickening,pointing_game,0.0
498,layer4,grad_cam,Pleural thickening,energy_box,0.005518757738173008
498,layer4,grad_cam,Pleural thickening,iou,0.0
498,layer4,grad_cam,Pleural thickening,distance,2.8166045307505803
498,layer4,grad_cam_plus_plus,Pleural thickening,pointing_game,0.0
498,layer4,grad_cam_plus_plus,Pleural thickening,energy_box,0.004766311962157488
498,layer4,grad_cam_plus_plus,Pleural thickening,iou,0.0
498,layer4,grad_cam_plus_plus,Pleural thickening,distance,3.3636285548919393
498,layer4,xgrad_cam,Pleural thickening,pointing_game,0.0
498,layer4,xgrad_cam,Pleural thickening,energy_box,0.005518756341189146
498,layer4,xgrad_cam,Pleural thickening,iou,0.0
498,layer4,xgrad_cam,Pleural thickening,distance,2.8166045307505803
499,layer3,grad_cam,Aortic enlargement,pointing_game,0.0
499,layer3,grad_cam,Aortic enlargement,energy_box,0.0
499,layer3,grad_cam,Aortic enlargement,iou,0.0
499,layer3,grad_cam,Aortic enlargement,distance,3.5326647035978116
499,layer3,grad_cam_plus_plus,Aortic enlargement,pointing_game,0.0
499,layer3,grad_cam_plus_plus,Aortic enlargement,energy_box,0.013354811817407608
499,layer3,grad_cam_plus_plus,Aortic enlargement,iou,0.0041239638812839985
499,layer3,grad_cam_plus_plus,Aortic enlargement,distance,2.07635672547754
499,layer3,xgrad_cam,Aortic enlargement,pointing_game,0.0
499,layer3,xgrad_cam,Aortic enlargement,energy_box,0.0
499,layer3,xgrad_cam,Aortic enlargement,iou,0.0
499,layer3,xgrad_cam,Aortic enlargement,distance,1.702415744620488
499,layer4,grad_cam,Aortic enlargement,pointing_game,0.0
499,layer4,grad_cam,Aortic enlargement,energy_box,0.039734385907649994
499,layer4,grad_cam,Aortic enlargement,iou,0.05536535382270813
499,layer4,grad_cam,Aortic enlargement,distance,0.5853810643950268
499,layer4,grad_cam_plus_plus,Aortic enlargement,pointing_game,0.0
499,layer4,grad_cam_plus_plus,Aortic enlargement,energy_box,0.029043706133961678
499,layer4,grad_cam_plus_plus,Aortic enlargement,iou,0.0617654025554657
499,layer4,grad_cam_plus_plus,Aortic enlargement,distance,1.5470899474945854
499,layer4,xgrad_cam,Aortic enlargement,pointing_game,0.0
499,layer4,xgrad_cam,Aortic enlargement,energy_box,0.0397343784570694
499,layer4,xgrad_cam,Aortic enlargement,iou,0.05536535382270813
499,layer4,xgrad_cam,Aortic enlargement,distance,0.5853810643950268
499,layer3,grad_cam,Cardiomegaly,pointing_game,0.0
499,layer3,grad_cam,Cardiomegaly,energy_box,0.041421208530664444
499,layer3,grad_cam,Cardiomegaly,iou,0.010033444501459599
499,layer3,grad_cam,Cardiomegaly,distance,0.9726536280155457
499,layer3,grad_cam_plus_plus,Cardiomegaly,pointing_game,0.0
499,layer3,grad_cam_plus_plus,Cardiomegaly,energy_box,0.040472209453582764
499,layer3,grad_cam_plus_plus,Cardiomegaly,iou,0.03951552137732506
499,layer3,grad_cam_plus_plus,Cardiomegaly,distance,1.342789758394423
499,layer3,xgrad_cam,Cardiomegaly,pointing_game,0.0
499,layer3,xgrad_cam,Cardiomegaly,energy_box,0.04032234847545624
499,layer3,xgrad_cam,Cardiomegaly,iou,0.022130725905299187
499,layer3,xgrad_cam,Cardiomegaly,distance,0.19366299542752072
499,layer4,grad_cam,Cardiomegaly,pointing_game,1.0
499,layer4,grad_cam,Cardiomegaly,energy_box,0.09703747183084488
499,layer4,grad_cam,Cardiomegaly,iou,0.12327851355075836
499,layer4,grad_cam,Cardiomegaly,distance,0.40713371806580134
499,layer4,grad_cam_plus_plus,Cardiomegaly,pointing_game,0.0
499,layer4,grad_cam_plus_plus,Cardiomegaly,energy_box,0.08245807886123657
499,layer4,grad_cam_plus_plus,Cardiomegaly,iou,0.1424022763967514
499,layer4,grad_cam_plus_plus,Cardiomegaly,distance,0.4417359876608304
499,layer4,xgrad_cam,Cardiomegaly,pointing_game,1.0
499,layer4,xgrad_cam,Cardiomegaly,energy_box,0.09703747928142548
499,layer4,xgrad_cam,Cardiomegaly,iou,0.12327851355075836
499,layer4,xgrad_cam,Cardiomegaly,distance,0.40713371806580134
499,layer3,grad_cam,Other lesion,pointing_game,0.0
499,layer3,grad_cam,Other lesion,energy_box,0.001218310440890491
499,layer3,grad_cam,Other lesion,iou,0.0
499,layer3,grad_cam,Other lesion,distance,1.9107432498661412
499,layer3,grad_cam_plus_plus,Other lesion,pointing_game,0.0
499,layer3,grad_cam_plus_plus,Other lesion,energy_box,0.017063142731785774
499,layer3,grad_cam_plus_plus,Other lesion,iou,0.002992204623296857
499,layer3,grad_cam_plus_plus,Other lesion,distance,1.5341060959042048
499,layer3,xgrad_cam,Other lesion,pointing_game,0.0
499,layer3,xgrad_cam,Other lesion,energy_box,0.0006441533332690597
499,layer3,xgrad_cam,Other lesion,iou,0.0
499,layer3,xgrad_cam,Other lesion,distance,1.9107432498661412
499,layer4,grad_cam,Other lesion,pointing_game,0.0
499,layer4,grad_cam,Other lesion,energy_box,0.0
499,layer4,grad_cam,Other lesion,iou,0.0
499,layer4,grad_cam,Other lesion,distance,1.5789750347168192
499,layer4,grad_cam_plus_plus,Other lesion,pointing_game,0.0
499,layer4,grad_cam_plus_plus,Other lesion,energy_box,0.032605621963739395
499,layer4,grad_cam_plus_plus,Other lesion,iou,0.06438089162111282
499,layer4,grad_cam_plus_plus,Other lesion,distance,0.7304566834574214
499,layer4,xgrad_cam,Other lesion,pointing_game,0.0
499,layer4,xgrad_cam,Other lesion,energy_box,0.0
499,layer4,xgrad_cam,Other lesion,iou,0.0
499,layer4,xgrad_cam,Other lesion,distance,1.5789750347168192
499,layer3,grad_cam,Pleural effusion,pointing_game,0.0
499,layer3,grad_cam,Pleural effusion,energy_box,0.006762983277440071
499,layer3,grad_cam,Pleural effusion,iou,0.0
499,layer3,grad_cam,Pleural effusion,distance,6.818725691114937
499,layer3,grad_cam_plus_plus,Pleural effusion,pointing_game,0.0
499,layer3,grad_cam_plus_plus,Pleural effusion,energy_box,0.0025579563807696104
499,layer3,grad_cam_plus_plus,Pleural effusion,iou,0.0037868001963943243
499,layer3,grad_cam_plus_plus,Pleural effusion,distance,5.7256877811825655
499,layer3,xgrad_cam,Pleural effusion,pointing_game,0.0
499,layer3,xgrad_cam,Pleural effusion,energy_box,0.02680600807070732
499,layer3,xgrad_cam,Pleural effusion,iou,0.022966507822275162
499,layer3,xgrad_cam,Pleural effusion,distance,6.887127980552382
499,layer4,grad_cam,Pleural effusion,pointing_game,0.0
499,layer4,grad_cam,Pleural effusion,energy_box,0.00034352540387772024
499,layer4,grad_cam,Pleural effusion,iou,0.0
499,layer4,grad_cam,Pleural effusion,distance,5.513565349033316
499,layer4,grad_cam_plus_plus,Pleural effusion,pointing_game,0.0
499,layer4,grad_cam_plus_plus,Pleural effusion,energy_box,0.001443389686755836
499,layer4,grad_cam_plus_plus,Pleural effusion,iou,0.0
499,layer4,grad_cam_plus_plus,Pleural effusion,distance,6.0367576054573835
499,layer4,xgrad_cam,Pleural effusion,pointing_game,0.0
499,layer4,xgrad_cam,Pleural effusion,energy_box,0.0003435224643908441
499,layer4,xgrad_cam,Pleural effusion,iou,0.0
499,layer4,xgrad_cam,Pleural effusion,distance,5.513565349033316
499,layer3,grad_cam,Pleural thickening,pointing_game,0.0
499,layer3,grad_cam,Pleural thickening,energy_box,0.01881597191095352
499,layer3,grad_cam,Pleural thickening,iou,0.0477386936545372
499,layer3,grad_cam,Pleural thickening,distance,4.121307683078893
499,layer3,grad_cam_plus_plus,Pleural thickening,pointing_game,0.0
499,layer3,grad_cam_plus_plus,Pleural thickening,energy_box,0.0026385150849819183
499,layer3,grad_cam_plus_plus,Pleural thickening,iou,0.004044361412525177
499,layer3,grad_cam_plus_plus,Pleural thickening,distance,2.756332446880047
499,layer3,xgrad_cam,Pleural thickening,pointing_game,0.0
499,layer3,xgrad_cam,Pleural thickening,energy_box,0.025025974959135056
499,layer3,xgrad_cam,Pleural thickening,iou,0.07287449389696121
499,layer3,xgrad_cam,Pleural thickening,distance,2.116007241148699
499,layer4,grad_cam,Pleural thickening,pointing_game,0.0
499,layer4,grad_cam,Pleural thickening,energy_box,0.01605548895895481
499,layer4,grad_cam,Pleural thickening,iou,0.024239109829068184
499,layer4,grad_cam,Pleural thickening,distance,2.895858995831278
499,layer4,grad_cam_plus_plus,Pleural thickening,pointing_game,0.0
499,layer4,grad_cam_plus_plus,Pleural thickening,energy_box,0.0028549423441290855
499,layer4,grad_cam_plus_plus,Pleural thickening,iou,0.0
499,layer4,grad_cam_plus_plus,Pleural thickening,distance,4.172747950941575
499,layer4,xgrad_cam,Pleural thickening,pointing_game,0.0
499,layer4,xgrad_cam,Pleural thickening,energy_box,0.01605549454689026
499,layer4,xgrad_cam,Pleural thickening,iou,0.024239109829068184
499,layer4,xgrad_cam,Pleural thickening,distance,2.895858995831278
